customer_id,customer_name,phone,email,gender,age,home_geo_id,home_city,signup_date,membership_tier
5001,Diya Gupta,6969290033,diya.gupta5001@swiggy.com,F,30,13,Bangalore,2024-06-26 00:00:00,NONE
5002,Vihaan Nair,7948229307,vihaan.nair5002@swiggy.com,M,34,15,Bangalore,2023-09-10 00:00:00,ONE_PLUS
5003,Aadhya Patel,7538114989,aadhya.patel5003@swiggy.com,M,18,20,Bangalore,2024-09-18 00:00:00,NONE
5004,Vivaan Bose,8818041319,vivaan.bose5004@swiggy.com,M,21,14,Bangalore,2025-10-21 00:00:00,NONE
5005,Kiran Singh,7971177568,kiran.singh5005@swiggy.com,M,35,14,Bangalore,2025-08-04 00:00:00,NONE
5006,Ira Reddy,6016310765,ira.reddy5006@swiggy.com,F,26,20,Bangalore,2025-03-29 00:00:00,NONE
5007,Meera Chowdhury,6151264373,meera.chowdhury5007@swiggy.com,M,24,17,Bangalore,2023-10-01 00:00:00,ONE_LITE
5008,Suresh Singh,9621327001,suresh.singh5008@swiggy.com,M,18,14,Bangalore,2024-08-08 00:00:00,ONE_LITE
5009,Nikhil Gowda,9211938017,nikhil.gowda5009@swiggy.com,M,28,13,Bangalore,2025-09-23 00:00:00,NONE
5010,Reyansh Das,7135849164,reyansh.das5010@swiggy.com,M,39,12,Bangalore,2024-12-12 00:00:00,ONE_LITE
5011,Rohit Patel,7636648968,rohit.patel5011@swiggy.com,F,37,15,Bangalore,2025-09-08 00:00:00,ONE
5012,Kiara Patel,8779488688,kiara.patel5012@swiggy.com,M,29,16,Bangalore,2025-05-14 00:00:00,ONE_LITE
5013,Anika Pillai,8754019652,anika.pillai5013@swiggy.com,F,31,11,Bangalore,2023-11-03 00:00:00,NONE
5014,Dhruv Jain,9036209118,dhruv.jain5014@swiggy.com,F,41,18,Bangalore,2023-10-16 00:00:00,ONE_LITE
5015,Sai Khan,8423668825,sai.khan5015@swiggy.com,F,36,15,Bangalore,2024-04-09 00:00:00,NONE
5016,Saanvi Das,7951813742,saanvi.das5016@swiggy.com,M,42,14,Bangalore,2025-01-20 00:00:00,NONE
5017,Rahul Das,6022713261,rahul.das5017@swiggy.com,F,18,13,Bangalore,2025-06-19 00:00:00,NONE
5018,Ananya Khan,7835957857,ananya.khan5018@swiggy.com,F,43,11,Bangalore,2025-01-01 00:00:00,ONE_LITE
5019,Akash Jain,6492638526,akash.jain5019@swiggy.com,M,32,11,Bangalore,2025-04-16 00:00:00,NONE
5020,Nikhil Iyer,8888180187,nikhil.iyer5020@swiggy.com,M,44,12,Bangalore,2025-07-24 00:00:00,ONE_LITE
5021,Neha Rao,6197526616,neha.rao5021@swiggy.com,M,21,12,Bangalore,2023-10-10 00:00:00,ONE_PLUS
5022,Rahul Khan,8913860992,rahul.khan5022@swiggy.com,M,29,20,Bangalore,2024-06-16 00:00:00,NONE
5023,Meera Pillai,6002222950,meera.pillai5023@swiggy.com,F,28,20,Bangalore,2024-05-17 00:00:00,NONE
5024,Ira Das,7563229182,ira.das5024@swiggy.com,F,33,19,Bangalore,2024-11-03 00:00:00,ONE_LITE
5025,Krishna Nair,7752643958,krishna.nair5025@swiggy.com,F,30,14,Bangalore,2024-03-08 00:00:00,ONE
5026,Dhruv Chowdhury,7091401668,dhruv.chowdhury5026@swiggy.com,F,45,11,Bangalore,2024-11-21 00:00:00,ONE
5027,Ira Gowda,8321664481,ira.gowda5027@swiggy.com,F,21,18,Bangalore,2025-06-11 00:00:00,NONE
5028,Aarav Iyer,8705039514,aarav.iyer5028@swiggy.com,F,25,11,Bangalore,2024-07-17 00:00:00,ONE
5029,Ananya Bose,8848556429,ananya.bose5029@swiggy.com,F,36,15,Bangalore,2024-06-21 00:00:00,NONE
5030,Diya Singh,6496888489,diya.singh5030@swiggy.com,M,34,14,Bangalore,2024-05-23 00:00:00,NONE
5031,Pooja Sharma,8487552430,pooja.sharma5031@swiggy.com,F,39,13,Bangalore,2024-05-08 00:00:00,ONE_LITE
5032,Ananya Singh,8916964053,ananya.singh5032@swiggy.com,F,34,13,Bangalore,2025-05-14 00:00:00,NONE
5033,Diya Naidu,7633287463,diya.naidu5033@swiggy.com,M,28,17,Bangalore,2025-06-25 00:00:00,NONE
5034,Vihaan Chowdhury,8370559975,vihaan.chowdhury5034@swiggy.com,F,26,20,Bangalore,2025-02-18 00:00:00,NONE
5035,Aarav Rao,6277089313,aarav.rao5035@swiggy.com,M,25,14,Bangalore,2025-06-10 00:00:00,ONE_LITE
5036,Aditya Shetty,7390080579,aditya.shetty5036@swiggy.com,F,31,14,Bangalore,2024-03-22 00:00:00,NONE
5037,Vivaan Shetty,6949928168,vivaan.shetty5037@swiggy.com,F,44,18,Bangalore,2024-10-04 00:00:00,ONE_LITE
5038,Krishna Nair,8076537492,krishna.nair5038@swiggy.com,F,23,19,Bangalore,2023-09-28 00:00:00,ONE_LITE
5039,Dhruv Chowdhury,8215694909,dhruv.chowdhury5039@swiggy.com,F,30,17,Bangalore,2025-11-04 00:00:00,NONE
5040,Anika Mehta,6908563660,anika.mehta5040@swiggy.com,F,18,11,Bangalore,2023-12-24 00:00:00,NONE
5041,Anika Patel,7149743877,anika.patel5041@swiggy.com,M,18,14,Bangalore,2025-09-02 00:00:00,NONE
5042,Dhruv Nair,9094604821,dhruv.nair5042@swiggy.com,M,37,19,Bangalore,2024-11-06 00:00:00,NONE
5043,Sneha Kulkarni,8254106265,sneha.kulkarni5043@swiggy.com,F,41,17,Bangalore,2024-12-29 00:00:00,NONE
5044,Sneha Naidu,8228614504,sneha.naidu5044@swiggy.com,F,32,16,Bangalore,2024-09-27 00:00:00,NONE
5045,Saanvi Sharma,7163002390,saanvi.sharma5045@swiggy.com,F,45,15,Bangalore,2024-02-09 00:00:00,NONE
5046,Aadhya Gowda,8699688168,aadhya.gowda5046@swiggy.com,M,29,11,Bangalore,2025-05-09 00:00:00,ONE_LITE
5047,Ishaan Reddy,8057606716,ishaan.reddy5047@swiggy.com,F,21,13,Bangalore,2024-09-28 00:00:00,NONE
5048,Arjun Desai,6656811869,arjun.desai5048@swiggy.com,M,29,17,Bangalore,2025-08-16 00:00:00,NONE
5049,Meera Gowda,8664800987,meera.gowda5049@swiggy.com,M,39,14,Bangalore,2025-10-06 00:00:00,ONE
5050,Vivaan Chowdhury,9804444916,vivaan.chowdhury5050@swiggy.com,M,25,16,Bangalore,2025-04-27 00:00:00,ONE_LITE
5051,Ishaan Khan,8292672676,ishaan.khan5051@swiggy.com,M,33,19,Bangalore,2024-04-03 00:00:00,ONE
5052,Akash Nair,8779434404,akash.nair5052@swiggy.com,M,29,19,Bangalore,2025-08-07 00:00:00,ONE
5053,Reyansh Patel,6236019318,reyansh.patel5053@swiggy.com,M,35,12,Bangalore,2023-12-23 00:00:00,NONE
5054,Suresh Nair,7391057672,suresh.nair5054@swiggy.com,M,28,12,Bangalore,2025-10-11 00:00:00,ONE
5055,Vihaan Gowda,7837017665,vihaan.gowda5055@swiggy.com,M,24,12,Bangalore,2024-11-08 00:00:00,ONE_LITE
5056,Sai Khan,8787940582,sai.khan5056@swiggy.com,F,33,14,Bangalore,2023-08-27 00:00:00,ONE
5057,Aadhya Iyer,6017586137,aadhya.iyer5057@swiggy.com,M,37,15,Bangalore,2025-06-30 00:00:00,NONE
5058,Reyansh Pillai,8885101059,reyansh.pillai5058@swiggy.com,M,32,16,Bangalore,2025-07-13 00:00:00,ONE_LITE
5059,Nikhil Iyer,9718630664,nikhil.iyer5059@swiggy.com,M,18,15,Bangalore,2023-10-01 00:00:00,ONE_LITE
5060,Kiran Naidu,6498540271,kiran.naidu5060@swiggy.com,M,46,12,Bangalore,2025-10-09 00:00:00,ONE_LITE
5061,Riya Gupta,7534554944,riya.gupta5061@swiggy.com,M,31,14,Bangalore,2023-11-19 00:00:00,NONE
5062,Ananya Das,7562177528,ananya.das5062@swiggy.com,F,35,12,Bangalore,2025-01-04 00:00:00,NONE
5063,Akash Pillai,6067612154,akash.pillai5063@swiggy.com,M,35,12,Bangalore,2024-12-29 00:00:00,NONE
5064,Dhruv Chowdhury,8219142105,dhruv.chowdhury5064@swiggy.com,M,18,11,Bangalore,2023-08-18 00:00:00,NONE
5065,Ishaan Gupta,8243159869,ishaan.gupta5065@swiggy.com,M,24,20,Bangalore,2024-08-29 00:00:00,ONE_LITE
5066,Saanvi Khan,9175781573,saanvi.khan5066@swiggy.com,F,34,17,Bangalore,2023-10-04 00:00:00,ONE
5067,Vivaan Rao,8720096342,vivaan.rao5067@swiggy.com,M,24,19,Bangalore,2025-03-16 00:00:00,ONE_LITE
5068,Nikhil Chowdhury,6735509779,nikhil.chowdhury5068@swiggy.com,M,32,17,Bangalore,2024-03-04 00:00:00,ONE
5069,Rahul Singh,9698346808,rahul.singh5069@swiggy.com,F,27,13,Bangalore,2024-01-20 00:00:00,NONE
5070,Ananya Khan,6787554297,ananya.khan5070@swiggy.com,F,31,11,Bangalore,2023-11-21 00:00:00,ONE
5071,Meera Shetty,9144617262,meera.shetty5071@swiggy.com,M,22,14,Bangalore,2023-07-19 00:00:00,ONE_LITE
5072,Aadhya Khan,9917781319,aadhya.khan5072@swiggy.com,F,40,12,Bangalore,2025-09-17 00:00:00,NONE
5073,Neha Naidu,6192985742,neha.naidu5073@swiggy.com,F,22,17,Bangalore,2024-02-05 00:00:00,ONE_PLUS
5074,Aditya Das,8218166364,aditya.das5074@swiggy.com,M,23,11,Bangalore,2024-08-20 00:00:00,NONE
5075,Ira Chowdhury,9188038632,ira.chowdhury5075@swiggy.com,M,42,16,Bangalore,2024-08-30 00:00:00,NONE
5076,Saanvi Jain,8655168496,saanvi.jain5076@swiggy.com,F,35,15,Bangalore,2025-11-07 00:00:00,ONE_LITE
5077,Aadhya Gowda,8212592150,aadhya.gowda5077@swiggy.com,M,31,14,Bangalore,2025-04-09 00:00:00,NONE
5078,Vivaan Nair,8496955522,vivaan.nair5078@swiggy.com,M,43,18,Bangalore,2025-09-24 00:00:00,ONE_LITE
5079,Reyansh Gupta,7694615025,reyansh.gupta5079@swiggy.com,F,57,16,Bangalore,2023-10-02 00:00:00,NONE
5080,Meera Chowdhury,6726901162,meera.chowdhury5080@swiggy.com,F,30,11,Bangalore,2024-11-16 00:00:00,ONE
5081,Krishna Kulkarni,9536912269,krishna.kulkarni5081@swiggy.com,F,31,14,Bangalore,2023-11-01 00:00:00,NONE
5082,Suresh Khan,8214526353,suresh.khan5082@swiggy.com,M,18,20,Bangalore,2023-10-11 00:00:00,ONE
5083,Riya Bose,7552509334,riya.bose5083@swiggy.com,M,33,19,Bangalore,2025-06-15 00:00:00,ONE
5084,Dhruv Naidu,8404342508,dhruv.naidu5084@swiggy.com,M,40,15,Bangalore,2024-10-10 00:00:00,NONE
5085,Vivaan Jain,9669241646,vivaan.jain5085@swiggy.com,F,38,19,Bangalore,2024-02-25 00:00:00,ONE_LITE
5086,Aarav Jain,6718148955,aarav.jain5086@swiggy.com,M,28,14,Bangalore,2024-06-23 00:00:00,NONE
5087,Saanvi Gowda,6035840574,saanvi.gowda5087@swiggy.com,F,31,12,Bangalore,2023-11-03 00:00:00,NONE
5088,Ira Shetty,8935052102,ira.shetty5088@swiggy.com,M,18,12,Bangalore,2025-04-08 00:00:00,ONE
5089,Ira Gowda,9540463659,ira.gowda5089@swiggy.com,M,33,19,Bangalore,2024-06-25 00:00:00,NONE
5090,Nikhil Jain,9957963775,nikhil.jain5090@swiggy.com,F,43,18,Bangalore,2025-06-17 00:00:00,ONE
5091,Aditya Sharma,7180242188,aditya.sharma5091@swiggy.com,F,18,19,Bangalore,2024-01-21 00:00:00,ONE_LITE
5092,Rohit Pillai,9746982402,rohit.pillai5092@swiggy.com,F,38,14,Bangalore,2025-10-16 00:00:00,ONE_LITE
5093,Saanvi Shetty,6436322335,saanvi.shetty5093@swiggy.com,M,19,11,Bangalore,2023-07-23 00:00:00,NONE
5094,Myra Pillai,9694384481,myra.pillai5094@swiggy.com,M,18,20,Bangalore,2025-09-08 00:00:00,NONE
5095,Krishna Chowdhury,6191519831,krishna.chowdhury5095@swiggy.com,F,41,13,Bangalore,2024-09-30 00:00:00,NONE
5096,Vihaan Reddy,7163146230,vihaan.reddy5096@swiggy.com,F,18,18,Bangalore,2024-06-26 00:00:00,ONE
5097,Sneha Gupta,7470920456,sneha.gupta5097@swiggy.com,M,21,12,Bangalore,2023-12-07 00:00:00,ONE_LITE
5098,Aditya Kulkarni,8176163394,aditya.kulkarni5098@swiggy.com,M,26,15,Bangalore,2025-04-16 00:00:00,NONE
5099,Sai Reddy,9477610102,sai.reddy5099@swiggy.com,F,46,14,Bangalore,2025-11-18 00:00:00,NONE
5100,Myra Reddy,7199539242,myra.reddy5100@swiggy.com,F,33,13,Bangalore,2025-02-15 00:00:00,ONE
5101,Riya Khan,8785866830,riya.khan5101@swiggy.com,F,35,11,Bangalore,2024-05-02 00:00:00,ONE
5102,Sai Nair,7232057904,sai.nair5102@swiggy.com,M,29,20,Bangalore,2025-04-10 00:00:00,ONE_LITE
5103,Krishna Desai,6179454071,krishna.desai5103@swiggy.com,F,27,16,Bangalore,2024-06-13 00:00:00,ONE_LITE
5104,Saanvi Gowda,8225541504,saanvi.gowda5104@swiggy.com,M,36,20,Bangalore,2024-04-16 00:00:00,ONE_LITE
5105,Myra Singh,7280698885,myra.singh5105@swiggy.com,M,42,11,Bangalore,2025-08-22 00:00:00,NONE
5106,Krishna Das,6309751020,krishna.das5106@swiggy.com,F,30,16,Bangalore,2024-08-16 00:00:00,NONE
5107,Vihaan Gowda,6764362985,vihaan.gowda5107@swiggy.com,M,22,19,Bangalore,2024-01-31 00:00:00,NONE
5108,Ananya Reddy,8819508506,ananya.reddy5108@swiggy.com,M,30,19,Bangalore,2024-07-03 00:00:00,ONE_LITE
5109,Anika Das,9721852521,anika.das5109@swiggy.com,F,26,19,Bangalore,2025-07-15 00:00:00,NONE
5110,Diya Khan,7898481385,diya.khan5110@swiggy.com,F,30,16,Bangalore,2023-10-07 00:00:00,ONE_LITE
5111,Dhruv Singh,7977633437,dhruv.singh5111@swiggy.com,M,45,16,Bangalore,2023-10-05 00:00:00,ONE_LITE
5112,Aadhya Reddy,6962150862,aadhya.reddy5112@swiggy.com,F,38,19,Bangalore,2025-04-07 00:00:00,NONE
5113,Arjun Bose,6560899116,arjun.bose5113@swiggy.com,F,34,15,Bangalore,2025-03-18 00:00:00,ONE
5114,Aarav Khan,8661557769,aarav.khan5114@swiggy.com,F,36,18,Bangalore,2024-01-25 00:00:00,ONE_LITE
5115,Vivaan Desai,8081751087,vivaan.desai5115@swiggy.com,F,20,17,Bangalore,2025-10-27 00:00:00,ONE
5116,Rohit Rao,7115164971,rohit.rao5116@swiggy.com,M,18,18,Bangalore,2024-07-30 00:00:00,ONE
5117,Ananya Singh,8856077264,ananya.singh5117@swiggy.com,F,25,18,Bangalore,2024-05-17 00:00:00,ONE_LITE
5118,Sai Gupta,9764850081,sai.gupta5118@swiggy.com,M,37,15,Bangalore,2023-07-29 00:00:00,NONE
5119,Ananya Kulkarni,8776400991,ananya.kulkarni5119@swiggy.com,M,43,18,Bangalore,2025-01-25 00:00:00,NONE
5120,Sneha Nair,8520364625,sneha.nair5120@swiggy.com,M,18,14,Bangalore,2025-04-17 00:00:00,ONE
5121,Suresh Iyer,8969658430,suresh.iyer5121@swiggy.com,F,36,14,Bangalore,2024-01-03 00:00:00,NONE
5122,Riya Singh,8526095923,riya.singh5122@swiggy.com,F,32,19,Bangalore,2024-06-14 00:00:00,NONE
5123,Reyansh Mehta,6888080846,reyansh.mehta5123@swiggy.com,F,28,18,Bangalore,2023-10-18 00:00:00,NONE
5124,Pooja Singh,8252821034,pooja.singh5124@swiggy.com,M,22,11,Bangalore,2023-09-04 00:00:00,NONE
5125,Kiran Sharma,6198615353,kiran.sharma5125@swiggy.com,F,35,13,Bangalore,2023-09-03 00:00:00,NONE
5126,Ira Naidu,7233595212,ira.naidu5126@swiggy.com,M,43,12,Bangalore,2024-06-12 00:00:00,NONE
5127,Vivaan Bose,8717512925,vivaan.bose5127@swiggy.com,F,22,15,Bangalore,2024-04-07 00:00:00,ONE_PLUS
5128,Vihaan Reddy,7938960564,vihaan.reddy5128@swiggy.com,F,23,11,Bangalore,2025-03-15 00:00:00,ONE_LITE
5129,Diya Singh,7647971369,diya.singh5129@swiggy.com,F,39,13,Bangalore,2024-05-12 00:00:00,NONE
5130,Myra Patel,6543813122,myra.patel5130@swiggy.com,M,41,12,Bangalore,2025-11-04 00:00:00,NONE
5131,Dhruv Naidu,9193959730,dhruv.naidu5131@swiggy.com,F,22,17,Bangalore,2023-12-31 00:00:00,ONE
5132,Ishaan Mehta,7488313636,ishaan.mehta5132@swiggy.com,M,25,14,Bangalore,2025-01-25 00:00:00,NONE
5133,Varun Das,9198994747,varun.das5133@swiggy.com,F,24,18,Bangalore,2024-05-14 00:00:00,ONE_LITE
5134,Reyansh Gowda,7907953099,reyansh.gowda5134@swiggy.com,M,28,15,Bangalore,2025-09-30 00:00:00,ONE
5135,Aadhya Desai,6379616111,aadhya.desai5135@swiggy.com,F,29,12,Bangalore,2025-08-31 00:00:00,ONE_PLUS
5136,Nikhil Jain,6492123719,nikhil.jain5136@swiggy.com,M,24,19,Bangalore,2025-11-16 00:00:00,NONE
5137,Rohit Shetty,6261927066,rohit.shetty5137@swiggy.com,F,21,19,Bangalore,2024-10-28 00:00:00,ONE_PLUS
5138,Ananya Iyer,7818070448,ananya.iyer5138@swiggy.com,F,34,19,Bangalore,2023-07-15 00:00:00,ONE_LITE
5139,Sai Khan,6963941375,sai.khan5139@swiggy.com,F,25,19,Bangalore,2025-01-05 00:00:00,NONE
5140,Krishna Chowdhury,7050080264,krishna.chowdhury5140@swiggy.com,F,23,18,Bangalore,2023-10-03 00:00:00,NONE
5141,Kiara Nair,9639225420,kiara.nair5141@swiggy.com,M,28,17,Bangalore,2024-07-22 00:00:00,ONE_LITE
5142,Rahul Mehta,6390446252,rahul.mehta5142@swiggy.com,M,18,18,Bangalore,2023-08-08 00:00:00,NONE
5143,Aditya Shetty,6738551706,aditya.shetty5143@swiggy.com,M,26,15,Bangalore,2025-01-15 00:00:00,ONE
5144,Sai Desai,9195933747,sai.desai5144@swiggy.com,M,18,14,Bangalore,2024-12-23 00:00:00,NONE
5145,Saanvi Desai,6099759410,saanvi.desai5145@swiggy.com,F,27,11,Bangalore,2025-02-07 00:00:00,ONE
5146,Krishna Pillai,6005033968,krishna.pillai5146@swiggy.com,M,24,12,Bangalore,2024-10-22 00:00:00,ONE_PLUS
5147,Aarav Sharma,7405156263,aarav.sharma5147@swiggy.com,F,29,18,Bangalore,2024-05-07 00:00:00,ONE_LITE
5148,Neha Patel,7226741177,neha.patel5148@swiggy.com,M,33,19,Bangalore,2025-01-12 00:00:00,NONE
5149,Ananya Singh,6783523126,ananya.singh5149@swiggy.com,F,42,14,Bangalore,2024-04-21 00:00:00,ONE
5150,Varun Pillai,6255156535,varun.pillai5150@swiggy.com,F,35,12,Bangalore,2024-08-07 00:00:00,ONE_LITE
5151,Varun Rao,8458358757,varun.rao5151@swiggy.com,F,18,20,Bangalore,2024-10-30 00:00:00,ONE
5152,Ira Das,7198266558,ira.das5152@swiggy.com,M,31,20,Bangalore,2024-01-23 00:00:00,ONE_LITE
5153,Aarav Patel,9310296891,aarav.patel5153@swiggy.com,F,33,15,Bangalore,2024-06-12 00:00:00,NONE
5154,Arjun Sharma,7538345053,arjun.sharma5154@swiggy.com,F,31,11,Bangalore,2025-06-20 00:00:00,NONE
5155,Suresh Rao,8965490743,suresh.rao5155@swiggy.com,F,32,17,Bangalore,2025-06-03 00:00:00,NONE
5156,Akash Gowda,9846140677,akash.gowda5156@swiggy.com,M,23,16,Bangalore,2025-11-23 00:00:00,ONE
5157,Neha Kulkarni,6776672746,neha.kulkarni5157@swiggy.com,F,20,11,Bangalore,2024-03-14 00:00:00,ONE_PLUS
5158,Kiran Kulkarni,7790572070,kiran.kulkarni5158@swiggy.com,F,21,14,Bangalore,2024-10-14 00:00:00,ONE
5159,Sai Shetty,9394666895,sai.shetty5159@swiggy.com,M,22,13,Bangalore,2024-08-09 00:00:00,NONE
5160,Ishaan Jain,9633341737,ishaan.jain5160@swiggy.com,M,30,18,Bangalore,2025-03-24 00:00:00,NONE
5161,Reyansh Naidu,6998584132,reyansh.naidu5161@swiggy.com,F,23,17,Bangalore,2025-07-08 00:00:00,NONE
5162,Riya Iyer,8180124686,riya.iyer5162@swiggy.com,F,33,19,Bangalore,2024-02-24 00:00:00,ONE
5163,Riya Gupta,9242831520,riya.gupta5163@swiggy.com,M,18,17,Bangalore,2025-11-06 00:00:00,ONE
5164,Ananya Jain,6307817654,ananya.jain5164@swiggy.com,F,20,20,Bangalore,2025-03-09 00:00:00,ONE
5165,Neha Nair,6721628795,neha.nair5165@swiggy.com,F,21,16,Bangalore,2025-11-06 00:00:00,ONE
5166,Ishaan Mehta,6396738285,ishaan.mehta5166@swiggy.com,F,32,14,Bangalore,2025-08-12 00:00:00,NONE
5167,Arjun Das,7061903766,arjun.das5167@swiggy.com,M,39,14,Bangalore,2023-12-20 00:00:00,NONE
5168,Riya Sharma,8867399508,riya.sharma5168@swiggy.com,M,38,15,Bangalore,2024-12-21 00:00:00,NONE
5169,Ira Pillai,9373316431,ira.pillai5169@swiggy.com,M,24,14,Bangalore,2025-02-10 00:00:00,NONE
5170,Sai Gupta,7895941739,sai.gupta5170@swiggy.com,F,39,17,Bangalore,2024-07-19 00:00:00,ONE
5171,Ira Nair,6792761597,ira.nair5171@swiggy.com,M,18,14,Bangalore,2024-05-15 00:00:00,ONE_LITE
5172,Rohit Gupta,9395881495,rohit.gupta5172@swiggy.com,F,37,19,Bangalore,2024-03-09 00:00:00,NONE
5173,Kiran Mehta,8693404981,kiran.mehta5173@swiggy.com,F,30,16,Bangalore,2025-03-22 00:00:00,NONE
5174,Diya Desai,8697793697,diya.desai5174@swiggy.com,F,33,18,Bangalore,2025-01-07 00:00:00,NONE
5175,Aarav Reddy,7699830087,aarav.reddy5175@swiggy.com,F,31,17,Bangalore,2025-07-29 00:00:00,NONE
5176,Vivaan Gowda,6124444883,vivaan.gowda5176@swiggy.com,F,22,16,Bangalore,2025-11-24 00:00:00,ONE_LITE
5177,Suresh Kulkarni,7087241791,suresh.kulkarni5177@swiggy.com,M,22,14,Bangalore,2023-10-08 00:00:00,NONE
5178,Anika Patel,7687435263,anika.patel5178@swiggy.com,M,31,16,Bangalore,2024-05-23 00:00:00,NONE
5179,Vihaan Nair,9715552555,vihaan.nair5179@swiggy.com,M,36,14,Bangalore,2023-10-28 00:00:00,NONE
5180,Vihaan Singh,8427158565,vihaan.singh5180@swiggy.com,M,29,20,Bangalore,2025-01-21 00:00:00,ONE_LITE
5181,Dhruv Gupta,9611019786,dhruv.gupta5181@swiggy.com,F,32,14,Bangalore,2025-08-20 00:00:00,NONE
5182,Rohit Das,9558236598,rohit.das5182@swiggy.com,F,41,15,Bangalore,2025-06-15 00:00:00,NONE
5183,Ananya Sharma,6001119575,ananya.sharma5183@swiggy.com,F,36,19,Bangalore,2023-10-23 00:00:00,ONE_LITE
5184,Kiran Iyer,6639647188,kiran.iyer5184@swiggy.com,M,18,19,Bangalore,2024-01-08 00:00:00,ONE_LITE
5185,Akash Mehta,7930573537,akash.mehta5185@swiggy.com,M,26,14,Bangalore,2024-06-03 00:00:00,ONE_LITE
5186,Pooja Iyer,6729636319,pooja.iyer5186@swiggy.com,F,21,12,Bangalore,2024-01-01 00:00:00,ONE_LITE
5187,Sneha Iyer,8081856883,sneha.iyer5187@swiggy.com,F,42,15,Bangalore,2024-12-20 00:00:00,NONE
5188,Akash Desai,6800444363,akash.desai5188@swiggy.com,M,33,20,Bangalore,2025-08-13 00:00:00,ONE
5189,Suresh Sharma,6290599221,suresh.sharma5189@swiggy.com,F,32,17,Bangalore,2025-02-02 00:00:00,NONE
5190,Varun Shetty,6712155149,varun.shetty5190@swiggy.com,M,24,13,Bangalore,2024-07-01 00:00:00,ONE_PLUS
5191,Sneha Gowda,6127736463,sneha.gowda5191@swiggy.com,F,22,15,Bangalore,2023-08-20 00:00:00,ONE
5192,Ishaan Gupta,6351271950,ishaan.gupta5192@swiggy.com,M,36,12,Bangalore,2023-10-18 00:00:00,NONE
5193,Diya Bose,7343576168,diya.bose5193@swiggy.com,F,18,18,Bangalore,2025-08-05 00:00:00,ONE
5194,Neha Rao,6543648007,neha.rao5194@swiggy.com,F,41,15,Bangalore,2024-02-04 00:00:00,NONE
5195,Ira Singh,6916846859,ira.singh5195@swiggy.com,F,36,17,Bangalore,2025-05-19 00:00:00,ONE_LITE
5196,Sai Singh,8334557406,sai.singh5196@swiggy.com,F,34,18,Bangalore,2024-02-24 00:00:00,ONE_LITE
5197,Sneha Khan,8738258993,sneha.khan5197@swiggy.com,F,19,19,Bangalore,2024-03-31 00:00:00,NONE
5198,Vihaan Desai,6485926960,vihaan.desai5198@swiggy.com,M,45,15,Bangalore,2024-07-11 00:00:00,NONE
5199,Varun Rao,6805189208,varun.rao5199@swiggy.com,M,31,11,Bangalore,2024-03-09 00:00:00,NONE
5200,Arjun Gowda,8814546071,arjun.gowda5200@swiggy.com,F,18,14,Bangalore,2024-11-22 00:00:00,NONE
5201,Reyansh Kulkarni,8148648527,reyansh.kulkarni5201@swiggy.com,F,26,19,Bangalore,2024-09-12 00:00:00,NONE
5202,Rahul Shetty,8497503240,rahul.shetty5202@swiggy.com,F,22,15,Bangalore,2024-12-09 00:00:00,NONE
5203,Nikhil Pillai,6980156034,nikhil.pillai5203@swiggy.com,M,18,17,Bangalore,2023-07-19 00:00:00,ONE
5204,Akash Nair,7054784917,akash.nair5204@swiggy.com,F,35,14,Bangalore,2025-04-03 00:00:00,ONE_PLUS
5205,Akash Das,8174593904,akash.das5205@swiggy.com,F,35,19,Bangalore,2025-05-31 00:00:00,ONE_LITE
5206,Akash Chowdhury,9984592151,akash.chowdhury5206@swiggy.com,F,37,15,Bangalore,2024-05-25 00:00:00,ONE_LITE
5207,Krishna Patel,6728814662,krishna.patel5207@swiggy.com,F,33,18,Bangalore,2024-07-19 00:00:00,ONE_LITE
5208,Rohit Pillai,6113726303,rohit.pillai5208@swiggy.com,M,38,18,Bangalore,2024-05-19 00:00:00,ONE_LITE
5209,Suresh Bose,7242066559,suresh.bose5209@swiggy.com,M,18,11,Bangalore,2023-08-03 00:00:00,NONE
5210,Kiran Jain,9469163855,kiran.jain5210@swiggy.com,F,33,16,Bangalore,2025-05-16 00:00:00,ONE_PLUS
5211,Pooja Chowdhury,9648951855,pooja.chowdhury5211@swiggy.com,M,33,13,Bangalore,2025-07-09 00:00:00,ONE
5212,Krishna Jain,6496723725,krishna.jain5212@swiggy.com,M,40,11,Bangalore,2025-04-22 00:00:00,ONE_LITE
5213,Reyansh Bose,9646526876,reyansh.bose5213@swiggy.com,F,37,15,Bangalore,2024-12-13 00:00:00,NONE
5214,Suresh Patel,6847646798,suresh.patel5214@swiggy.com,F,31,12,Bangalore,2023-12-07 00:00:00,ONE
5215,Diya Khan,8914998544,diya.khan5215@swiggy.com,F,25,16,Bangalore,2024-11-06 00:00:00,ONE_LITE
5216,Meera Mehta,8559446256,meera.mehta5216@swiggy.com,M,36,14,Bangalore,2025-10-25 00:00:00,NONE
5217,Neha Khan,6610832007,neha.khan5217@swiggy.com,M,18,15,Bangalore,2024-09-21 00:00:00,NONE
5218,Sai Shetty,6616216525,sai.shetty5218@swiggy.com,F,23,12,Bangalore,2023-11-07 00:00:00,ONE
5219,Ira Kulkarni,9139580606,ira.kulkarni5219@swiggy.com,F,18,13,Bangalore,2024-02-06 00:00:00,ONE_PLUS
5220,Rohit Pillai,9541919582,rohit.pillai5220@swiggy.com,M,26,13,Bangalore,2025-08-16 00:00:00,NONE
5221,Suresh Gowda,6706031851,suresh.gowda5221@swiggy.com,O,35,14,Bangalore,2024-12-30 00:00:00,NONE
5222,Dhruv Desai,6168203434,dhruv.desai5222@swiggy.com,M,22,16,Bangalore,2024-05-11 00:00:00,NONE
5223,Ananya Jain,9857607184,ananya.jain5223@swiggy.com,M,30,12,Bangalore,2023-10-19 00:00:00,NONE
5224,Sai Khan,7741346142,sai.khan5224@swiggy.com,F,21,13,Bangalore,2024-04-14 00:00:00,NONE
5225,Suresh Nair,6820067746,suresh.nair5225@swiggy.com,F,18,18,Bangalore,2024-10-20 00:00:00,ONE_LITE
5226,Anika Gowda,7150919909,anika.gowda5226@swiggy.com,F,18,17,Bangalore,2024-10-29 00:00:00,NONE
5227,Aadhya Naidu,9731671099,aadhya.naidu5227@swiggy.com,M,36,18,Bangalore,2024-11-01 00:00:00,NONE
5228,Pooja Iyer,7621973535,pooja.iyer5228@swiggy.com,M,34,19,Bangalore,2024-06-05 00:00:00,ONE
5229,Suresh Rao,7065381840,suresh.rao5229@swiggy.com,M,21,11,Bangalore,2025-11-01 00:00:00,ONE_LITE
5230,Myra Mehta,9590636984,myra.mehta5230@swiggy.com,F,43,17,Bangalore,2024-07-10 00:00:00,NONE
5231,Sneha Das,8945593887,sneha.das5231@swiggy.com,M,30,15,Bangalore,2025-07-22 00:00:00,ONE_LITE
5232,Sai Rao,8581772134,sai.rao5232@swiggy.com,F,25,16,Bangalore,2024-08-16 00:00:00,ONE
5233,Neha Khan,9184754544,neha.khan5233@swiggy.com,M,42,13,Bangalore,2023-08-24 00:00:00,ONE_PLUS
5234,Reyansh Iyer,9242650594,reyansh.iyer5234@swiggy.com,M,32,17,Bangalore,2023-10-06 00:00:00,NONE
5235,Arjun Naidu,9866657822,arjun.naidu5235@swiggy.com,F,38,14,Bangalore,2023-10-01 00:00:00,ONE_LITE
5236,Pooja Sharma,6427440428,pooja.sharma5236@swiggy.com,F,37,13,Bangalore,2023-10-24 00:00:00,ONE
5237,Ishaan Gowda,8465292968,ishaan.gowda5237@swiggy.com,M,30,18,Bangalore,2025-11-02 00:00:00,NONE
5238,Aarav Pillai,8239992989,aarav.pillai5238@swiggy.com,M,22,16,Bangalore,2025-04-17 00:00:00,NONE
5239,Aditya Pillai,8801825033,aditya.pillai5239@swiggy.com,F,33,16,Bangalore,2025-09-11 00:00:00,NONE
5240,Reyansh Desai,7437928009,reyansh.desai5240@swiggy.com,M,18,14,Bangalore,2024-08-25 00:00:00,NONE
5241,Kiara Jain,8433868480,kiara.jain5241@swiggy.com,F,35,18,Bangalore,2024-12-23 00:00:00,ONE_LITE
5242,Reyansh Nair,6338624990,reyansh.nair5242@swiggy.com,M,36,20,Bangalore,2025-06-26 00:00:00,ONE
5243,Vihaan Rao,9941359426,vihaan.rao5243@swiggy.com,M,33,14,Bangalore,2025-01-05 00:00:00,ONE
5244,Aditya Gupta,7119483872,aditya.gupta5244@swiggy.com,M,18,18,Bangalore,2024-10-19 00:00:00,NONE
5245,Sai Rao,8264778565,sai.rao5245@swiggy.com,F,18,16,Bangalore,2025-01-27 00:00:00,NONE
5246,Vivaan Iyer,7859614973,vivaan.iyer5246@swiggy.com,M,33,13,Bangalore,2024-01-21 00:00:00,NONE
5247,Varun Gowda,6593308035,varun.gowda5247@swiggy.com,F,27,20,Bangalore,2023-11-10 00:00:00,NONE
5248,Vihaan Iyer,7903318666,vihaan.iyer5248@swiggy.com,M,26,17,Bangalore,2024-11-30 00:00:00,NONE
5249,Diya Reddy,7467476140,diya.reddy5249@swiggy.com,F,30,11,Bangalore,2024-09-28 00:00:00,NONE
5250,Suresh Gupta,9994268419,suresh.gupta5250@swiggy.com,M,18,15,Bangalore,2023-11-08 00:00:00,ONE_LITE
5251,Anika Patel,9668648003,anika.patel5251@swiggy.com,F,42,14,Bangalore,2024-09-21 00:00:00,ONE_LITE
5252,Rohit Gowda,9405081338,rohit.gowda5252@swiggy.com,F,27,11,Bangalore,2023-12-24 00:00:00,NONE
5253,Riya Gupta,7584010799,riya.gupta5253@swiggy.com,F,31,11,Bangalore,2025-11-07 00:00:00,ONE_LITE
5254,Rahul Patel,6959031622,rahul.patel5254@swiggy.com,F,31,16,Bangalore,2025-11-13 00:00:00,ONE_LITE
5255,Rohit Jain,8621717961,rohit.jain5255@swiggy.com,F,34,16,Bangalore,2024-12-08 00:00:00,NONE
5256,Ananya Chowdhury,8203019870,ananya.chowdhury5256@swiggy.com,M,25,11,Bangalore,2025-07-06 00:00:00,NONE
5257,Rahul Singh,7298065107,rahul.singh5257@swiggy.com,F,30,15,Bangalore,2023-08-09 00:00:00,ONE_LITE
5258,Neha Pillai,6435391612,neha.pillai5258@swiggy.com,F,43,19,Bangalore,2025-11-14 00:00:00,NONE
5259,Dhruv Khan,6000761730,dhruv.khan5259@swiggy.com,F,28,18,Bangalore,2024-06-21 00:00:00,NONE
5260,Saanvi Kulkarni,9432990973,saanvi.kulkarni5260@swiggy.com,M,37,17,Bangalore,2025-04-24 00:00:00,NONE
5261,Nikhil Mehta,7649483802,nikhil.mehta5261@swiggy.com,M,42,18,Bangalore,2024-05-07 00:00:00,ONE_LITE
5262,Ira Reddy,8429461815,ira.reddy5262@swiggy.com,M,30,13,Bangalore,2023-08-24 00:00:00,NONE
5263,Sai Gowda,7707380756,sai.gowda5263@swiggy.com,M,36,11,Bangalore,2025-07-17 00:00:00,ONE
5264,Anika Bose,6348533839,anika.bose5264@swiggy.com,F,43,15,Bangalore,2025-11-16 00:00:00,NONE
5265,Aditya Rao,9282815271,aditya.rao5265@swiggy.com,F,38,19,Bangalore,2024-01-22 00:00:00,NONE
5266,Suresh Gupta,8178200071,suresh.gupta5266@swiggy.com,M,39,19,Bangalore,2025-02-01 00:00:00,ONE
5267,Aarav Gupta,9756584117,aarav.gupta5267@swiggy.com,F,46,16,Bangalore,2024-11-08 00:00:00,NONE
5268,Vivaan Reddy,8332544187,vivaan.reddy5268@swiggy.com,M,25,16,Bangalore,2025-06-24 00:00:00,ONE_LITE
5269,Kiara Singh,7342396142,kiara.singh5269@swiggy.com,F,21,15,Bangalore,2025-03-25 00:00:00,ONE
5270,Anika Singh,6796342439,anika.singh5270@swiggy.com,M,33,11,Bangalore,2023-11-05 00:00:00,NONE
5271,Meera Iyer,8901093390,meera.iyer5271@swiggy.com,M,34,15,Bangalore,2024-05-14 00:00:00,NONE
5272,Aditya Mehta,9155639372,aditya.mehta5272@swiggy.com,M,40,15,Bangalore,2025-03-18 00:00:00,ONE_LITE
5273,Kiara Bose,7875276578,kiara.bose5273@swiggy.com,M,19,18,Bangalore,2025-08-14 00:00:00,ONE
5274,Rohit Khan,9153070202,rohit.khan5274@swiggy.com,M,35,16,Bangalore,2024-10-02 00:00:00,NONE
5275,Kiran Desai,9835454081,kiran.desai5275@swiggy.com,F,37,19,Bangalore,2023-07-12 00:00:00,NONE
5276,Myra Reddy,8677585276,myra.reddy5276@swiggy.com,M,24,12,Bangalore,2024-06-15 00:00:00,NONE
5277,Reyansh Reddy,8705695262,reyansh.reddy5277@swiggy.com,M,38,16,Bangalore,2024-03-05 00:00:00,ONE_PLUS
5278,Arjun Jain,7414316618,arjun.jain5278@swiggy.com,M,37,17,Bangalore,2025-07-01 00:00:00,NONE
5279,Rohit Desai,9912629648,rohit.desai5279@swiggy.com,F,25,14,Bangalore,2024-12-16 00:00:00,NONE
5280,Reyansh Jain,6022072270,reyansh.jain5280@swiggy.com,M,50,20,Bangalore,2024-03-24 00:00:00,ONE
5281,Aarav Gowda,9631590797,aarav.gowda5281@swiggy.com,F,32,18,Bangalore,2025-01-17 00:00:00,ONE
5282,Ira Mehta,9811965589,ira.mehta5282@swiggy.com,F,33,12,Bangalore,2025-11-01 00:00:00,NONE
5283,Nikhil Pillai,9236368261,nikhil.pillai5283@swiggy.com,F,39,11,Bangalore,2025-09-25 00:00:00,NONE
5284,Riya Das,9462571776,riya.das5284@swiggy.com,F,37,13,Bangalore,2025-07-03 00:00:00,NONE
5285,Aditya Pillai,6451764374,aditya.pillai5285@swiggy.com,F,29,13,Bangalore,2023-12-24 00:00:00,ONE
5286,Dhruv Pillai,6258635418,dhruv.pillai5286@swiggy.com,M,18,16,Bangalore,2024-04-08 00:00:00,NONE
5287,Kiara Gowda,6625170426,kiara.gowda5287@swiggy.com,M,25,12,Bangalore,2023-10-01 00:00:00,NONE
5288,Myra Naidu,6742871436,myra.naidu5288@swiggy.com,F,24,18,Bangalore,2025-03-05 00:00:00,NONE
5289,Diya Mehta,9430989597,diya.mehta5289@swiggy.com,M,49,20,Bangalore,2025-04-14 00:00:00,NONE
5290,Rahul Bose,7747269139,rahul.bose5290@swiggy.com,M,35,18,Bangalore,2025-01-17 00:00:00,ONE
5291,Arjun Khan,9262031827,arjun.khan5291@swiggy.com,F,28,12,Bangalore,2023-11-16 00:00:00,NONE
5292,Ishaan Mehta,8510579671,ishaan.mehta5292@swiggy.com,M,29,12,Bangalore,2025-03-15 00:00:00,NONE
5293,Aditya Sharma,8273397619,aditya.sharma5293@swiggy.com,M,26,11,Bangalore,2024-12-05 00:00:00,ONE_PLUS
5294,Anika Mehta,8538810047,anika.mehta5294@swiggy.com,M,30,14,Bangalore,2025-02-11 00:00:00,NONE
5295,Riya Singh,6229186283,riya.singh5295@swiggy.com,F,36,12,Bangalore,2025-02-19 00:00:00,NONE
5296,Dhruv Iyer,6949916064,dhruv.iyer5296@swiggy.com,F,29,13,Bangalore,2025-04-09 00:00:00,NONE
5297,Sai Mehta,7836078485,sai.mehta5297@swiggy.com,M,26,11,Bangalore,2024-11-19 00:00:00,ONE
5298,Akash Reddy,8408293176,akash.reddy5298@swiggy.com,M,27,19,Bangalore,2025-02-05 00:00:00,NONE
5299,Saanvi Patel,6987364832,saanvi.patel5299@swiggy.com,M,21,20,Bangalore,2023-08-02 00:00:00,NONE
5300,Diya Jain,6630733749,diya.jain5300@swiggy.com,F,30,19,Bangalore,2024-05-21 00:00:00,NONE
5301,Ishaan Nair,6865859407,ishaan.nair5301@swiggy.com,M,28,19,Bangalore,2024-12-04 00:00:00,ONE
5302,Ira Khan,7711216640,ira.khan5302@swiggy.com,M,24,14,Bangalore,2023-12-04 00:00:00,NONE
5303,Dhruv Singh,8856825602,dhruv.singh5303@swiggy.com,M,50,15,Bangalore,2025-01-04 00:00:00,ONE_LITE
5304,Pooja Singh,9493063042,pooja.singh5304@swiggy.com,M,23,14,Bangalore,2025-04-10 00:00:00,NONE
5305,Krishna Reddy,7447093730,krishna.reddy5305@swiggy.com,M,23,11,Bangalore,2024-03-26 00:00:00,ONE_PLUS
5306,Meera Das,8340583422,meera.das5306@swiggy.com,M,39,15,Bangalore,2025-06-22 00:00:00,NONE
5307,Nikhil Chowdhury,8367731225,nikhil.chowdhury5307@swiggy.com,M,37,12,Bangalore,2025-03-23 00:00:00,NONE
5308,Diya Patel,6465275003,diya.patel5308@swiggy.com,M,27,11,Bangalore,2023-07-13 00:00:00,ONE_LITE
5309,Ananya Gowda,7071024484,ananya.gowda5309@swiggy.com,F,22,12,Bangalore,2025-11-25 00:00:00,ONE_LITE
5310,Neha Khan,8570101276,neha.khan5310@swiggy.com,M,34,11,Bangalore,2024-07-23 00:00:00,ONE
5311,Diya Pillai,7859982668,diya.pillai5311@swiggy.com,F,30,12,Bangalore,2023-12-26 00:00:00,NONE
5312,Diya Jain,6664160851,diya.jain5312@swiggy.com,F,18,14,Bangalore,2024-01-10 00:00:00,NONE
5313,Sneha Gupta,8134341631,sneha.gupta5313@swiggy.com,F,22,13,Bangalore,2023-12-29 00:00:00,NONE
5314,Rahul Iyer,6144884497,rahul.iyer5314@swiggy.com,M,21,16,Bangalore,2025-10-30 00:00:00,ONE
5315,Akash Chowdhury,6185292400,akash.chowdhury5315@swiggy.com,F,47,18,Bangalore,2024-05-17 00:00:00,ONE_LITE
5316,Arjun Gowda,7459339572,arjun.gowda5316@swiggy.com,F,30,17,Bangalore,2025-04-24 00:00:00,NONE
5317,Rahul Reddy,6758430588,rahul.reddy5317@swiggy.com,M,30,18,Bangalore,2023-08-17 00:00:00,NONE
5318,Krishna Pillai,9080907626,krishna.pillai5318@swiggy.com,F,22,11,Bangalore,2025-03-09 00:00:00,ONE_LITE
5319,Meera Kulkarni,7733290793,meera.kulkarni5319@swiggy.com,F,29,15,Bangalore,2023-12-24 00:00:00,ONE_LITE
5320,Aarav Patel,8136517567,aarav.patel5320@swiggy.com,F,36,18,Bangalore,2024-10-24 00:00:00,ONE_LITE
5321,Reyansh Das,8742739076,reyansh.das5321@swiggy.com,F,32,16,Bangalore,2025-06-27 00:00:00,NONE
5322,Riya Khan,7755752729,riya.khan5322@swiggy.com,F,18,11,Bangalore,2025-09-18 00:00:00,ONE_LITE
5323,Kiran Mehta,8315611451,kiran.mehta5323@swiggy.com,M,19,16,Bangalore,2024-07-07 00:00:00,ONE
5324,Suresh Chowdhury,8101371604,suresh.chowdhury5324@swiggy.com,F,44,14,Bangalore,2023-11-03 00:00:00,NONE
5325,Vivaan Iyer,8183807287,vivaan.iyer5325@swiggy.com,F,28,16,Bangalore,2024-03-27 00:00:00,ONE
5326,Arjun Jain,8708655889,arjun.jain5326@swiggy.com,F,34,19,Bangalore,2025-07-04 00:00:00,NONE
5327,Sneha Khan,6263531618,sneha.khan5327@swiggy.com,O,46,14,Bangalore,2024-03-29 00:00:00,ONE_LITE
5328,Vihaan Jain,8837898484,vihaan.jain5328@swiggy.com,M,26,20,Bangalore,2024-03-11 00:00:00,ONE
5329,Saanvi Sharma,8445752128,saanvi.sharma5329@swiggy.com,F,21,13,Bangalore,2025-11-13 00:00:00,ONE
5330,Varun Shetty,6994770524,varun.shetty5330@swiggy.com,F,28,12,Bangalore,2024-12-09 00:00:00,NONE
5331,Aadhya Naidu,9520081894,aadhya.naidu5331@swiggy.com,M,21,20,Bangalore,2025-11-10 00:00:00,ONE
5332,Sneha Rao,8990189489,sneha.rao5332@swiggy.com,F,26,13,Bangalore,2024-12-31 00:00:00,ONE_LITE
5333,Vivaan Desai,8267094986,vivaan.desai5333@swiggy.com,F,22,16,Bangalore,2025-01-23 00:00:00,ONE_LITE
5334,Aadhya Sharma,6967105390,aadhya.sharma5334@swiggy.com,F,31,19,Bangalore,2023-11-07 00:00:00,ONE_LITE
5335,Varun Iyer,7428572919,varun.iyer5335@swiggy.com,F,35,13,Bangalore,2023-12-01 00:00:00,ONE_LITE
5336,Aadhya Shetty,7808465438,aadhya.shetty5336@swiggy.com,F,36,17,Bangalore,2025-09-20 00:00:00,ONE
5337,Rahul Sharma,9841890446,rahul.sharma5337@swiggy.com,M,43,15,Bangalore,2024-08-07 00:00:00,ONE_LITE
5338,Dhruv Pillai,9991584032,dhruv.pillai5338@swiggy.com,M,28,18,Bangalore,2023-12-26 00:00:00,NONE
5339,Suresh Reddy,6474334578,suresh.reddy5339@swiggy.com,F,18,11,Bangalore,2024-08-09 00:00:00,NONE
5340,Aditya Patel,8735190757,aditya.patel5340@swiggy.com,F,30,19,Bangalore,2025-03-20 00:00:00,NONE
5341,Arjun Mehta,7206420286,arjun.mehta5341@swiggy.com,M,36,12,Bangalore,2024-09-11 00:00:00,NONE
5342,Kiara Kulkarni,8178194259,kiara.kulkarni5342@swiggy.com,F,47,20,Bangalore,2024-07-29 00:00:00,NONE
5343,Vihaan Nair,7259015317,vihaan.nair5343@swiggy.com,F,24,12,Bangalore,2024-04-30 00:00:00,NONE
5344,Kiara Nair,9438816629,kiara.nair5344@swiggy.com,F,25,20,Bangalore,2024-12-20 00:00:00,ONE
5345,Neha Das,8702853112,neha.das5345@swiggy.com,M,34,13,Bangalore,2025-10-07 00:00:00,NONE
5346,Ananya Rao,7889139211,ananya.rao5346@swiggy.com,F,35,18,Bangalore,2024-06-19 00:00:00,NONE
5347,Aarav Kulkarni,9638005668,aarav.kulkarni5347@swiggy.com,M,29,17,Bangalore,2025-06-03 00:00:00,NONE
5348,Sai Das,7644423133,sai.das5348@swiggy.com,M,27,20,Bangalore,2025-01-27 00:00:00,NONE
5349,Arjun Patel,6518735815,arjun.patel5349@swiggy.com,M,28,18,Bangalore,2025-03-10 00:00:00,NONE
5350,Ananya Jain,9438586365,ananya.jain5350@swiggy.com,M,26,11,Bangalore,2025-03-16 00:00:00,ONE
5351,Ira Nair,9968840027,ira.nair5351@swiggy.com,M,44,17,Bangalore,2023-09-01 00:00:00,ONE_LITE
5352,Neha Reddy,9451013448,neha.reddy5352@swiggy.com,M,18,19,Bangalore,2024-03-16 00:00:00,ONE_PLUS
5353,Vihaan Das,8381229394,vihaan.das5353@swiggy.com,F,18,16,Bangalore,2025-05-21 00:00:00,NONE
5354,Myra Chowdhury,9776654398,myra.chowdhury5354@swiggy.com,F,18,16,Bangalore,2025-01-18 00:00:00,ONE_LITE
5355,Arjun Kulkarni,9421179777,arjun.kulkarni5355@swiggy.com,F,29,12,Bangalore,2025-01-17 00:00:00,ONE_LITE
5356,Vihaan Mehta,7122712607,vihaan.mehta5356@swiggy.com,F,45,11,Bangalore,2025-11-16 00:00:00,NONE
5357,Krishna Bose,7220463462,krishna.bose5357@swiggy.com,M,41,18,Bangalore,2024-04-04 00:00:00,NONE
5358,Rahul Jain,9622058793,rahul.jain5358@swiggy.com,F,29,16,Bangalore,2025-08-07 00:00:00,NONE
5359,Suresh Sharma,6208748412,suresh.sharma5359@swiggy.com,M,31,18,Bangalore,2025-06-29 00:00:00,NONE
5360,Meera Naidu,6200300072,meera.naidu5360@swiggy.com,O,26,17,Bangalore,2024-11-25 00:00:00,NONE
5361,Anika Jain,8362724337,anika.jain5361@swiggy.com,M,40,18,Bangalore,2023-08-20 00:00:00,NONE
5362,Kiara Khan,8180881809,kiara.khan5362@swiggy.com,F,32,17,Bangalore,2024-03-01 00:00:00,NONE
5363,Myra Singh,9085849154,myra.singh5363@swiggy.com,F,18,20,Bangalore,2025-09-02 00:00:00,NONE
5364,Rahul Pillai,6841747273,rahul.pillai5364@swiggy.com,O,25,19,Bangalore,2024-12-25 00:00:00,ONE_PLUS
5365,Diya Desai,6298883961,diya.desai5365@swiggy.com,M,59,16,Bangalore,2023-07-23 00:00:00,ONE_LITE
5366,Krishna Naidu,9500163224,krishna.naidu5366@swiggy.com,F,36,19,Bangalore,2025-09-12 00:00:00,NONE
5367,Sai Nair,7046989012,sai.nair5367@swiggy.com,F,24,14,Bangalore,2024-12-30 00:00:00,NONE
5368,Saanvi Mehta,9924370105,saanvi.mehta5368@swiggy.com,F,33,16,Bangalore,2025-07-04 00:00:00,ONE_LITE
5369,Ananya Patel,8721542499,ananya.patel5369@swiggy.com,M,18,13,Bangalore,2024-09-21 00:00:00,ONE_LITE
5370,Aadhya Patel,9268908817,aadhya.patel5370@swiggy.com,F,37,11,Bangalore,2024-03-24 00:00:00,NONE
5371,Aadhya Pillai,7730958691,aadhya.pillai5371@swiggy.com,M,33,17,Bangalore,2025-08-18 00:00:00,ONE_LITE
5372,Ananya Chowdhury,8997144190,ananya.chowdhury5372@swiggy.com,F,30,12,Bangalore,2024-05-03 00:00:00,NONE
5373,Suresh Pillai,9253917928,suresh.pillai5373@swiggy.com,F,21,18,Bangalore,2025-07-30 00:00:00,ONE_LITE
5374,Myra Gupta,9457142856,myra.gupta5374@swiggy.com,M,20,12,Bangalore,2024-05-02 00:00:00,ONE
5375,Ananya Patel,8449768364,ananya.patel5375@swiggy.com,F,32,17,Bangalore,2024-05-13 00:00:00,NONE
5376,Rohit Gowda,9806111099,rohit.gowda5376@swiggy.com,F,27,15,Bangalore,2025-06-16 00:00:00,ONE_LITE
5377,Dhruv Reddy,7746944531,dhruv.reddy5377@swiggy.com,M,41,18,Bangalore,2025-10-24 00:00:00,ONE
5378,Aarav Naidu,9428700694,aarav.naidu5378@swiggy.com,F,24,18,Bangalore,2023-11-13 00:00:00,NONE
5379,Kiara Iyer,9841394890,kiara.iyer5379@swiggy.com,M,33,20,Bangalore,2025-01-08 00:00:00,ONE_LITE
5380,Pooja Sharma,6235675678,pooja.sharma5380@swiggy.com,F,24,17,Bangalore,2024-10-30 00:00:00,ONE
5381,Arjun Mehta,7026548249,arjun.mehta5381@swiggy.com,M,18,15,Bangalore,2024-01-16 00:00:00,NONE
5382,Vihaan Shetty,6318499213,vihaan.shetty5382@swiggy.com,F,19,15,Bangalore,2025-01-08 00:00:00,NONE
5383,Reyansh Iyer,6899019955,reyansh.iyer5383@swiggy.com,M,33,16,Bangalore,2023-07-23 00:00:00,ONE
5384,Diya Gupta,7396464403,diya.gupta5384@swiggy.com,F,26,11,Bangalore,2023-07-14 00:00:00,ONE_LITE
5385,Pooja Pillai,8463813186,pooja.pillai5385@swiggy.com,M,50,17,Bangalore,2024-06-29 00:00:00,NONE
5386,Ananya Naidu,7021983945,ananya.naidu5386@swiggy.com,F,37,11,Bangalore,2025-11-11 00:00:00,NONE
5387,Rahul Jain,9729524374,rahul.jain5387@swiggy.com,M,22,12,Bangalore,2025-09-22 00:00:00,NONE
5388,Nikhil Nair,8441910416,nikhil.nair5388@swiggy.com,M,47,13,Bangalore,2025-09-18 00:00:00,ONE_LITE
5389,Ishaan Das,7966428517,ishaan.das5389@swiggy.com,M,26,20,Bangalore,2023-09-12 00:00:00,NONE
5390,Pooja Desai,8286652596,pooja.desai5390@swiggy.com,F,29,14,Bangalore,2024-02-16 00:00:00,ONE_LITE
5391,Vivaan Rao,7507683317,vivaan.rao5391@swiggy.com,M,27,15,Bangalore,2024-10-23 00:00:00,NONE
5392,Kiran Sharma,7437801735,kiran.sharma5392@swiggy.com,M,21,17,Bangalore,2023-10-19 00:00:00,ONE_LITE
5393,Kiara Bose,8273095718,kiara.bose5393@swiggy.com,M,26,17,Bangalore,2024-11-09 00:00:00,ONE_LITE
5394,Riya Jain,9587416456,riya.jain5394@swiggy.com,F,23,15,Bangalore,2024-04-02 00:00:00,ONE_LITE
5395,Myra Iyer,7008232561,myra.iyer5395@swiggy.com,M,40,13,Bangalore,2024-07-06 00:00:00,NONE
5396,Ira Patel,7432393866,ira.patel5396@swiggy.com,F,34,18,Bangalore,2025-03-31 00:00:00,NONE
5397,Suresh Chowdhury,9578625617,suresh.chowdhury5397@swiggy.com,M,41,12,Bangalore,2025-08-06 00:00:00,NONE
5398,Arjun Patel,7534157796,arjun.patel5398@swiggy.com,F,26,12,Bangalore,2024-01-31 00:00:00,ONE_LITE
5399,Myra Das,9148607994,myra.das5399@swiggy.com,M,41,15,Bangalore,2025-06-29 00:00:00,NONE
5400,Rahul Khan,6276867986,rahul.khan5400@swiggy.com,F,23,12,Bangalore,2024-03-24 00:00:00,NONE
5401,Reyansh Das,8575371571,reyansh.das5401@swiggy.com,M,22,14,Bangalore,2024-10-06 00:00:00,NONE
5402,Sai Kulkarni,7074092743,sai.kulkarni5402@swiggy.com,F,21,18,Bangalore,2025-07-23 00:00:00,NONE
5403,Vivaan Reddy,6570848572,vivaan.reddy5403@swiggy.com,M,29,15,Bangalore,2024-09-23 00:00:00,NONE
5404,Arjun Kulkarni,7922833401,arjun.kulkarni5404@swiggy.com,F,38,20,Bangalore,2023-12-21 00:00:00,NONE
5405,Riya Rao,6230783834,riya.rao5405@swiggy.com,M,49,11,Bangalore,2024-01-16 00:00:00,ONE
5406,Arjun Gupta,8368162964,arjun.gupta5406@swiggy.com,F,20,18,Bangalore,2025-03-02 00:00:00,NONE
5407,Ananya Shetty,6885425361,ananya.shetty5407@swiggy.com,F,22,14,Bangalore,2024-08-12 00:00:00,ONE_PLUS
5408,Meera Gowda,8243832557,meera.gowda5408@swiggy.com,M,23,15,Bangalore,2024-11-04 00:00:00,ONE_PLUS
5409,Nikhil Naidu,7184587140,nikhil.naidu5409@swiggy.com,F,21,18,Bangalore,2025-06-25 00:00:00,NONE
5410,Riya Chowdhury,9603203662,riya.chowdhury5410@swiggy.com,M,21,17,Bangalore,2025-04-09 00:00:00,ONE
5411,Vivaan Singh,7573948498,vivaan.singh5411@swiggy.com,M,21,17,Bangalore,2025-10-04 00:00:00,NONE
5412,Myra Desai,9127344912,myra.desai5412@swiggy.com,F,32,13,Bangalore,2025-10-26 00:00:00,NONE
5413,Sai Jain,9021068973,sai.jain5413@swiggy.com,M,24,11,Bangalore,2025-07-10 00:00:00,ONE
5414,Reyansh Das,6268292580,reyansh.das5414@swiggy.com,M,36,12,Bangalore,2025-07-04 00:00:00,ONE_LITE
5415,Kiara Rao,8409692389,kiara.rao5415@swiggy.com,F,24,20,Bangalore,2024-11-09 00:00:00,NONE
5416,Vivaan Desai,6152455284,vivaan.desai5416@swiggy.com,F,25,14,Bangalore,2025-10-21 00:00:00,NONE
5417,Arjun Gowda,6976043502,arjun.gowda5417@swiggy.com,M,29,12,Bangalore,2024-09-25 00:00:00,NONE
5418,Kiran Khan,8381041693,kiran.khan5418@swiggy.com,M,27,13,Bangalore,2024-02-01 00:00:00,NONE
5419,Akash Nair,6914530423,akash.nair5419@swiggy.com,M,36,18,Bangalore,2025-01-18 00:00:00,NONE
5420,Varun Gowda,6857046249,varun.gowda5420@swiggy.com,M,38,20,Bangalore,2024-08-22 00:00:00,ONE
5421,Rahul Khan,8423756811,rahul.khan5421@swiggy.com,M,18,18,Bangalore,2024-03-05 00:00:00,ONE_PLUS
5422,Sai Patel,9390824625,sai.patel5422@swiggy.com,F,26,14,Bangalore,2025-01-07 00:00:00,NONE
5423,Ishaan Khan,9246621766,ishaan.khan5423@swiggy.com,O,23,20,Bangalore,2023-11-15 00:00:00,ONE_LITE
5424,Reyansh Gowda,8480241998,reyansh.gowda5424@swiggy.com,O,50,13,Bangalore,2023-10-27 00:00:00,NONE
5425,Ishaan Reddy,9487096761,ishaan.reddy5425@swiggy.com,F,40,12,Bangalore,2025-11-21 00:00:00,ONE_LITE
5426,Akash Pillai,9402951616,akash.pillai5426@swiggy.com,M,18,12,Bangalore,2024-06-05 00:00:00,ONE
5427,Vihaan Shetty,9382257097,vihaan.shetty5427@swiggy.com,M,27,20,Bangalore,2023-08-21 00:00:00,NONE
5428,Aditya Kulkarni,9634835062,aditya.kulkarni5428@swiggy.com,M,25,15,Bangalore,2024-01-12 00:00:00,NONE
5429,Ishaan Shetty,8822176727,ishaan.shetty5429@swiggy.com,F,34,12,Bangalore,2024-12-16 00:00:00,NONE
5430,Reyansh Singh,8747815754,reyansh.singh5430@swiggy.com,M,44,17,Bangalore,2025-03-24 00:00:00,NONE
5431,Rohit Rao,8041203590,rohit.rao5431@swiggy.com,M,38,13,Bangalore,2024-08-30 00:00:00,NONE
5432,Aadhya Mehta,9428993949,aadhya.mehta5432@swiggy.com,F,24,13,Bangalore,2024-01-17 00:00:00,NONE
5433,Saanvi Singh,7711163321,saanvi.singh5433@swiggy.com,F,32,18,Bangalore,2025-07-01 00:00:00,NONE
5434,Aarav Reddy,9730919251,aarav.reddy5434@swiggy.com,F,18,20,Bangalore,2025-05-11 00:00:00,ONE
5435,Neha Mehta,8393407804,neha.mehta5435@swiggy.com,F,31,19,Bangalore,2025-04-12 00:00:00,NONE
5436,Vivaan Mehta,7034938044,vivaan.mehta5436@swiggy.com,F,35,16,Bangalore,2024-05-14 00:00:00,NONE
5437,Kiran Khan,9015929158,kiran.khan5437@swiggy.com,F,18,20,Bangalore,2025-06-25 00:00:00,NONE
5438,Nikhil Sharma,6361658079,nikhil.sharma5438@swiggy.com,M,33,16,Bangalore,2024-12-27 00:00:00,NONE
5439,Aarav Sharma,9083599409,aarav.sharma5439@swiggy.com,M,36,15,Bangalore,2025-02-26 00:00:00,ONE
5440,Reyansh Gowda,6316814466,reyansh.gowda5440@swiggy.com,M,29,17,Bangalore,2023-07-31 00:00:00,NONE
5441,Kiara Das,6548228348,kiara.das5441@swiggy.com,M,36,13,Bangalore,2023-12-17 00:00:00,ONE_LITE
5442,Arjun Naidu,8737606420,arjun.naidu5442@swiggy.com,M,31,16,Bangalore,2024-07-30 00:00:00,NONE
5443,Kiara Patel,9073402326,kiara.patel5443@swiggy.com,F,35,18,Bangalore,2025-01-05 00:00:00,NONE
5444,Kiara Sharma,9106194609,kiara.sharma5444@swiggy.com,F,26,19,Bangalore,2025-02-26 00:00:00,NONE
5445,Kiran Iyer,6582181651,kiran.iyer5445@swiggy.com,F,41,20,Bangalore,2024-10-30 00:00:00,ONE_LITE
5446,Pooja Desai,6211218092,pooja.desai5446@swiggy.com,M,24,16,Bangalore,2023-11-21 00:00:00,NONE
5447,Suresh Chowdhury,8196802256,suresh.chowdhury5447@swiggy.com,F,30,17,Bangalore,2024-02-28 00:00:00,NONE
5448,Ira Iyer,7747154077,ira.iyer5448@swiggy.com,M,44,11,Bangalore,2023-11-22 00:00:00,ONE_LITE
5449,Dhruv Pillai,7442425761,dhruv.pillai5449@swiggy.com,F,25,20,Bangalore,2023-08-04 00:00:00,ONE
5450,Vihaan Chowdhury,8840911567,vihaan.chowdhury5450@swiggy.com,F,48,18,Bangalore,2025-10-18 00:00:00,ONE_PLUS
5451,Reyansh Iyer,9978446889,reyansh.iyer5451@swiggy.com,M,40,15,Bangalore,2025-03-25 00:00:00,ONE_LITE
5452,Arjun Patel,6996151049,arjun.patel5452@swiggy.com,M,47,16,Bangalore,2025-09-26 00:00:00,NONE
5453,Aditya Pillai,9530781923,aditya.pillai5453@swiggy.com,F,18,19,Bangalore,2024-10-05 00:00:00,NONE
5454,Suresh Desai,8517973404,suresh.desai5454@swiggy.com,F,25,20,Bangalore,2024-03-19 00:00:00,ONE
5455,Arjun Reddy,8885864848,arjun.reddy5455@swiggy.com,M,32,15,Bangalore,2023-07-11 00:00:00,NONE
5456,Diya Reddy,9702821913,diya.reddy5456@swiggy.com,F,34,12,Bangalore,2025-10-15 00:00:00,NONE
5457,Krishna Singh,7387301430,krishna.singh5457@swiggy.com,F,18,15,Bangalore,2025-04-12 00:00:00,NONE
5458,Sneha Nair,8913991996,sneha.nair5458@swiggy.com,F,21,13,Bangalore,2025-09-06 00:00:00,NONE
5459,Kiran Pillai,7247755675,kiran.pillai5459@swiggy.com,M,19,13,Bangalore,2025-02-15 00:00:00,ONE
5460,Aarav Desai,9304609848,aarav.desai5460@swiggy.com,F,27,20,Bangalore,2025-09-07 00:00:00,NONE
5461,Kiran Kulkarni,7703961712,kiran.kulkarni5461@swiggy.com,F,18,16,Bangalore,2025-05-07 00:00:00,NONE
5462,Reyansh Naidu,7637397690,reyansh.naidu5462@swiggy.com,M,31,16,Bangalore,2025-03-29 00:00:00,NONE
5463,Pooja Chowdhury,6164452814,pooja.chowdhury5463@swiggy.com,F,19,17,Bangalore,2025-03-03 00:00:00,NONE
5464,Diya Jain,8994765401,diya.jain5464@swiggy.com,M,28,20,Bangalore,2024-01-30 00:00:00,ONE_LITE
5465,Anika Gowda,8803497763,anika.gowda5465@swiggy.com,M,40,17,Bangalore,2024-11-06 00:00:00,ONE_LITE
5466,Pooja Pillai,9881383775,pooja.pillai5466@swiggy.com,M,28,19,Bangalore,2025-05-29 00:00:00,ONE_LITE
5467,Meera Shetty,6141260309,meera.shetty5467@swiggy.com,F,30,18,Bangalore,2024-02-03 00:00:00,NONE
5468,Ishaan Iyer,6307209063,ishaan.iyer5468@swiggy.com,F,26,20,Bangalore,2024-10-12 00:00:00,ONE_LITE
5469,Ira Reddy,6194823040,ira.reddy5469@swiggy.com,F,38,12,Bangalore,2024-07-24 00:00:00,ONE
5470,Rohit Pillai,6874516627,rohit.pillai5470@swiggy.com,M,34,13,Bangalore,2025-10-14 00:00:00,ONE_LITE
5471,Arjun Naidu,6612381496,arjun.naidu5471@swiggy.com,F,26,12,Bangalore,2023-09-05 00:00:00,NONE
5472,Vivaan Gowda,8904136282,vivaan.gowda5472@swiggy.com,F,35,16,Bangalore,2023-10-19 00:00:00,NONE
5473,Dhruv Reddy,6212848816,dhruv.reddy5473@swiggy.com,M,34,19,Bangalore,2023-07-22 00:00:00,ONE_LITE
5474,Saanvi Jain,7905921402,saanvi.jain5474@swiggy.com,F,36,13,Bangalore,2024-06-23 00:00:00,NONE
5475,Vihaan Bose,9997502263,vihaan.bose5475@swiggy.com,F,25,13,Bangalore,2023-09-05 00:00:00,NONE
5476,Aditya Naidu,6421639804,aditya.naidu5476@swiggy.com,M,28,16,Bangalore,2023-10-31 00:00:00,NONE
5477,Neha Mehta,6234275582,neha.mehta5477@swiggy.com,F,36,20,Bangalore,2025-10-29 00:00:00,ONE_LITE
5478,Aadhya Khan,8362098966,aadhya.khan5478@swiggy.com,F,33,18,Bangalore,2024-08-14 00:00:00,NONE
5479,Rahul Jain,8917837782,rahul.jain5479@swiggy.com,F,51,14,Bangalore,2025-06-07 00:00:00,ONE
5480,Aarav Shetty,7940945832,aarav.shetty5480@swiggy.com,M,31,19,Bangalore,2024-03-03 00:00:00,ONE_LITE
5481,Aadhya Das,6763539331,aadhya.das5481@swiggy.com,F,46,15,Bangalore,2024-05-11 00:00:00,ONE
5482,Vihaan Patel,8439299476,vihaan.patel5482@swiggy.com,F,27,11,Bangalore,2023-11-01 00:00:00,ONE_LITE
5483,Dhruv Desai,6712029650,dhruv.desai5483@swiggy.com,F,23,16,Bangalore,2024-12-18 00:00:00,NONE
5484,Aarav Gowda,7165135206,aarav.gowda5484@swiggy.com,F,29,15,Bangalore,2025-01-09 00:00:00,ONE
5485,Vihaan Bose,9367761336,vihaan.bose5485@swiggy.com,M,33,12,Bangalore,2024-01-10 00:00:00,ONE
5486,Suresh Chowdhury,9077935732,suresh.chowdhury5486@swiggy.com,F,26,11,Bangalore,2024-02-02 00:00:00,ONE
5487,Ananya Das,7814568983,ananya.das5487@swiggy.com,F,28,15,Bangalore,2024-11-27 00:00:00,NONE
5488,Arjun Sharma,7063015644,arjun.sharma5488@swiggy.com,M,38,18,Bangalore,2025-07-14 00:00:00,NONE
5489,Suresh Patel,8054243376,suresh.patel5489@swiggy.com,F,43,18,Bangalore,2024-09-10 00:00:00,NONE
5490,Ishaan Patel,8894048219,ishaan.patel5490@swiggy.com,F,34,15,Bangalore,2023-11-18 00:00:00,NONE
5491,Meera Nair,8850458764,meera.nair5491@swiggy.com,F,18,14,Bangalore,2023-10-08 00:00:00,ONE_LITE
5492,Ishaan Rao,8492775384,ishaan.rao5492@swiggy.com,F,42,20,Bangalore,2023-09-29 00:00:00,NONE
5493,Anika Jain,6695264236,anika.jain5493@swiggy.com,M,35,14,Bangalore,2024-06-09 00:00:00,NONE
5494,Vihaan Shetty,8824183336,vihaan.shetty5494@swiggy.com,M,32,15,Bangalore,2025-09-02 00:00:00,ONE
5495,Nikhil Jain,6373040870,nikhil.jain5495@swiggy.com,M,22,11,Bangalore,2024-10-17 00:00:00,NONE
5496,Suresh Sharma,7854092714,suresh.sharma5496@swiggy.com,F,27,16,Bangalore,2024-07-14 00:00:00,ONE_PLUS
5497,Saanvi Nair,7414278603,saanvi.nair5497@swiggy.com,M,45,14,Bangalore,2024-11-22 00:00:00,NONE
5498,Saanvi Rao,7805465619,saanvi.rao5498@swiggy.com,F,51,18,Bangalore,2025-09-05 00:00:00,NONE
5499,Vihaan Das,9002272391,vihaan.das5499@swiggy.com,M,31,16,Bangalore,2023-07-15 00:00:00,NONE
5500,Rohit Singh,9776096730,rohit.singh5500@swiggy.com,M,23,11,Bangalore,2024-09-27 00:00:00,NONE
5501,Krishna Jain,9347101120,krishna.jain5501@swiggy.com,F,26,18,Bangalore,2024-02-15 00:00:00,NONE
5502,Neha Chowdhury,9150983191,neha.chowdhury5502@swiggy.com,M,23,15,Bangalore,2025-03-26 00:00:00,NONE
5503,Ira Reddy,9994843738,ira.reddy5503@swiggy.com,M,30,13,Bangalore,2023-11-16 00:00:00,NONE
5504,Rohit Jain,8738255898,rohit.jain5504@swiggy.com,M,24,20,Bangalore,2024-02-16 00:00:00,NONE
5505,Aadhya Gupta,6331382521,aadhya.gupta5505@swiggy.com,F,37,19,Bangalore,2025-07-04 00:00:00,NONE
5506,Aadhya Rao,9380324106,aadhya.rao5506@swiggy.com,F,35,16,Bangalore,2025-08-15 00:00:00,ONE
5507,Vihaan Pillai,7648051632,vihaan.pillai5507@swiggy.com,F,19,15,Bangalore,2025-01-20 00:00:00,ONE
5508,Dhruv Rao,6326773274,dhruv.rao5508@swiggy.com,O,25,14,Bangalore,2024-11-23 00:00:00,ONE_LITE
5509,Ira Bose,8797892061,ira.bose5509@swiggy.com,F,18,13,Bangalore,2025-11-26 00:00:00,NONE
5510,Diya Patel,6827394813,diya.patel5510@swiggy.com,M,28,20,Bangalore,2024-07-27 00:00:00,NONE
5511,Meera Chowdhury,7055500903,meera.chowdhury5511@swiggy.com,F,32,15,Bangalore,2024-12-05 00:00:00,NONE
5512,Vivaan Reddy,9607527202,vivaan.reddy5512@swiggy.com,M,27,20,Bangalore,2024-01-01 00:00:00,NONE
5513,Rohit Reddy,6688994850,rohit.reddy5513@swiggy.com,M,28,11,Bangalore,2024-09-20 00:00:00,ONE_LITE
5514,Vivaan Desai,8612372826,vivaan.desai5514@swiggy.com,M,25,15,Bangalore,2025-01-10 00:00:00,ONE_LITE
5515,Sai Naidu,7457236135,sai.naidu5515@swiggy.com,F,34,18,Bangalore,2025-02-03 00:00:00,ONE_LITE
5516,Sai Iyer,8708278671,sai.iyer5516@swiggy.com,M,32,14,Bangalore,2025-03-27 00:00:00,NONE
5517,Ishaan Kulkarni,6152428355,ishaan.kulkarni5517@swiggy.com,M,39,18,Bangalore,2025-06-03 00:00:00,NONE
5518,Aadhya Kulkarni,8999662375,aadhya.kulkarni5518@swiggy.com,F,23,13,Bangalore,2025-03-19 00:00:00,ONE_LITE
5519,Kiara Gupta,7394846084,kiara.gupta5519@swiggy.com,F,24,15,Bangalore,2024-06-19 00:00:00,ONE
5520,Meera Das,6303013772,meera.das5520@swiggy.com,F,46,12,Bangalore,2025-09-29 00:00:00,ONE_PLUS
5521,Myra Patel,7809327811,myra.patel5521@swiggy.com,M,34,11,Bangalore,2024-08-02 00:00:00,NONE
5522,Reyansh Bose,6757608845,reyansh.bose5522@swiggy.com,M,31,14,Bangalore,2023-12-02 00:00:00,NONE
5523,Kiara Kulkarni,9615618485,kiara.kulkarni5523@swiggy.com,F,22,16,Bangalore,2024-01-10 00:00:00,ONE
5524,Vivaan Khan,8295127716,vivaan.khan5524@swiggy.com,M,18,17,Bangalore,2023-09-02 00:00:00,ONE_LITE
5525,Meera Das,9329887065,meera.das5525@swiggy.com,M,24,11,Bangalore,2025-09-20 00:00:00,ONE
5526,Sneha Patel,7044294019,sneha.patel5526@swiggy.com,F,26,17,Bangalore,2025-09-18 00:00:00,NONE
5527,Rohit Das,7319044158,rohit.das5527@swiggy.com,F,43,18,Bangalore,2025-01-24 00:00:00,NONE
5528,Meera Gupta,7503750053,meera.gupta5528@swiggy.com,M,19,14,Bangalore,2023-11-02 00:00:00,NONE
5529,Vihaan Rao,9280118364,vihaan.rao5529@swiggy.com,F,36,16,Bangalore,2025-07-28 00:00:00,ONE_LITE
5530,Vihaan Sharma,9439166902,vihaan.sharma5530@swiggy.com,M,37,12,Bangalore,2023-11-10 00:00:00,ONE_LITE
5531,Akash Desai,6602821016,akash.desai5531@swiggy.com,F,29,20,Bangalore,2024-06-20 00:00:00,ONE
5532,Anika Gupta,9631035037,anika.gupta5532@swiggy.com,F,27,14,Bangalore,2023-10-02 00:00:00,ONE_LITE
5533,Nikhil Bose,9936655284,nikhil.bose5533@swiggy.com,F,22,18,Bangalore,2023-09-25 00:00:00,ONE_LITE
5534,Vivaan Nair,8635208696,vivaan.nair5534@swiggy.com,F,24,13,Bangalore,2024-05-23 00:00:00,NONE
5535,Aditya Iyer,7783572181,aditya.iyer5535@swiggy.com,M,25,12,Bangalore,2025-04-19 00:00:00,ONE_LITE
5536,Kiran Pillai,8571038463,kiran.pillai5536@swiggy.com,F,31,13,Bangalore,2025-08-22 00:00:00,NONE
5537,Krishna Shetty,9153821622,krishna.shetty5537@swiggy.com,F,32,15,Bangalore,2025-03-18 00:00:00,NONE
5538,Sai Sharma,6561070556,sai.sharma5538@swiggy.com,M,32,20,Bangalore,2025-05-24 00:00:00,NONE
5539,Suresh Sharma,9491994209,suresh.sharma5539@swiggy.com,F,23,15,Bangalore,2023-11-10 00:00:00,ONE_LITE
5540,Kiara Desai,9392248502,kiara.desai5540@swiggy.com,F,36,18,Bangalore,2025-04-19 00:00:00,NONE
5541,Dhruv Das,9434750597,dhruv.das5541@swiggy.com,M,32,11,Bangalore,2024-03-07 00:00:00,ONE_LITE
5542,Neha Reddy,9325708991,neha.reddy5542@swiggy.com,M,24,12,Bangalore,2025-04-09 00:00:00,NONE
5543,Akash Khan,6173549925,akash.khan5543@swiggy.com,M,18,13,Bangalore,2023-12-28 00:00:00,NONE
5544,Vivaan Rao,9694317786,vivaan.rao5544@swiggy.com,M,40,19,Bangalore,2025-01-08 00:00:00,NONE
5545,Varun Reddy,9110011122,varun.reddy5545@swiggy.com,F,31,16,Bangalore,2024-02-19 00:00:00,NONE
5546,Aadhya Chowdhury,8188731580,aadhya.chowdhury5546@swiggy.com,M,21,12,Bangalore,2024-02-21 00:00:00,NONE
5547,Anika Kulkarni,9386723020,anika.kulkarni5547@swiggy.com,M,26,20,Bangalore,2024-05-21 00:00:00,NONE
5548,Vihaan Mehta,7169505107,vihaan.mehta5548@swiggy.com,M,48,19,Bangalore,2023-11-17 00:00:00,ONE
5549,Suresh Reddy,6263166665,suresh.reddy5549@swiggy.com,M,23,15,Bangalore,2024-07-12 00:00:00,NONE
5550,Anika Patel,6045046470,anika.patel5550@swiggy.com,M,39,17,Bangalore,2025-04-07 00:00:00,NONE
5551,Aadhya Sharma,6282698949,aadhya.sharma5551@swiggy.com,F,43,13,Bangalore,2024-03-02 00:00:00,NONE
5552,Aarav Jain,7348865960,aarav.jain5552@swiggy.com,M,32,16,Bangalore,2025-04-14 00:00:00,ONE_LITE
5553,Pooja Naidu,7721056381,pooja.naidu5553@swiggy.com,F,27,17,Bangalore,2025-03-23 00:00:00,NONE
5554,Varun Chowdhury,9347519360,varun.chowdhury5554@swiggy.com,F,19,18,Bangalore,2025-03-06 00:00:00,ONE_LITE
5555,Anika Gupta,8865749261,anika.gupta5555@swiggy.com,F,26,20,Bangalore,2024-04-29 00:00:00,ONE_LITE
5556,Vivaan Shetty,6606477059,vivaan.shetty5556@swiggy.com,F,21,17,Bangalore,2024-03-24 00:00:00,NONE
5557,Arjun Sharma,6709524607,arjun.sharma5557@swiggy.com,M,29,12,Bangalore,2025-11-05 00:00:00,ONE_PLUS
5558,Riya Reddy,7495321093,riya.reddy5558@swiggy.com,F,22,14,Bangalore,2025-09-23 00:00:00,ONE
5559,Vivaan Rao,6253178450,vivaan.rao5559@swiggy.com,F,28,13,Bangalore,2023-08-25 00:00:00,NONE
5560,Vivaan Gowda,6141537754,vivaan.gowda5560@swiggy.com,M,31,17,Bangalore,2024-04-04 00:00:00,ONE
5561,Suresh Reddy,7185061178,suresh.reddy5561@swiggy.com,M,34,19,Bangalore,2025-03-12 00:00:00,NONE
5562,Saanvi Das,8766411819,saanvi.das5562@swiggy.com,F,38,17,Bangalore,2024-12-15 00:00:00,NONE
5563,Kiara Nair,9254618586,kiara.nair5563@swiggy.com,F,19,20,Bangalore,2024-08-12 00:00:00,NONE
5564,Varun Gowda,7213044388,varun.gowda5564@swiggy.com,F,34,15,Bangalore,2025-07-26 00:00:00,NONE
5565,Aadhya Singh,6738929650,aadhya.singh5565@swiggy.com,F,45,20,Bangalore,2025-07-10 00:00:00,NONE
5566,Riya Gowda,7215816360,riya.gowda5566@swiggy.com,M,30,14,Bangalore,2025-09-30 00:00:00,NONE
5567,Akash Nair,7222504641,akash.nair5567@swiggy.com,F,18,19,Bangalore,2023-11-19 00:00:00,NONE
5568,Sneha Das,6763948768,sneha.das5568@swiggy.com,F,28,12,Bangalore,2024-06-20 00:00:00,ONE
5569,Sneha Sharma,6651767929,sneha.sharma5569@swiggy.com,O,22,13,Bangalore,2025-01-24 00:00:00,NONE
5570,Rohit Bose,7800308607,rohit.bose5570@swiggy.com,F,34,15,Bangalore,2024-01-16 00:00:00,NONE
5571,Aarav Singh,7238507354,aarav.singh5571@swiggy.com,M,22,11,Bangalore,2025-05-13 00:00:00,ONE
5572,Pooja Reddy,7567521905,pooja.reddy5572@swiggy.com,M,20,14,Bangalore,2025-02-01 00:00:00,ONE_LITE
5573,Sneha Gupta,9700596403,sneha.gupta5573@swiggy.com,F,30,11,Bangalore,2025-04-07 00:00:00,NONE
5574,Suresh Iyer,6682930987,suresh.iyer5574@swiggy.com,M,43,13,Bangalore,2023-11-30 00:00:00,NONE
5575,Aadhya Sharma,9589064030,aadhya.sharma5575@swiggy.com,F,23,13,Bangalore,2025-11-27 00:00:00,NONE
5576,Riya Gowda,9785876571,riya.gowda5576@swiggy.com,F,35,12,Bangalore,2025-07-26 00:00:00,NONE
5577,Suresh Das,8733067752,suresh.das5577@swiggy.com,M,35,13,Bangalore,2024-10-05 00:00:00,ONE_LITE
5578,Aadhya Gowda,8119687089,aadhya.gowda5578@swiggy.com,F,36,13,Bangalore,2024-02-07 00:00:00,NONE
5579,Anika Gupta,8399582807,anika.gupta5579@swiggy.com,F,34,14,Bangalore,2024-12-11 00:00:00,ONE
5580,Neha Singh,7369417756,neha.singh5580@swiggy.com,F,27,18,Bangalore,2023-07-20 00:00:00,ONE
5581,Kiran Jain,6647529063,kiran.jain5581@swiggy.com,F,30,19,Bangalore,2023-08-10 00:00:00,NONE
5582,Pooja Nair,9821369634,pooja.nair5582@swiggy.com,M,19,13,Bangalore,2024-01-09 00:00:00,NONE
5583,Rohit Reddy,9412391166,rohit.reddy5583@swiggy.com,F,22,11,Bangalore,2025-02-12 00:00:00,NONE
5584,Nikhil Chowdhury,8630400677,nikhil.chowdhury5584@swiggy.com,M,27,14,Bangalore,2025-07-28 00:00:00,NONE
5585,Sai Desai,8313461836,sai.desai5585@swiggy.com,M,38,20,Bangalore,2025-01-27 00:00:00,ONE
5586,Varun Kulkarni,7909755161,varun.kulkarni5586@swiggy.com,F,25,20,Bangalore,2024-04-06 00:00:00,ONE_LITE
5587,Ananya Mehta,6102644639,ananya.mehta5587@swiggy.com,F,32,12,Bangalore,2024-02-06 00:00:00,ONE_LITE
5588,Krishna Pillai,7289913572,krishna.pillai5588@swiggy.com,F,40,19,Bangalore,2025-04-07 00:00:00,ONE_LITE
5589,Dhruv Jain,6033358162,dhruv.jain5589@swiggy.com,M,30,14,Bangalore,2024-11-16 00:00:00,NONE
5590,Myra Sharma,7948991411,myra.sharma5590@swiggy.com,F,34,20,Bangalore,2025-07-27 00:00:00,NONE
5591,Kiara Rao,6505703614,kiara.rao5591@swiggy.com,M,38,16,Bangalore,2024-04-12 00:00:00,NONE
5592,Pooja Gowda,8263625132,pooja.gowda5592@swiggy.com,F,38,13,Bangalore,2024-04-11 00:00:00,NONE
5593,Kiara Kulkarni,7875168454,kiara.kulkarni5593@swiggy.com,M,32,17,Bangalore,2025-06-27 00:00:00,NONE
5594,Meera Chowdhury,9363032897,meera.chowdhury5594@swiggy.com,M,21,19,Bangalore,2024-10-05 00:00:00,NONE
5595,Akash Reddy,9018268494,akash.reddy5595@swiggy.com,M,32,12,Bangalore,2023-08-21 00:00:00,ONE
5596,Diya Khan,8238475929,diya.khan5596@swiggy.com,F,42,13,Bangalore,2024-06-03 00:00:00,ONE_PLUS
5597,Rohit Sharma,8636335807,rohit.sharma5597@swiggy.com,M,40,11,Bangalore,2023-11-24 00:00:00,NONE
5598,Sneha Shetty,6051549166,sneha.shetty5598@swiggy.com,F,18,12,Bangalore,2024-08-08 00:00:00,NONE
5599,Aarav Das,6455775560,aarav.das5599@swiggy.com,F,35,14,Bangalore,2024-10-11 00:00:00,ONE
5600,Akash Naidu,8082709823,akash.naidu5600@swiggy.com,F,25,14,Bangalore,2025-05-09 00:00:00,ONE_LITE
5601,Aadhya Nair,8875492787,aadhya.nair5601@swiggy.com,M,44,19,Bangalore,2024-01-03 00:00:00,ONE_LITE
5602,Neha Kulkarni,9105006792,neha.kulkarni5602@swiggy.com,M,37,13,Bangalore,2025-10-05 00:00:00,NONE
5603,Sneha Rao,8368695397,sneha.rao5603@swiggy.com,M,21,11,Bangalore,2025-05-11 00:00:00,ONE_LITE
5604,Aditya Singh,7080968164,aditya.singh5604@swiggy.com,F,27,13,Bangalore,2024-09-17 00:00:00,ONE
5605,Aditya Gupta,6706511267,aditya.gupta5605@swiggy.com,F,41,11,Bangalore,2025-07-04 00:00:00,NONE
5606,Rahul Mehta,7081466988,rahul.mehta5606@swiggy.com,F,18,15,Bangalore,2024-01-04 00:00:00,NONE
5607,Aarav Rao,6261044193,aarav.rao5607@swiggy.com,M,23,17,Bangalore,2024-09-14 00:00:00,NONE
5608,Arjun Khan,8055307790,arjun.khan5608@swiggy.com,M,33,20,Bangalore,2024-03-11 00:00:00,NONE
5609,Krishna Iyer,9631725593,krishna.iyer5609@swiggy.com,M,31,15,Bangalore,2025-07-20 00:00:00,NONE
5610,Diya Kulkarni,7046521213,diya.kulkarni5610@swiggy.com,M,19,18,Bangalore,2025-01-19 00:00:00,ONE_LITE
5611,Aadhya Iyer,9379483702,aadhya.iyer5611@swiggy.com,M,36,11,Bangalore,2024-05-28 00:00:00,ONE
5612,Reyansh Shetty,7311502105,reyansh.shetty5612@swiggy.com,M,19,16,Bangalore,2025-04-21 00:00:00,NONE
5613,Meera Reddy,7448648971,meera.reddy5613@swiggy.com,F,21,15,Bangalore,2023-09-26 00:00:00,NONE
5614,Meera Gowda,6300844208,meera.gowda5614@swiggy.com,F,32,12,Bangalore,2024-06-13 00:00:00,NONE
5615,Sneha Desai,8375588384,sneha.desai5615@swiggy.com,M,18,17,Bangalore,2024-09-19 00:00:00,ONE_LITE
5616,Myra Shetty,9245657361,myra.shetty5616@swiggy.com,F,24,12,Bangalore,2024-01-24 00:00:00,NONE
5617,Varun Jain,6425505007,varun.jain5617@swiggy.com,M,31,20,Bangalore,2025-03-22 00:00:00,NONE
5618,Saanvi Jain,6001398269,saanvi.jain5618@swiggy.com,M,37,13,Bangalore,2023-07-13 00:00:00,ONE_LITE
5619,Suresh Chowdhury,7537616788,suresh.chowdhury5619@swiggy.com,F,32,12,Bangalore,2025-11-01 00:00:00,ONE_LITE
5620,Varun Naidu,7074392203,varun.naidu5620@swiggy.com,M,34,19,Bangalore,2025-08-16 00:00:00,NONE
5621,Vihaan Mehta,7154742019,vihaan.mehta5621@swiggy.com,M,27,12,Bangalore,2025-10-31 00:00:00,NONE
5622,Kiara Rao,7050048143,kiara.rao5622@swiggy.com,M,43,12,Bangalore,2025-05-17 00:00:00,ONE
5623,Akash Gowda,6144849078,akash.gowda5623@swiggy.com,F,38,16,Bangalore,2024-01-17 00:00:00,NONE
5624,Anika Kulkarni,8934719655,anika.kulkarni5624@swiggy.com,M,30,13,Bangalore,2025-01-03 00:00:00,ONE_PLUS
5625,Arjun Kulkarni,7943595860,arjun.kulkarni5625@swiggy.com,M,20,14,Bangalore,2024-07-09 00:00:00,NONE
5626,Akash Patel,9910632494,akash.patel5626@swiggy.com,M,43,15,Bangalore,2024-05-10 00:00:00,ONE_LITE
5627,Rahul Sharma,7981643993,rahul.sharma5627@swiggy.com,F,46,12,Bangalore,2023-10-30 00:00:00,ONE_LITE
5628,Rohit Sharma,9346455639,rohit.sharma5628@swiggy.com,M,50,18,Bangalore,2024-05-08 00:00:00,NONE
5629,Saanvi Pillai,7419689503,saanvi.pillai5629@swiggy.com,M,26,14,Bangalore,2024-04-22 00:00:00,NONE
5630,Sneha Khan,8712567978,sneha.khan5630@swiggy.com,M,40,16,Bangalore,2025-11-10 00:00:00,ONE_LITE
5631,Arjun Kulkarni,9363361427,arjun.kulkarni5631@swiggy.com,M,28,18,Bangalore,2025-03-02 00:00:00,NONE
5632,Vihaan Das,8622530580,vihaan.das5632@swiggy.com,F,25,11,Bangalore,2025-03-08 00:00:00,NONE
5633,Saanvi Reddy,6992512860,saanvi.reddy5633@swiggy.com,F,24,11,Bangalore,2024-10-19 00:00:00,NONE
5634,Saanvi Gupta,8518884874,saanvi.gupta5634@swiggy.com,F,24,20,Bangalore,2025-05-24 00:00:00,NONE
5635,Aditya Pillai,8390347937,aditya.pillai5635@swiggy.com,M,18,18,Bangalore,2025-06-19 00:00:00,NONE
5636,Myra Pillai,6603852641,myra.pillai5636@swiggy.com,M,25,14,Bangalore,2024-03-14 00:00:00,ONE_LITE
5637,Rahul Gupta,8403159060,rahul.gupta5637@swiggy.com,F,39,20,Bangalore,2024-06-18 00:00:00,NONE
5638,Dhruv Jain,9355943184,dhruv.jain5638@swiggy.com,F,21,16,Bangalore,2024-11-04 00:00:00,ONE
5639,Krishna Gupta,9986607907,krishna.gupta5639@swiggy.com,F,41,19,Bangalore,2023-11-04 00:00:00,NONE
5640,Rahul Naidu,9524077142,rahul.naidu5640@swiggy.com,M,19,14,Bangalore,2023-08-18 00:00:00,NONE
5641,Aditya Reddy,8028402956,aditya.reddy5641@swiggy.com,M,18,14,Bangalore,2025-08-30 00:00:00,ONE
5642,Neha Sharma,9376745366,neha.sharma5642@swiggy.com,O,49,16,Bangalore,2024-07-26 00:00:00,NONE
5643,Rohit Das,6602648279,rohit.das5643@swiggy.com,F,34,11,Bangalore,2025-06-11 00:00:00,NONE
5644,Diya Shetty,9529017790,diya.shetty5644@swiggy.com,F,31,17,Bangalore,2024-09-09 00:00:00,ONE
5645,Rohit Nair,6290518826,rohit.nair5645@swiggy.com,M,37,18,Bangalore,2024-12-09 00:00:00,NONE
5646,Vihaan Bose,8268255289,vihaan.bose5646@swiggy.com,M,37,14,Bangalore,2025-11-05 00:00:00,ONE_LITE
5647,Ira Rao,8066851722,ira.rao5647@swiggy.com,M,33,14,Bangalore,2024-12-01 00:00:00,NONE
5648,Sai Shetty,9585001708,sai.shetty5648@swiggy.com,F,23,13,Bangalore,2024-08-06 00:00:00,NONE
5649,Anika Chowdhury,6104944265,anika.chowdhury5649@swiggy.com,M,26,19,Bangalore,2023-09-04 00:00:00,ONE_LITE
5650,Aadhya Shetty,8359990186,aadhya.shetty5650@swiggy.com,F,22,12,Bangalore,2023-10-02 00:00:00,NONE
5651,Kiran Nair,7834497162,kiran.nair5651@swiggy.com,F,23,12,Bangalore,2024-10-20 00:00:00,NONE
5652,Rahul Das,7457243623,rahul.das5652@swiggy.com,F,35,17,Bangalore,2024-10-21 00:00:00,ONE_LITE
5653,Kiara Sharma,9317408008,kiara.sharma5653@swiggy.com,M,25,15,Bangalore,2024-10-31 00:00:00,ONE_LITE
5654,Kiara Kulkarni,6672966981,kiara.kulkarni5654@swiggy.com,F,24,16,Bangalore,2023-12-18 00:00:00,NONE
5655,Riya Patel,7966929225,riya.patel5655@swiggy.com,F,20,13,Bangalore,2024-04-04 00:00:00,ONE_LITE
5656,Sai Khan,6201287649,sai.khan5656@swiggy.com,F,38,18,Bangalore,2025-09-17 00:00:00,NONE
5657,Riya Chowdhury,6879658086,riya.chowdhury5657@swiggy.com,F,39,17,Bangalore,2025-07-28 00:00:00,NONE
5658,Reyansh Iyer,9393711420,reyansh.iyer5658@swiggy.com,M,18,20,Bangalore,2025-05-06 00:00:00,ONE
5659,Akash Chowdhury,7147904398,akash.chowdhury5659@swiggy.com,F,18,18,Bangalore,2023-08-13 00:00:00,ONE
5660,Pooja Rao,9222588048,pooja.rao5660@swiggy.com,F,44,19,Bangalore,2024-09-25 00:00:00,ONE
5661,Varun Chowdhury,6690115958,varun.chowdhury5661@swiggy.com,F,18,20,Bangalore,2025-11-16 00:00:00,NONE
5662,Sai Kulkarni,8228910105,sai.kulkarni5662@swiggy.com,F,24,17,Bangalore,2025-10-12 00:00:00,ONE_LITE
5663,Aarav Bose,8159947564,aarav.bose5663@swiggy.com,M,28,12,Bangalore,2024-10-02 00:00:00,NONE
5664,Ishaan Khan,8592990816,ishaan.khan5664@swiggy.com,F,27,13,Bangalore,2024-09-25 00:00:00,ONE_PLUS
5665,Arjun Jain,9081097402,arjun.jain5665@swiggy.com,M,37,13,Bangalore,2025-07-28 00:00:00,ONE
5666,Kiara Chowdhury,8266695814,kiara.chowdhury5666@swiggy.com,F,38,20,Bangalore,2023-12-28 00:00:00,NONE
5667,Aarav Jain,7091897779,aarav.jain5667@swiggy.com,M,33,20,Bangalore,2024-04-11 00:00:00,ONE_LITE
5668,Meera Shetty,6173519222,meera.shetty5668@swiggy.com,F,33,13,Bangalore,2024-08-16 00:00:00,ONE
5669,Sai Nair,7709932107,sai.nair5669@swiggy.com,M,29,12,Bangalore,2023-10-25 00:00:00,NONE
5670,Ishaan Patel,8957599639,ishaan.patel5670@swiggy.com,M,41,16,Bangalore,2024-02-29 00:00:00,NONE
5671,Myra Khan,7672282394,myra.khan5671@swiggy.com,F,19,15,Bangalore,2024-12-17 00:00:00,NONE
5672,Ishaan Sharma,9546172210,ishaan.sharma5672@swiggy.com,F,22,16,Bangalore,2025-05-25 00:00:00,ONE_PLUS
5673,Arjun Jain,8601626596,arjun.jain5673@swiggy.com,F,34,16,Bangalore,2023-09-23 00:00:00,ONE
5674,Vihaan Khan,9654366620,vihaan.khan5674@swiggy.com,F,35,17,Bangalore,2023-11-17 00:00:00,ONE_LITE
5675,Arjun Reddy,8887554317,arjun.reddy5675@swiggy.com,F,36,13,Bangalore,2023-08-14 00:00:00,NONE
5676,Ananya Singh,9746795190,ananya.singh5676@swiggy.com,F,18,11,Bangalore,2023-07-17 00:00:00,NONE
5677,Anika Reddy,9150988190,anika.reddy5677@swiggy.com,O,40,11,Bangalore,2025-04-18 00:00:00,ONE_LITE
5678,Akash Chowdhury,6538158420,akash.chowdhury5678@swiggy.com,M,28,19,Bangalore,2023-07-18 00:00:00,NONE
5679,Varun Nair,8785983245,varun.nair5679@swiggy.com,F,39,12,Bangalore,2023-08-23 00:00:00,ONE_PLUS
5680,Ananya Mehta,8917836972,ananya.mehta5680@swiggy.com,F,35,20,Bangalore,2025-08-28 00:00:00,NONE
5681,Aadhya Chowdhury,6326221294,aadhya.chowdhury5681@swiggy.com,M,23,12,Bangalore,2023-12-15 00:00:00,ONE_LITE
5682,Sai Gowda,7518801270,sai.gowda5682@swiggy.com,M,33,15,Bangalore,2024-07-19 00:00:00,NONE
5683,Ira Sharma,6774070299,ira.sharma5683@swiggy.com,F,31,11,Bangalore,2025-09-19 00:00:00,ONE_LITE
5684,Akash Desai,9583827401,akash.desai5684@swiggy.com,M,47,20,Bangalore,2025-04-21 00:00:00,NONE
5685,Neha Patel,8921553648,neha.patel5685@swiggy.com,M,37,19,Bangalore,2023-10-13 00:00:00,ONE
5686,Varun Bose,9349751388,varun.bose5686@swiggy.com,F,22,20,Bangalore,2023-11-06 00:00:00,NONE
5687,Kiran Singh,6560747117,kiran.singh5687@swiggy.com,F,28,13,Bangalore,2024-05-11 00:00:00,NONE
5688,Reyansh Khan,7654967551,reyansh.khan5688@swiggy.com,F,25,17,Bangalore,2025-07-05 00:00:00,NONE
5689,Reyansh Reddy,7726215407,reyansh.reddy5689@swiggy.com,M,34,16,Bangalore,2025-01-19 00:00:00,ONE_PLUS
5690,Pooja Naidu,6548572840,pooja.naidu5690@swiggy.com,F,37,17,Bangalore,2023-09-25 00:00:00,ONE_PLUS
5691,Riya Chowdhury,6614921765,riya.chowdhury5691@swiggy.com,F,26,18,Bangalore,2024-07-11 00:00:00,NONE
5692,Neha Kulkarni,8375366337,neha.kulkarni5692@swiggy.com,F,30,20,Bangalore,2024-06-12 00:00:00,NONE
5693,Sneha Khan,9727807031,sneha.khan5693@swiggy.com,F,30,19,Bangalore,2025-10-28 00:00:00,ONE
5694,Kiara Kulkarni,6902796194,kiara.kulkarni5694@swiggy.com,F,18,15,Bangalore,2023-11-18 00:00:00,ONE
5695,Myra Khan,9244319670,myra.khan5695@swiggy.com,F,39,12,Bangalore,2024-04-05 00:00:00,ONE_LITE
5696,Rohit Jain,6814584693,rohit.jain5696@swiggy.com,M,30,12,Bangalore,2024-04-23 00:00:00,NONE
5697,Vihaan Kulkarni,9931067981,vihaan.kulkarni5697@swiggy.com,M,18,19,Bangalore,2024-10-10 00:00:00,ONE
5698,Vihaan Desai,7403590617,vihaan.desai5698@swiggy.com,O,30,17,Bangalore,2023-12-25 00:00:00,ONE_LITE
5699,Anika Mehta,8994018990,anika.mehta5699@swiggy.com,F,34,12,Bangalore,2023-10-09 00:00:00,NONE
5700,Meera Singh,9757649058,meera.singh5700@swiggy.com,F,24,14,Bangalore,2025-06-25 00:00:00,NONE
5701,Kiran Bose,9372430036,kiran.bose5701@swiggy.com,M,23,16,Bangalore,2024-02-01 00:00:00,NONE
5702,Varun Nair,7220100206,varun.nair5702@swiggy.com,M,36,16,Bangalore,2025-05-10 00:00:00,NONE
5703,Kiara Shetty,8386595978,kiara.shetty5703@swiggy.com,F,18,13,Bangalore,2025-10-14 00:00:00,ONE_LITE
5704,Dhruv Bose,6154592071,dhruv.bose5704@swiggy.com,F,23,12,Bangalore,2025-08-30 00:00:00,ONE
5705,Aditya Singh,9386493940,aditya.singh5705@swiggy.com,M,37,20,Bangalore,2023-09-08 00:00:00,ONE_LITE
5706,Aarav Gupta,9183167576,aarav.gupta5706@swiggy.com,F,34,13,Bangalore,2025-11-13 00:00:00,ONE_LITE
5707,Arjun Patel,9340912218,arjun.patel5707@swiggy.com,F,39,12,Bangalore,2025-08-07 00:00:00,ONE_LITE
5708,Kiran Naidu,7428654170,kiran.naidu5708@swiggy.com,F,22,17,Bangalore,2025-11-20 00:00:00,NONE
5709,Ananya Kulkarni,7012357952,ananya.kulkarni5709@swiggy.com,F,18,20,Bangalore,2023-11-22 00:00:00,ONE
5710,Aarav Nair,6386177626,aarav.nair5710@swiggy.com,F,28,11,Bangalore,2025-04-21 00:00:00,NONE
5711,Ananya Das,6302529828,ananya.das5711@swiggy.com,F,29,16,Bangalore,2024-02-10 00:00:00,ONE
5712,Aditya Mehta,8470086372,aditya.mehta5712@swiggy.com,F,32,15,Bangalore,2024-07-29 00:00:00,ONE_LITE
5713,Ira Patel,9051976931,ira.patel5713@swiggy.com,F,31,12,Bangalore,2023-10-14 00:00:00,ONE_LITE
5714,Arjun Nair,6101449633,arjun.nair5714@swiggy.com,F,21,14,Bangalore,2023-10-05 00:00:00,ONE_LITE
5715,Dhruv Chowdhury,8122420499,dhruv.chowdhury5715@swiggy.com,F,41,11,Bangalore,2024-06-20 00:00:00,ONE
5716,Rahul Shetty,9697659457,rahul.shetty5716@swiggy.com,M,30,19,Bangalore,2023-07-25 00:00:00,NONE
5717,Aditya Shetty,8463968463,aditya.shetty5717@swiggy.com,F,33,11,Bangalore,2023-10-21 00:00:00,NONE
5718,Aadhya Shetty,9807881147,aadhya.shetty5718@swiggy.com,M,31,13,Bangalore,2025-11-01 00:00:00,NONE
5719,Varun Mehta,9677098835,varun.mehta5719@swiggy.com,M,24,14,Bangalore,2024-01-17 00:00:00,NONE
5720,Kiran Naidu,9237854550,kiran.naidu5720@swiggy.com,M,26,18,Bangalore,2025-03-08 00:00:00,NONE
5721,Neha Nair,8143587994,neha.nair5721@swiggy.com,M,38,16,Bangalore,2024-08-15 00:00:00,ONE_PLUS
5722,Saanvi Das,7630228663,saanvi.das5722@swiggy.com,F,28,13,Bangalore,2025-08-01 00:00:00,ONE_LITE
5723,Ishaan Gowda,7609869082,ishaan.gowda5723@swiggy.com,F,32,11,Bangalore,2024-10-21 00:00:00,ONE_LITE
5724,Ananya Patel,9708220452,ananya.patel5724@swiggy.com,F,37,18,Bangalore,2025-04-19 00:00:00,ONE
5725,Rohit Kulkarni,9866837356,rohit.kulkarni5725@swiggy.com,F,38,20,Bangalore,2024-06-09 00:00:00,NONE
5726,Vivaan Bose,9504675961,vivaan.bose5726@swiggy.com,M,30,20,Bangalore,2025-10-07 00:00:00,NONE
5727,Saanvi Gupta,7850607427,saanvi.gupta5727@swiggy.com,M,31,12,Bangalore,2024-03-09 00:00:00,ONE
5728,Rahul Desai,6540746907,rahul.desai5728@swiggy.com,F,38,11,Bangalore,2024-07-19 00:00:00,ONE_LITE
5729,Rahul Gupta,7564088211,rahul.gupta5729@swiggy.com,F,28,12,Bangalore,2023-08-21 00:00:00,ONE
5730,Suresh Kulkarni,7351894861,suresh.kulkarni5730@swiggy.com,F,19,18,Bangalore,2025-10-02 00:00:00,NONE
5731,Arjun Nair,7522316786,arjun.nair5731@swiggy.com,F,23,19,Bangalore,2024-04-12 00:00:00,NONE
5732,Suresh Mehta,7238292097,suresh.mehta5732@swiggy.com,F,18,11,Bangalore,2024-12-05 00:00:00,NONE
5733,Meera Bose,7038921505,meera.bose5733@swiggy.com,M,23,16,Bangalore,2025-08-02 00:00:00,NONE
5734,Krishna Gupta,8310655211,krishna.gupta5734@swiggy.com,F,35,19,Bangalore,2024-02-13 00:00:00,NONE
5735,Vihaan Kulkarni,8151627574,vihaan.kulkarni5735@swiggy.com,M,25,16,Bangalore,2024-11-13 00:00:00,NONE
5736,Saanvi Das,9110235178,saanvi.das5736@swiggy.com,F,32,17,Bangalore,2025-11-10 00:00:00,ONE
5737,Saanvi Gowda,7568677765,saanvi.gowda5737@swiggy.com,O,25,18,Bangalore,2025-06-22 00:00:00,NONE
5738,Ira Shetty,8776406390,ira.shetty5738@swiggy.com,M,27,13,Bangalore,2024-10-29 00:00:00,NONE
5739,Sai Bose,7794259332,sai.bose5739@swiggy.com,M,34,13,Bangalore,2023-10-31 00:00:00,ONE_LITE
5740,Vivaan Singh,6352456930,vivaan.singh5740@swiggy.com,F,37,18,Bangalore,2024-10-25 00:00:00,NONE
5741,Diya Khan,7441874183,diya.khan5741@swiggy.com,M,26,19,Bangalore,2025-01-16 00:00:00,ONE
5742,Vihaan Gowda,9059538297,vihaan.gowda5742@swiggy.com,F,18,15,Bangalore,2023-11-23 00:00:00,NONE
5743,Kiara Sharma,9361331867,kiara.sharma5743@swiggy.com,F,38,18,Bangalore,2025-03-08 00:00:00,NONE
5744,Myra Desai,9653022599,myra.desai5744@swiggy.com,M,46,19,Bangalore,2025-11-09 00:00:00,NONE
5745,Anika Rao,8711556766,anika.rao5745@swiggy.com,M,29,11,Bangalore,2024-09-14 00:00:00,NONE
5746,Krishna Kulkarni,8553815650,krishna.kulkarni5746@swiggy.com,M,37,18,Bangalore,2025-06-26 00:00:00,NONE
5747,Sai Gupta,6882027602,sai.gupta5747@swiggy.com,F,18,11,Bangalore,2025-11-03 00:00:00,ONE
5748,Kiara Khan,8594713365,kiara.khan5748@swiggy.com,F,30,19,Bangalore,2023-08-12 00:00:00,NONE
5749,Aditya Pillai,9604607596,aditya.pillai5749@swiggy.com,F,29,12,Bangalore,2025-08-01 00:00:00,ONE_PLUS
5750,Kiran Patel,8524252070,kiran.patel5750@swiggy.com,F,47,20,Bangalore,2025-08-09 00:00:00,NONE
5751,Akash Gupta,8964508030,akash.gupta5751@swiggy.com,O,23,15,Bangalore,2025-10-29 00:00:00,NONE
5752,Suresh Singh,6955480444,suresh.singh5752@swiggy.com,M,29,17,Bangalore,2025-07-13 00:00:00,ONE_LITE
5753,Reyansh Gowda,8896343664,reyansh.gowda5753@swiggy.com,M,29,20,Bangalore,2024-01-08 00:00:00,NONE
5754,Neha Sharma,6657346569,neha.sharma5754@swiggy.com,F,45,13,Bangalore,2024-10-18 00:00:00,NONE
5755,Ishaan Kulkarni,9023015305,ishaan.kulkarni5755@swiggy.com,F,46,11,Bangalore,2025-03-30 00:00:00,NONE
5756,Myra Iyer,9958647924,myra.iyer5756@swiggy.com,F,29,15,Bangalore,2024-01-03 00:00:00,NONE
5757,Kiran Iyer,9910239462,kiran.iyer5757@swiggy.com,F,29,13,Bangalore,2025-03-17 00:00:00,ONE_LITE
5758,Aarav Singh,8053950707,aarav.singh5758@swiggy.com,M,25,12,Bangalore,2025-06-11 00:00:00,ONE_LITE
5759,Neha Kulkarni,6747483779,neha.kulkarni5759@swiggy.com,F,32,13,Bangalore,2023-08-10 00:00:00,NONE
5760,Sai Singh,8957622819,sai.singh5760@swiggy.com,F,29,12,Bangalore,2023-12-11 00:00:00,NONE
5761,Kiara Kulkarni,6396215412,kiara.kulkarni5761@swiggy.com,M,32,11,Bangalore,2023-09-11 00:00:00,ONE_LITE
5762,Aarav Naidu,7569898719,aarav.naidu5762@swiggy.com,F,35,16,Bangalore,2023-09-01 00:00:00,NONE
5763,Kiran Sharma,9383841585,kiran.sharma5763@swiggy.com,F,39,19,Bangalore,2024-08-28 00:00:00,NONE
5764,Neha Desai,7048891043,neha.desai5764@swiggy.com,M,26,13,Bangalore,2025-10-14 00:00:00,ONE_LITE
5765,Vihaan Nair,7969042708,vihaan.nair5765@swiggy.com,M,19,15,Bangalore,2025-04-04 00:00:00,ONE_LITE
5766,Rahul Sharma,9187397741,rahul.sharma5766@swiggy.com,M,27,11,Bangalore,2025-06-12 00:00:00,NONE
5767,Neha Mehta,7598749013,neha.mehta5767@swiggy.com,M,18,19,Bangalore,2024-08-13 00:00:00,NONE
5768,Vihaan Gupta,7677504281,vihaan.gupta5768@swiggy.com,F,30,11,Bangalore,2024-04-30 00:00:00,ONE_LITE
5769,Nikhil Singh,9538027355,nikhil.singh5769@swiggy.com,F,42,12,Bangalore,2025-01-07 00:00:00,NONE
5770,Vihaan Reddy,7874668185,vihaan.reddy5770@swiggy.com,M,38,17,Bangalore,2025-07-28 00:00:00,NONE
5771,Dhruv Reddy,7027991687,dhruv.reddy5771@swiggy.com,F,27,15,Bangalore,2025-05-07 00:00:00,ONE
5772,Neha Kulkarni,7732354530,neha.kulkarni5772@swiggy.com,F,21,16,Bangalore,2024-08-19 00:00:00,ONE_LITE
5773,Reyansh Iyer,9048308519,reyansh.iyer5773@swiggy.com,M,22,16,Bangalore,2025-06-30 00:00:00,ONE
5774,Ira Nair,8517222363,ira.nair5774@swiggy.com,M,28,14,Bangalore,2025-02-04 00:00:00,NONE
5775,Krishna Mehta,7886027669,krishna.mehta5775@swiggy.com,F,23,13,Bangalore,2024-09-12 00:00:00,ONE
5776,Rohit Rao,8535156240,rohit.rao5776@swiggy.com,F,22,20,Bangalore,2024-11-05 00:00:00,NONE
5777,Neha Mehta,9012991601,neha.mehta5777@swiggy.com,M,27,15,Bangalore,2025-04-17 00:00:00,NONE
5778,Arjun Nair,8254244429,arjun.nair5778@swiggy.com,F,43,12,Bangalore,2025-03-22 00:00:00,ONE_LITE
5779,Sneha Desai,8998180019,sneha.desai5779@swiggy.com,M,37,19,Bangalore,2025-07-23 00:00:00,NONE
5780,Akash Kulkarni,6522776278,akash.kulkarni5780@swiggy.com,M,38,17,Bangalore,2025-10-25 00:00:00,NONE
5781,Riya Jain,7100406036,riya.jain5781@swiggy.com,M,21,17,Bangalore,2023-10-19 00:00:00,NONE
5782,Sai Das,9809400824,sai.das5782@swiggy.com,F,28,11,Bangalore,2025-04-07 00:00:00,NONE
5783,Meera Bose,8139977695,meera.bose5783@swiggy.com,F,41,17,Bangalore,2025-04-07 00:00:00,ONE_LITE
5784,Saanvi Khan,7539241618,saanvi.khan5784@swiggy.com,F,19,16,Bangalore,2024-02-17 00:00:00,NONE
5785,Nikhil Reddy,6659911660,nikhil.reddy5785@swiggy.com,M,30,16,Bangalore,2025-10-19 00:00:00,NONE
5786,Kiran Das,6797967786,kiran.das5786@swiggy.com,M,36,16,Bangalore,2025-11-03 00:00:00,ONE
5787,Anika Sharma,8620254767,anika.sharma5787@swiggy.com,M,35,19,Bangalore,2023-12-02 00:00:00,NONE
5788,Krishna Reddy,9800525800,krishna.reddy5788@swiggy.com,M,45,12,Bangalore,2023-09-25 00:00:00,ONE
5789,Vivaan Shetty,9485859929,vivaan.shetty5789@swiggy.com,M,30,15,Bangalore,2025-08-03 00:00:00,ONE_LITE
5790,Saanvi Reddy,6983917684,saanvi.reddy5790@swiggy.com,M,18,11,Bangalore,2024-09-29 00:00:00,NONE
5791,Saanvi Khan,8367847077,saanvi.khan5791@swiggy.com,M,18,12,Bangalore,2024-08-03 00:00:00,NONE
5792,Dhruv Iyer,6868705936,dhruv.iyer5792@swiggy.com,M,22,19,Bangalore,2024-03-30 00:00:00,NONE
5793,Diya Singh,6693791069,diya.singh5793@swiggy.com,F,31,17,Bangalore,2024-08-15 00:00:00,ONE_PLUS
5794,Aditya Desai,8299371997,aditya.desai5794@swiggy.com,M,29,20,Bangalore,2025-08-24 00:00:00,ONE_LITE
5795,Anika Das,6447804181,anika.das5795@swiggy.com,F,39,17,Bangalore,2024-01-20 00:00:00,NONE
5796,Vihaan Khan,6574625842,vihaan.khan5796@swiggy.com,M,33,11,Bangalore,2025-03-05 00:00:00,ONE
5797,Vihaan Reddy,8013464029,vihaan.reddy5797@swiggy.com,M,21,14,Bangalore,2025-01-19 00:00:00,NONE
5798,Dhruv Gowda,9579367221,dhruv.gowda5798@swiggy.com,M,27,18,Bangalore,2024-06-26 00:00:00,NONE
5799,Vivaan Naidu,8172303087,vivaan.naidu5799@swiggy.com,M,47,12,Bangalore,2025-05-10 00:00:00,NONE
5800,Saanvi Shetty,6511368987,saanvi.shetty5800@swiggy.com,M,21,15,Bangalore,2025-03-15 00:00:00,ONE
5801,Aadhya Iyer,7625030742,aadhya.iyer5801@swiggy.com,F,44,14,Bangalore,2023-08-08 00:00:00,NONE
5802,Reyansh Gupta,7748523536,reyansh.gupta5802@swiggy.com,F,30,12,Bangalore,2025-06-30 00:00:00,NONE
5803,Kiara Sharma,9351642092,kiara.sharma5803@swiggy.com,F,35,18,Bangalore,2024-03-27 00:00:00,ONE
5804,Myra Gowda,8800315279,myra.gowda5804@swiggy.com,F,36,11,Bangalore,2025-09-16 00:00:00,NONE
5805,Ananya Gowda,6822146693,ananya.gowda5805@swiggy.com,M,18,13,Bangalore,2024-05-30 00:00:00,NONE
5806,Rahul Patel,8591461752,rahul.patel5806@swiggy.com,F,34,12,Bangalore,2025-01-10 00:00:00,ONE_LITE
5807,Varun Gowda,6839735818,varun.gowda5807@swiggy.com,F,18,15,Bangalore,2023-11-22 00:00:00,NONE
5808,Riya Iyer,8850558688,riya.iyer5808@swiggy.com,M,39,18,Bangalore,2023-12-31 00:00:00,NONE
5809,Kiara Chowdhury,8504078492,kiara.chowdhury5809@swiggy.com,M,30,18,Bangalore,2025-09-09 00:00:00,NONE
5810,Aarav Das,9940023104,aarav.das5810@swiggy.com,M,31,19,Bangalore,2023-11-04 00:00:00,NONE
5811,Diya Gowda,9234885832,diya.gowda5811@swiggy.com,M,25,16,Bangalore,2024-08-28 00:00:00,NONE
5812,Sai Naidu,7232120951,sai.naidu5812@swiggy.com,M,18,12,Bangalore,2023-11-23 00:00:00,NONE
5813,Diya Gupta,8381207600,diya.gupta5813@swiggy.com,F,33,18,Bangalore,2025-04-03 00:00:00,ONE_LITE
5814,Aditya Sharma,9162374549,aditya.sharma5814@swiggy.com,M,40,16,Bangalore,2025-04-15 00:00:00,ONE
5815,Ananya Iyer,7986454046,ananya.iyer5815@swiggy.com,M,36,16,Bangalore,2024-04-28 00:00:00,ONE_PLUS
5816,Saanvi Shetty,7087522243,saanvi.shetty5816@swiggy.com,F,18,20,Bangalore,2025-06-25 00:00:00,NONE
5817,Neha Rao,6031161186,neha.rao5817@swiggy.com,F,35,20,Bangalore,2023-08-28 00:00:00,NONE
5818,Saanvi Rao,9085578301,saanvi.rao5818@swiggy.com,M,46,12,Bangalore,2024-01-23 00:00:00,NONE
5819,Meera Pillai,8260542336,meera.pillai5819@swiggy.com,F,46,20,Bangalore,2025-02-23 00:00:00,NONE
5820,Reyansh Reddy,6033216053,reyansh.reddy5820@swiggy.com,M,31,17,Bangalore,2023-09-15 00:00:00,NONE
5821,Anika Iyer,7419077941,anika.iyer5821@swiggy.com,M,21,11,Bangalore,2023-08-28 00:00:00,ONE_PLUS
5822,Sneha Shetty,7023801552,sneha.shetty5822@swiggy.com,M,24,19,Bangalore,2025-05-31 00:00:00,NONE
5823,Reyansh Iyer,7297172839,reyansh.iyer5823@swiggy.com,M,20,11,Bangalore,2024-04-21 00:00:00,ONE_LITE
5824,Varun Bose,6110266171,varun.bose5824@swiggy.com,F,31,18,Bangalore,2024-02-16 00:00:00,ONE
5825,Kiara Shetty,8854297686,kiara.shetty5825@swiggy.com,M,34,19,Bangalore,2025-10-24 00:00:00,NONE
5826,Aditya Das,7818848474,aditya.das5826@swiggy.com,M,32,14,Bangalore,2025-07-11 00:00:00,NONE
5827,Myra Naidu,6478776979,myra.naidu5827@swiggy.com,M,23,12,Bangalore,2025-10-09 00:00:00,NONE
5828,Dhruv Das,9349001053,dhruv.das5828@swiggy.com,F,30,14,Bangalore,2025-06-25 00:00:00,ONE_LITE
5829,Pooja Gupta,6783076268,pooja.gupta5829@swiggy.com,M,32,16,Bangalore,2024-06-22 00:00:00,ONE
5830,Suresh Desai,8342592231,suresh.desai5830@swiggy.com,F,41,16,Bangalore,2024-01-26 00:00:00,NONE
5831,Meera Gupta,6889062103,meera.gupta5831@swiggy.com,F,18,13,Bangalore,2025-06-15 00:00:00,ONE_LITE
5832,Rahul Reddy,9222398478,rahul.reddy5832@swiggy.com,F,32,15,Bangalore,2025-11-18 00:00:00,ONE_LITE
5833,Aditya Singh,8422246297,aditya.singh5833@swiggy.com,M,18,13,Bangalore,2024-07-03 00:00:00,NONE
5834,Ishaan Singh,6915165355,ishaan.singh5834@swiggy.com,M,31,15,Bangalore,2025-02-07 00:00:00,NONE
5835,Anika Nair,7354869659,anika.nair5835@swiggy.com,M,43,18,Bangalore,2024-12-05 00:00:00,ONE
5836,Aarav Chowdhury,6042763211,aarav.chowdhury5836@swiggy.com,F,26,14,Bangalore,2025-11-02 00:00:00,ONE_PLUS
5837,Sneha Jain,6658376944,sneha.jain5837@swiggy.com,F,18,15,Bangalore,2023-10-27 00:00:00,NONE
5838,Aarav Singh,6627097517,aarav.singh5838@swiggy.com,M,36,13,Bangalore,2024-01-17 00:00:00,NONE
5839,Ishaan Mehta,7887360561,ishaan.mehta5839@swiggy.com,M,20,18,Bangalore,2023-11-08 00:00:00,ONE
5840,Reyansh Bose,7293836053,reyansh.bose5840@swiggy.com,O,33,16,Bangalore,2024-01-05 00:00:00,NONE
5841,Ananya Reddy,8173776543,ananya.reddy5841@swiggy.com,F,22,20,Bangalore,2025-07-25 00:00:00,ONE
5842,Diya Kulkarni,7085158461,diya.kulkarni5842@swiggy.com,M,25,12,Bangalore,2025-09-12 00:00:00,NONE
5843,Reyansh Pillai,9076475507,reyansh.pillai5843@swiggy.com,F,19,16,Bangalore,2024-08-08 00:00:00,NONE
5844,Saanvi Chowdhury,8157693749,saanvi.chowdhury5844@swiggy.com,F,25,17,Bangalore,2023-08-12 00:00:00,NONE
5845,Dhruv Rao,7150331662,dhruv.rao5845@swiggy.com,M,19,18,Bangalore,2024-06-29 00:00:00,ONE_LITE
5846,Anika Gowda,7879870200,anika.gowda5846@swiggy.com,F,30,18,Bangalore,2025-07-07 00:00:00,ONE
5847,Ira Khan,6357479936,ira.khan5847@swiggy.com,M,49,13,Bangalore,2023-07-29 00:00:00,ONE_LITE
5848,Neha Kulkarni,6400974584,neha.kulkarni5848@swiggy.com,O,35,16,Bangalore,2024-06-25 00:00:00,ONE_PLUS
5849,Riya Shetty,9579660292,riya.shetty5849@swiggy.com,M,31,14,Bangalore,2023-11-05 00:00:00,ONE
5850,Anika Iyer,8305148189,anika.iyer5850@swiggy.com,M,34,16,Bangalore,2025-06-04 00:00:00,ONE
5851,Diya Reddy,8727077561,diya.reddy5851@swiggy.com,M,26,15,Bangalore,2025-07-11 00:00:00,NONE
5852,Ishaan Das,7500271133,ishaan.das5852@swiggy.com,M,21,18,Bangalore,2025-03-04 00:00:00,ONE
5853,Dhruv Reddy,7479864080,dhruv.reddy5853@swiggy.com,M,27,11,Bangalore,2025-02-17 00:00:00,NONE
5854,Rahul Patel,9213954053,rahul.patel5854@swiggy.com,F,27,11,Bangalore,2025-08-03 00:00:00,ONE
5855,Sai Kulkarni,9690153101,sai.kulkarni5855@swiggy.com,F,40,13,Bangalore,2024-02-08 00:00:00,NONE
5856,Vivaan Naidu,6915758921,vivaan.naidu5856@swiggy.com,O,36,13,Bangalore,2024-07-14 00:00:00,NONE
5857,Sneha Gupta,9705998190,sneha.gupta5857@swiggy.com,M,20,12,Bangalore,2024-05-31 00:00:00,NONE
5858,Suresh Gupta,7699775762,suresh.gupta5858@swiggy.com,F,18,11,Bangalore,2023-10-26 00:00:00,ONE
5859,Diya Mehta,7469637760,diya.mehta5859@swiggy.com,M,34,16,Bangalore,2024-07-11 00:00:00,NONE
5860,Kiran Jain,6362427055,kiran.jain5860@swiggy.com,F,29,12,Bangalore,2024-10-03 00:00:00,ONE_LITE
5861,Pooja Rao,6582538041,pooja.rao5861@swiggy.com,F,18,18,Bangalore,2024-06-30 00:00:00,ONE_LITE
5862,Ananya Rao,7252103219,ananya.rao5862@swiggy.com,F,35,17,Bangalore,2025-04-13 00:00:00,ONE
5863,Krishna Patel,7167467014,krishna.patel5863@swiggy.com,O,34,14,Bangalore,2023-09-28 00:00:00,ONE_LITE
5864,Dhruv Jain,9199091299,dhruv.jain5864@swiggy.com,M,34,16,Bangalore,2024-12-22 00:00:00,ONE_PLUS
5865,Anika Shetty,9748663860,anika.shetty5865@swiggy.com,F,38,16,Bangalore,2024-06-04 00:00:00,NONE
5866,Rahul Rao,6938383963,rahul.rao5866@swiggy.com,F,25,14,Bangalore,2024-11-04 00:00:00,ONE
5867,Krishna Patel,8029773378,krishna.patel5867@swiggy.com,M,33,19,Bangalore,2025-11-20 00:00:00,ONE_PLUS
5868,Sai Iyer,9447805835,sai.iyer5868@swiggy.com,M,45,16,Bangalore,2024-02-20 00:00:00,NONE
5869,Aarav Khan,9381481058,aarav.khan5869@swiggy.com,F,31,14,Bangalore,2024-03-18 00:00:00,ONE
5870,Neha Rao,8214630105,neha.rao5870@swiggy.com,M,41,20,Bangalore,2025-10-02 00:00:00,NONE
5871,Krishna Sharma,6682516287,krishna.sharma5871@swiggy.com,F,34,16,Bangalore,2024-04-09 00:00:00,NONE
5872,Rohit Patel,6129620381,rohit.patel5872@swiggy.com,M,29,15,Bangalore,2025-08-27 00:00:00,NONE
5873,Vihaan Desai,6686996740,vihaan.desai5873@swiggy.com,F,30,14,Bangalore,2025-08-01 00:00:00,NONE
5874,Ananya Kulkarni,6327431401,ananya.kulkarni5874@swiggy.com,M,27,19,Bangalore,2024-05-09 00:00:00,NONE
5875,Ishaan Bose,8902769266,ishaan.bose5875@swiggy.com,F,37,14,Bangalore,2024-08-23 00:00:00,NONE
5876,Aarav Khan,6450317940,aarav.khan5876@swiggy.com,F,31,19,Bangalore,2024-09-15 00:00:00,ONE_LITE
5877,Myra Singh,8088745687,myra.singh5877@swiggy.com,F,25,13,Bangalore,2024-07-10 00:00:00,NONE
5878,Myra Chowdhury,8730601285,myra.chowdhury5878@swiggy.com,F,54,19,Bangalore,2023-09-22 00:00:00,ONE
5879,Ira Shetty,7231997511,ira.shetty5879@swiggy.com,F,34,14,Bangalore,2024-09-08 00:00:00,ONE
5880,Anika Desai,8197889376,anika.desai5880@swiggy.com,F,20,16,Bangalore,2024-12-18 00:00:00,NONE
5881,Aadhya Iyer,7047415175,aadhya.iyer5881@swiggy.com,O,28,12,Bangalore,2025-10-23 00:00:00,ONE_LITE
5882,Kiara Rao,9863005861,kiara.rao5882@swiggy.com,F,23,19,Bangalore,2023-12-18 00:00:00,ONE
5883,Varun Sharma,8350229894,varun.sharma5883@swiggy.com,F,24,14,Bangalore,2025-07-19 00:00:00,ONE_LITE
5884,Arjun Chowdhury,9966874305,arjun.chowdhury5884@swiggy.com,F,27,11,Bangalore,2024-08-23 00:00:00,NONE
5885,Krishna Iyer,8476758280,krishna.iyer5885@swiggy.com,F,19,11,Bangalore,2025-06-20 00:00:00,ONE_LITE
5886,Varun Iyer,7526711897,varun.iyer5886@swiggy.com,M,18,18,Bangalore,2024-04-18 00:00:00,ONE_PLUS
5887,Dhruv Bose,6503029208,dhruv.bose5887@swiggy.com,M,40,11,Bangalore,2023-09-11 00:00:00,ONE
5888,Aarav Desai,9104233628,aarav.desai5888@swiggy.com,F,21,17,Bangalore,2024-07-17 00:00:00,ONE_LITE
5889,Aadhya Gupta,6356153815,aadhya.gupta5889@swiggy.com,F,38,14,Bangalore,2024-09-16 00:00:00,ONE
5890,Kiara Kulkarni,6168373798,kiara.kulkarni5890@swiggy.com,M,21,15,Bangalore,2023-09-20 00:00:00,ONE_LITE
5891,Ishaan Reddy,9911462398,ishaan.reddy5891@swiggy.com,F,33,19,Bangalore,2024-04-25 00:00:00,ONE
5892,Ananya Reddy,6158917812,ananya.reddy5892@swiggy.com,M,18,12,Bangalore,2023-08-05 00:00:00,NONE
5893,Krishna Sharma,9970378288,krishna.sharma5893@swiggy.com,F,32,18,Bangalore,2025-01-07 00:00:00,ONE
5894,Myra Nair,6665617229,myra.nair5894@swiggy.com,F,21,13,Bangalore,2023-10-05 00:00:00,ONE_PLUS
5895,Arjun Jain,8903098275,arjun.jain5895@swiggy.com,F,18,19,Bangalore,2025-04-11 00:00:00,ONE
5896,Ira Singh,6247792380,ira.singh5896@swiggy.com,M,18,20,Bangalore,2023-12-21 00:00:00,ONE_LITE
5897,Myra Jain,9873734616,myra.jain5897@swiggy.com,F,23,13,Bangalore,2024-02-19 00:00:00,ONE_LITE
5898,Arjun Gowda,9469428544,arjun.gowda5898@swiggy.com,M,37,18,Bangalore,2023-09-10 00:00:00,NONE
5899,Reyansh Pillai,6681468789,reyansh.pillai5899@swiggy.com,M,24,15,Bangalore,2024-10-18 00:00:00,NONE
5900,Saanvi Reddy,7773528648,saanvi.reddy5900@swiggy.com,M,30,18,Bangalore,2024-12-16 00:00:00,NONE
5901,Vivaan Gupta,6464981742,vivaan.gupta5901@swiggy.com,M,34,14,Bangalore,2023-10-13 00:00:00,NONE
5902,Sneha Naidu,9711542248,sneha.naidu5902@swiggy.com,F,27,12,Bangalore,2023-09-08 00:00:00,NONE
5903,Neha Pillai,7989494770,neha.pillai5903@swiggy.com,F,18,12,Bangalore,2024-07-25 00:00:00,ONE
5904,Ananya Rao,7214467512,ananya.rao5904@swiggy.com,M,25,20,Bangalore,2025-08-09 00:00:00,NONE
5905,Vivaan Gowda,6541168871,vivaan.gowda5905@swiggy.com,F,24,19,Bangalore,2025-06-07 00:00:00,NONE
5906,Arjun Pillai,6945923969,arjun.pillai5906@swiggy.com,F,18,14,Bangalore,2024-02-07 00:00:00,NONE
5907,Anika Khan,7456922157,anika.khan5907@swiggy.com,M,35,11,Bangalore,2024-03-12 00:00:00,NONE
5908,Reyansh Reddy,7345643252,reyansh.reddy5908@swiggy.com,F,33,12,Bangalore,2024-03-27 00:00:00,NONE
5909,Aadhya Khan,6126441449,aadhya.khan5909@swiggy.com,M,26,16,Bangalore,2025-10-03 00:00:00,NONE
5910,Kiara Kulkarni,6231934153,kiara.kulkarni5910@swiggy.com,F,18,11,Bangalore,2024-11-02 00:00:00,ONE
5911,Reyansh Das,7299545040,reyansh.das5911@swiggy.com,M,43,17,Bangalore,2024-12-29 00:00:00,NONE
5912,Diya Das,6089831641,diya.das5912@swiggy.com,M,18,11,Bangalore,2025-02-13 00:00:00,NONE
5913,Dhruv Singh,9183020750,dhruv.singh5913@swiggy.com,M,26,13,Bangalore,2023-08-22 00:00:00,ONE_LITE
5914,Nikhil Rao,9353967017,nikhil.rao5914@swiggy.com,F,28,12,Bangalore,2023-11-15 00:00:00,NONE
5915,Suresh Reddy,9371412654,suresh.reddy5915@swiggy.com,F,25,12,Bangalore,2025-03-01 00:00:00,ONE_LITE
5916,Pooja Chowdhury,8382404751,pooja.chowdhury5916@swiggy.com,M,36,15,Bangalore,2024-03-09 00:00:00,ONE
5917,Pooja Singh,7834883642,pooja.singh5917@swiggy.com,M,26,19,Bangalore,2023-08-25 00:00:00,NONE
5918,Saanvi Bose,6713147691,saanvi.bose5918@swiggy.com,M,21,20,Bangalore,2024-01-02 00:00:00,NONE
5919,Kiran Gowda,7598397629,kiran.gowda5919@swiggy.com,M,36,19,Bangalore,2025-02-27 00:00:00,NONE
5920,Ananya Gupta,6379826267,ananya.gupta5920@swiggy.com,M,26,20,Bangalore,2025-10-15 00:00:00,NONE
5921,Reyansh Patel,9057981508,reyansh.patel5921@swiggy.com,O,23,12,Bangalore,2023-12-01 00:00:00,ONE_LITE
5922,Vihaan Gupta,6113645767,vihaan.gupta5922@swiggy.com,M,21,15,Bangalore,2024-08-24 00:00:00,ONE_PLUS
5923,Rahul Chowdhury,8771277717,rahul.chowdhury5923@swiggy.com,M,24,19,Bangalore,2025-09-16 00:00:00,NONE
5924,Reyansh Gowda,6032644095,reyansh.gowda5924@swiggy.com,M,38,16,Bangalore,2023-08-04 00:00:00,NONE
5925,Suresh Patel,6792095029,suresh.patel5925@swiggy.com,F,46,18,Bangalore,2025-03-16 00:00:00,ONE
5926,Arjun Kulkarni,7341597281,arjun.kulkarni5926@swiggy.com,M,21,19,Bangalore,2024-05-02 00:00:00,NONE
5927,Nikhil Naidu,6629348542,nikhil.naidu5927@swiggy.com,M,31,18,Bangalore,2023-11-09 00:00:00,ONE_LITE
5928,Aditya Das,9410163558,aditya.das5928@swiggy.com,F,31,15,Bangalore,2024-04-20 00:00:00,ONE_PLUS
5929,Aarav Desai,9007722340,aarav.desai5929@swiggy.com,M,40,13,Bangalore,2023-10-30 00:00:00,NONE
5930,Reyansh Desai,7712809627,reyansh.desai5930@swiggy.com,M,40,18,Bangalore,2024-12-17 00:00:00,ONE
5931,Anika Das,8113555374,anika.das5931@swiggy.com,F,32,18,Bangalore,2025-07-13 00:00:00,NONE
5932,Kiara Desai,7575127789,kiara.desai5932@swiggy.com,M,36,11,Bangalore,2024-06-25 00:00:00,NONE
5933,Aditya Shetty,7842201362,aditya.shetty5933@swiggy.com,F,18,20,Bangalore,2025-03-16 00:00:00,ONE_LITE
5934,Rohit Jain,8052644746,rohit.jain5934@swiggy.com,F,37,11,Bangalore,2024-04-05 00:00:00,ONE
5935,Rohit Singh,9753266805,rohit.singh5935@swiggy.com,M,37,16,Bangalore,2025-01-14 00:00:00,ONE
5936,Vivaan Singh,9270164341,vivaan.singh5936@swiggy.com,M,26,18,Bangalore,2023-12-19 00:00:00,NONE
5937,Aarav Das,7137448510,aarav.das5937@swiggy.com,F,21,15,Bangalore,2025-01-13 00:00:00,NONE
5938,Myra Naidu,8301875807,myra.naidu5938@swiggy.com,F,23,14,Bangalore,2025-07-28 00:00:00,ONE
5939,Riya Mehta,9564602404,riya.mehta5939@swiggy.com,M,18,20,Bangalore,2024-12-20 00:00:00,NONE
5940,Diya Jain,9901338102,diya.jain5940@swiggy.com,F,46,18,Bangalore,2025-05-05 00:00:00,ONE
5941,Dhruv Nair,9751575524,dhruv.nair5941@swiggy.com,M,28,19,Bangalore,2023-07-25 00:00:00,ONE_LITE
5942,Aditya Chowdhury,8665687329,aditya.chowdhury5942@swiggy.com,M,39,13,Bangalore,2025-08-13 00:00:00,ONE
5943,Saanvi Shetty,9274855020,saanvi.shetty5943@swiggy.com,M,22,20,Bangalore,2024-02-09 00:00:00,ONE_LITE
5944,Pooja Naidu,7048581987,pooja.naidu5944@swiggy.com,M,40,20,Bangalore,2023-11-05 00:00:00,NONE
5945,Rohit Das,6804547280,rohit.das5945@swiggy.com,M,36,15,Bangalore,2024-11-18 00:00:00,NONE
5946,Vihaan Das,6536758112,vihaan.das5946@swiggy.com,F,27,12,Bangalore,2024-11-20 00:00:00,NONE
5947,Rohit Chowdhury,9455647405,rohit.chowdhury5947@swiggy.com,F,33,17,Bangalore,2025-03-16 00:00:00,NONE
5948,Sai Shetty,8519019916,sai.shetty5948@swiggy.com,M,29,14,Bangalore,2024-03-04 00:00:00,ONE
5949,Varun Patel,6795183945,varun.patel5949@swiggy.com,M,23,19,Bangalore,2025-01-19 00:00:00,ONE
5950,Vivaan Nair,7196203891,vivaan.nair5950@swiggy.com,M,31,19,Bangalore,2024-11-29 00:00:00,NONE
5951,Kiran Chowdhury,6029977369,kiran.chowdhury5951@swiggy.com,M,30,15,Bangalore,2024-04-14 00:00:00,ONE_LITE
5952,Myra Das,8127679671,myra.das5952@swiggy.com,F,44,17,Bangalore,2024-01-17 00:00:00,NONE
5953,Dhruv Singh,9803941862,dhruv.singh5953@swiggy.com,F,43,14,Bangalore,2024-04-07 00:00:00,ONE
5954,Ananya Das,9706885726,ananya.das5954@swiggy.com,M,33,19,Bangalore,2023-12-15 00:00:00,ONE
5955,Reyansh Desai,9841430467,reyansh.desai5955@swiggy.com,M,27,20,Bangalore,2025-10-10 00:00:00,NONE
5956,Arjun Gupta,6079365235,arjun.gupta5956@swiggy.com,M,18,18,Bangalore,2025-06-29 00:00:00,ONE_PLUS
5957,Rohit Das,9238901284,rohit.das5957@swiggy.com,F,46,14,Bangalore,2025-08-24 00:00:00,ONE_LITE
5958,Suresh Naidu,8539377919,suresh.naidu5958@swiggy.com,M,33,13,Bangalore,2024-10-23 00:00:00,ONE_PLUS
5959,Pooja Mehta,7879134555,pooja.mehta5959@swiggy.com,M,37,19,Bangalore,2025-07-07 00:00:00,ONE
5960,Saanvi Naidu,7105401656,saanvi.naidu5960@swiggy.com,M,44,14,Bangalore,2024-03-20 00:00:00,NONE
5961,Anika Desai,7282232871,anika.desai5961@swiggy.com,M,23,12,Bangalore,2024-05-30 00:00:00,NONE
5962,Sneha Patel,9909354571,sneha.patel5962@swiggy.com,M,34,15,Bangalore,2024-10-03 00:00:00,ONE_LITE
5963,Reyansh Patel,8116165731,reyansh.patel5963@swiggy.com,F,31,14,Bangalore,2023-09-12 00:00:00,ONE
5964,Ananya Jain,7640336173,ananya.jain5964@swiggy.com,F,43,16,Bangalore,2024-10-01 00:00:00,NONE
5965,Saanvi Nair,7404920013,saanvi.nair5965@swiggy.com,M,34,15,Bangalore,2025-09-23 00:00:00,NONE
5966,Diya Nair,8414550099,diya.nair5966@swiggy.com,F,20,19,Bangalore,2024-01-28 00:00:00,ONE_LITE
5967,Kiran Rao,9945244297,kiran.rao5967@swiggy.com,M,30,17,Bangalore,2024-09-26 00:00:00,NONE
5968,Saanvi Iyer,7089150467,saanvi.iyer5968@swiggy.com,F,37,13,Bangalore,2024-02-18 00:00:00,NONE
5969,Diya Shetty,6715301113,diya.shetty5969@swiggy.com,M,18,14,Bangalore,2024-07-06 00:00:00,NONE
5970,Rahul Mehta,7949852616,rahul.mehta5970@swiggy.com,F,25,12,Bangalore,2024-10-10 00:00:00,NONE
5971,Reyansh Pillai,7642387023,reyansh.pillai5971@swiggy.com,M,32,18,Bangalore,2024-02-23 00:00:00,NONE
5972,Kiara Chowdhury,9709445776,kiara.chowdhury5972@swiggy.com,F,31,15,Bangalore,2024-01-03 00:00:00,NONE
5973,Kiara Gupta,7263843284,kiara.gupta5973@swiggy.com,M,28,18,Bangalore,2025-08-04 00:00:00,ONE_LITE
5974,Diya Reddy,7971551195,diya.reddy5974@swiggy.com,M,18,16,Bangalore,2025-01-10 00:00:00,ONE_LITE
5975,Rahul Reddy,6591811502,rahul.reddy5975@swiggy.com,F,39,14,Bangalore,2023-12-08 00:00:00,NONE
5976,Varun Kulkarni,9403001387,varun.kulkarni5976@swiggy.com,M,28,12,Bangalore,2025-05-14 00:00:00,ONE
5977,Diya Shetty,9899047076,diya.shetty5977@swiggy.com,M,44,19,Bangalore,2023-11-08 00:00:00,ONE_PLUS
5978,Pooja Patel,9781645339,pooja.patel5978@swiggy.com,M,41,12,Bangalore,2025-08-23 00:00:00,NONE
5979,Ishaan Jain,7695365577,ishaan.jain5979@swiggy.com,F,33,13,Bangalore,2024-07-12 00:00:00,NONE
5980,Vivaan Pillai,7517337964,vivaan.pillai5980@swiggy.com,F,37,13,Bangalore,2024-01-09 00:00:00,ONE_LITE
5981,Vivaan Singh,8255398087,vivaan.singh5981@swiggy.com,M,33,14,Bangalore,2023-08-03 00:00:00,NONE
5982,Aadhya Gupta,6455585688,aadhya.gupta5982@swiggy.com,F,46,13,Bangalore,2023-11-21 00:00:00,NONE
5983,Aarav Rao,9809642076,aarav.rao5983@swiggy.com,M,36,15,Bangalore,2025-07-16 00:00:00,ONE
5984,Kiran Singh,6622188164,kiran.singh5984@swiggy.com,M,31,18,Bangalore,2024-12-06 00:00:00,NONE
5985,Varun Gupta,8527059542,varun.gupta5985@swiggy.com,M,26,15,Bangalore,2025-06-14 00:00:00,NONE
5986,Krishna Rao,8064797767,krishna.rao5986@swiggy.com,M,39,11,Bangalore,2024-10-06 00:00:00,NONE
5987,Reyansh Bose,6218506083,reyansh.bose5987@swiggy.com,M,21,13,Bangalore,2025-05-26 00:00:00,NONE
5988,Aditya Khan,8016020075,aditya.khan5988@swiggy.com,F,35,15,Bangalore,2023-08-16 00:00:00,ONE_LITE
5989,Riya Patel,9822276926,riya.patel5989@swiggy.com,F,26,20,Bangalore,2023-11-11 00:00:00,NONE
5990,Suresh Nair,9133310153,suresh.nair5990@swiggy.com,F,47,12,Bangalore,2024-12-17 00:00:00,NONE
5991,Ira Patel,9879265201,ira.patel5991@swiggy.com,M,23,16,Bangalore,2024-01-05 00:00:00,ONE_PLUS
5992,Rohit Patel,6315615436,rohit.patel5992@swiggy.com,F,18,13,Bangalore,2025-01-18 00:00:00,NONE
5993,Sai Rao,7496591687,sai.rao5993@swiggy.com,M,28,16,Bangalore,2024-09-30 00:00:00,NONE
5994,Krishna Rao,8386210203,krishna.rao5994@swiggy.com,M,29,18,Bangalore,2025-05-03 00:00:00,NONE
5995,Pooja Gowda,9346712699,pooja.gowda5995@swiggy.com,F,18,16,Bangalore,2024-11-27 00:00:00,NONE
5996,Vihaan Mehta,8016555281,vihaan.mehta5996@swiggy.com,M,32,11,Bangalore,2025-05-20 00:00:00,NONE
5997,Kiara Naidu,8928604117,kiara.naidu5997@swiggy.com,F,36,15,Bangalore,2025-07-15 00:00:00,NONE
5998,Nikhil Kulkarni,8698418259,nikhil.kulkarni5998@swiggy.com,M,40,11,Bangalore,2025-06-20 00:00:00,NONE
5999,Reyansh Sharma,7164254329,reyansh.sharma5999@swiggy.com,M,29,15,Bangalore,2025-03-09 00:00:00,NONE
6000,Aadhya Rao,8878626055,aadhya.rao6000@swiggy.com,F,18,11,Bangalore,2025-10-12 00:00:00,NONE
4001,Akash Mehta,7218809033,akash.mehta4001@swiggy.com,M,34,11,Bangalore,2024-08-27 00:00:00,NONE
4002,Neha Nair,6686646820,neha.nair4002@swiggy.com,F,31,18,Bangalore,2025-11-07 00:00:00,NONE
4003,Reyansh Jain,6256330029,reyansh.jain4003@swiggy.com,F,26,16,Bangalore,2025-06-27 00:00:00,ONE_PLUS
4004,Kiara Jain,9932176409,kiara.jain4004@swiggy.com,F,27,12,Bangalore,2023-07-28 00:00:00,NONE
4005,Aditya Sharma,9261179792,aditya.sharma4005@swiggy.com,F,21,13,Bangalore,2024-08-18 00:00:00,ONE_LITE
4006,Nikhil Singh,9755100698,nikhil.singh4006@swiggy.com,M,25,19,Bangalore,2025-03-01 00:00:00,ONE_LITE
4007,Rohit Naidu,8881528447,rohit.naidu4007@swiggy.com,M,18,14,Bangalore,2024-04-26 00:00:00,ONE_LITE
4008,Sneha Gowda,8797179284,sneha.gowda4008@swiggy.com,M,21,12,Bangalore,2023-12-17 00:00:00,NONE
4009,Meera Patel,8996214041,meera.patel4009@swiggy.com,M,22,14,Bangalore,2023-10-13 00:00:00,NONE
4010,Aarav Singh,9019829752,aarav.singh4010@swiggy.com,F,40,20,Bangalore,2024-09-06 00:00:00,ONE_LITE
4011,Krishna Iyer,7247541338,krishna.iyer4011@swiggy.com,F,25,14,Bangalore,2024-11-22 00:00:00,ONE_LITE
4012,Reyansh Reddy,7176085561,reyansh.reddy4012@swiggy.com,F,21,11,Bangalore,2023-09-30 00:00:00,NONE
4013,Arjun Mehta,7319435058,arjun.mehta4013@swiggy.com,M,47,19,Bangalore,2024-01-31 00:00:00,ONE_LITE
4014,Sneha Rao,8172111448,sneha.rao4014@swiggy.com,F,33,15,Bangalore,2024-02-07 00:00:00,NONE
4015,Kiara Iyer,8313154823,kiara.iyer4015@swiggy.com,M,18,14,Bangalore,2024-10-21 00:00:00,ONE
4016,Reyansh Rao,7643203560,reyansh.rao4016@swiggy.com,F,35,11,Bangalore,2025-02-16 00:00:00,ONE_LITE
4017,Nikhil Desai,8121225271,nikhil.desai4017@swiggy.com,M,21,16,Bangalore,2025-05-25 00:00:00,ONE
4018,Ananya Reddy,6492151349,ananya.reddy4018@swiggy.com,M,23,20,Bangalore,2024-11-15 00:00:00,NONE
4019,Aadhya Reddy,9791364928,aadhya.reddy4019@swiggy.com,M,20,17,Bangalore,2025-05-29 00:00:00,NONE
4020,Sai Mehta,7511157923,sai.mehta4020@swiggy.com,F,23,19,Bangalore,2024-07-28 00:00:00,ONE_PLUS
4021,Arjun Sharma,9504505810,arjun.sharma4021@swiggy.com,M,18,17,Bangalore,2024-05-14 00:00:00,NONE
4022,Sai Patel,9682166400,sai.patel4022@swiggy.com,F,30,13,Bangalore,2024-11-28 00:00:00,NONE
4023,Sneha Bose,8590307915,sneha.bose4023@swiggy.com,F,36,13,Bangalore,2024-07-14 00:00:00,ONE_LITE
4024,Aadhya Rao,8368691728,aadhya.rao4024@swiggy.com,M,30,13,Bangalore,2023-07-17 00:00:00,ONE
4025,Meera Reddy,6402711385,meera.reddy4025@swiggy.com,M,34,15,Bangalore,2025-10-08 00:00:00,NONE
4026,Diya Reddy,7816513718,diya.reddy4026@swiggy.com,M,19,13,Bangalore,2025-01-31 00:00:00,NONE
4027,Vivaan Reddy,6922171982,vivaan.reddy4027@swiggy.com,M,31,17,Bangalore,2024-10-31 00:00:00,NONE
4028,Akash Chowdhury,6213660135,akash.chowdhury4028@swiggy.com,M,38,15,Bangalore,2023-07-29 00:00:00,ONE_LITE
4029,Kiara Gupta,7769965660,kiara.gupta4029@swiggy.com,M,26,19,Bangalore,2025-02-15 00:00:00,ONE_LITE
4030,Sneha Shetty,7695880548,sneha.shetty4030@swiggy.com,M,31,15,Bangalore,2024-01-25 00:00:00,NONE
4031,Vivaan Rao,9606703289,vivaan.rao4031@swiggy.com,F,24,18,Bangalore,2025-10-06 00:00:00,NONE
4032,Vihaan Singh,8203635759,vihaan.singh4032@swiggy.com,F,21,20,Bangalore,2025-06-28 00:00:00,NONE
4033,Pooja Patel,7650131918,pooja.patel4033@swiggy.com,F,26,17,Bangalore,2025-03-19 00:00:00,NONE
4034,Kiara Gowda,7658673634,kiara.gowda4034@swiggy.com,M,37,19,Bangalore,2023-10-11 00:00:00,NONE
4035,Rahul Nair,6312242976,rahul.nair4035@swiggy.com,M,39,14,Bangalore,2024-10-20 00:00:00,ONE
4036,Vivaan Patel,9045182379,vivaan.patel4036@swiggy.com,M,19,20,Bangalore,2024-05-17 00:00:00,ONE_LITE
4037,Suresh Kulkarni,9666155680,suresh.kulkarni4037@swiggy.com,M,30,20,Bangalore,2023-08-08 00:00:00,NONE
4038,Vihaan Desai,7845788262,vihaan.desai4038@swiggy.com,M,18,18,Bangalore,2024-03-25 00:00:00,ONE
4039,Aarav Mehta,7008005456,aarav.mehta4039@swiggy.com,F,26,20,Bangalore,2025-05-02 00:00:00,ONE
4040,Akash Gupta,9357330967,akash.gupta4040@swiggy.com,M,36,14,Bangalore,2025-05-19 00:00:00,NONE
4041,Aarav Kulkarni,9640131543,aarav.kulkarni4041@swiggy.com,M,39,18,Bangalore,2024-12-07 00:00:00,NONE
4042,Neha Kulkarni,8803245335,neha.kulkarni4042@swiggy.com,F,18,12,Bangalore,2025-11-09 00:00:00,NONE
4043,Aditya Chowdhury,7873725299,aditya.chowdhury4043@swiggy.com,M,26,20,Bangalore,2025-05-19 00:00:00,ONE
4044,Arjun Das,9067789761,arjun.das4044@swiggy.com,F,35,12,Bangalore,2023-09-07 00:00:00,NONE
4045,Myra Sharma,8065442739,myra.sharma4045@swiggy.com,F,41,12,Bangalore,2024-03-25 00:00:00,NONE
4046,Aditya Gowda,9144885452,aditya.gowda4046@swiggy.com,M,35,19,Bangalore,2025-08-03 00:00:00,NONE
4047,Diya Rao,6770261968,diya.rao4047@swiggy.com,M,18,13,Bangalore,2025-03-03 00:00:00,ONE_LITE
4048,Aditya Shetty,7285746703,aditya.shetty4048@swiggy.com,M,25,16,Bangalore,2024-07-07 00:00:00,ONE_LITE
4049,Sneha Gowda,9908708939,sneha.gowda4049@swiggy.com,M,28,15,Bangalore,2024-04-19 00:00:00,ONE_LITE
4050,Sneha Bose,6173842968,sneha.bose4050@swiggy.com,F,25,15,Bangalore,2025-01-13 00:00:00,NONE
4051,Anika Sharma,6934312208,anika.sharma4051@swiggy.com,M,20,14,Bangalore,2023-09-06 00:00:00,NONE
4052,Nikhil Kulkarni,6544970927,nikhil.kulkarni4052@swiggy.com,M,55,12,Bangalore,2023-07-24 00:00:00,NONE
4053,Meera Khan,6207458594,meera.khan4053@swiggy.com,F,25,18,Bangalore,2024-09-05 00:00:00,ONE_PLUS
4054,Sai Gupta,8390464835,sai.gupta4054@swiggy.com,M,18,17,Bangalore,2024-09-28 00:00:00,NONE
4055,Neha Das,9162148069,neha.das4055@swiggy.com,F,33,14,Bangalore,2025-07-20 00:00:00,ONE_LITE
4056,Krishna Gupta,8690392297,krishna.gupta4056@swiggy.com,M,26,19,Bangalore,2025-07-19 00:00:00,NONE
4057,Dhruv Reddy,6099721046,dhruv.reddy4057@swiggy.com,M,29,18,Bangalore,2023-11-07 00:00:00,NONE
4058,Sneha Das,8995411559,sneha.das4058@swiggy.com,F,37,14,Bangalore,2024-12-31 00:00:00,NONE
4059,Diya Mehta,8117943573,diya.mehta4059@swiggy.com,F,34,14,Bangalore,2025-03-29 00:00:00,ONE
4060,Riya Gupta,9210757005,riya.gupta4060@swiggy.com,F,37,14,Bangalore,2024-02-01 00:00:00,ONE
4061,Kiran Kulkarni,7498018315,kiran.kulkarni4061@swiggy.com,F,22,12,Bangalore,2023-07-30 00:00:00,NONE
4062,Krishna Mehta,9805092633,krishna.mehta4062@swiggy.com,F,19,14,Bangalore,2023-12-19 00:00:00,NONE
4063,Suresh Nair,6124147033,suresh.nair4063@swiggy.com,F,34,18,Bangalore,2024-09-06 00:00:00,NONE
4064,Reyansh Patel,6338692091,reyansh.patel4064@swiggy.com,F,29,18,Bangalore,2023-12-20 00:00:00,NONE
4065,Ishaan Rao,9432277869,ishaan.rao4065@swiggy.com,M,42,13,Bangalore,2025-07-18 00:00:00,ONE
4066,Riya Rao,8903964889,riya.rao4066@swiggy.com,F,23,20,Bangalore,2024-02-29 00:00:00,ONE
4067,Suresh Sharma,6842096174,suresh.sharma4067@swiggy.com,F,41,20,Bangalore,2025-04-24 00:00:00,NONE
4068,Vivaan Iyer,9619730360,vivaan.iyer4068@swiggy.com,M,18,14,Bangalore,2025-09-12 00:00:00,ONE
4069,Pooja Nair,6543055261,pooja.nair4069@swiggy.com,F,40,20,Bangalore,2024-12-14 00:00:00,ONE
4070,Kiran Chowdhury,8897032355,kiran.chowdhury4070@swiggy.com,M,27,18,Bangalore,2023-09-28 00:00:00,NONE
4071,Nikhil Das,6343359951,nikhil.das4071@swiggy.com,M,41,11,Bangalore,2024-07-12 00:00:00,ONE_PLUS
4072,Nikhil Iyer,8873245680,nikhil.iyer4072@swiggy.com,F,23,17,Bangalore,2025-03-31 00:00:00,ONE_LITE
4073,Vivaan Chowdhury,7646111622,vivaan.chowdhury4073@swiggy.com,F,27,12,Bangalore,2024-10-08 00:00:00,NONE
4074,Dhruv Jain,6763336777,dhruv.jain4074@swiggy.com,F,18,20,Bangalore,2023-09-02 00:00:00,NONE
4075,Aditya Jain,8131701742,aditya.jain4075@swiggy.com,M,25,15,Bangalore,2024-12-26 00:00:00,NONE
4076,Reyansh Khan,8476172633,reyansh.khan4076@swiggy.com,F,29,20,Bangalore,2025-09-01 00:00:00,NONE
4077,Suresh Bose,9848044660,suresh.bose4077@swiggy.com,F,22,13,Bangalore,2024-12-19 00:00:00,NONE
4078,Myra Pillai,9267251739,myra.pillai4078@swiggy.com,O,32,20,Bangalore,2024-01-05 00:00:00,ONE
4079,Vihaan Gowda,9775195685,vihaan.gowda4079@swiggy.com,F,26,14,Bangalore,2024-04-30 00:00:00,NONE
4080,Ananya Reddy,6255933310,ananya.reddy4080@swiggy.com,M,18,14,Bangalore,2023-11-18 00:00:00,ONE
4081,Ira Naidu,6937614979,ira.naidu4081@swiggy.com,M,22,12,Bangalore,2025-03-01 00:00:00,NONE
4082,Sai Mehta,8889384837,sai.mehta4082@swiggy.com,M,43,18,Bangalore,2023-11-26 00:00:00,ONE
4083,Riya Rao,7202325327,riya.rao4083@swiggy.com,F,36,15,Bangalore,2024-03-31 00:00:00,NONE
4084,Rahul Naidu,8066592109,rahul.naidu4084@swiggy.com,M,19,12,Bangalore,2025-07-22 00:00:00,NONE
4085,Ishaan Sharma,8051910798,ishaan.sharma4085@swiggy.com,F,42,16,Bangalore,2024-03-16 00:00:00,NONE
4086,Ira Bose,6078456117,ira.bose4086@swiggy.com,F,32,18,Bangalore,2024-09-17 00:00:00,NONE
4087,Vivaan Reddy,9594262616,vivaan.reddy4087@swiggy.com,F,37,18,Bangalore,2025-02-04 00:00:00,NONE
4088,Anika Reddy,9123113294,anika.reddy4088@swiggy.com,F,38,20,Bangalore,2024-12-04 00:00:00,NONE
4089,Ira Bose,8446920621,ira.bose4089@swiggy.com,F,22,15,Bangalore,2024-10-25 00:00:00,NONE
4090,Riya Jain,7974083913,riya.jain4090@swiggy.com,M,21,12,Bangalore,2025-09-13 00:00:00,NONE
4091,Ananya Desai,7039233523,ananya.desai4091@swiggy.com,F,39,19,Bangalore,2023-07-22 00:00:00,NONE
4092,Arjun Pillai,7759578657,arjun.pillai4092@swiggy.com,M,31,18,Bangalore,2025-06-18 00:00:00,ONE
4093,Kiara Bose,9036987523,kiara.bose4093@swiggy.com,M,28,17,Bangalore,2024-10-26 00:00:00,NONE
4094,Ananya Shetty,8749874796,ananya.shetty4094@swiggy.com,M,37,14,Bangalore,2025-10-26 00:00:00,NONE
4095,Rahul Shetty,6978098631,rahul.shetty4095@swiggy.com,M,40,11,Bangalore,2024-08-13 00:00:00,NONE
4096,Neha Reddy,6596475095,neha.reddy4096@swiggy.com,M,25,20,Bangalore,2025-01-31 00:00:00,ONE
4097,Aadhya Gowda,9781854201,aadhya.gowda4097@swiggy.com,F,36,20,Bangalore,2025-08-17 00:00:00,NONE
4098,Vihaan Jain,9689545373,vihaan.jain4098@swiggy.com,F,20,15,Bangalore,2024-07-04 00:00:00,ONE_LITE
4099,Anika Shetty,8591656356,anika.shetty4099@swiggy.com,M,34,17,Bangalore,2024-03-13 00:00:00,ONE
4100,Saanvi Nair,8276937539,saanvi.nair4100@swiggy.com,M,18,15,Bangalore,2023-12-13 00:00:00,ONE
4101,Nikhil Chowdhury,7189482424,nikhil.chowdhury4101@swiggy.com,M,35,20,Bangalore,2025-05-21 00:00:00,ONE
4102,Diya Rao,7824320919,diya.rao4102@swiggy.com,M,23,17,Bangalore,2023-11-06 00:00:00,NONE
4103,Anika Desai,8391535362,anika.desai4103@swiggy.com,M,40,19,Bangalore,2024-11-15 00:00:00,NONE
4104,Ananya Iyer,9101995675,ananya.iyer4104@swiggy.com,M,49,14,Bangalore,2025-06-03 00:00:00,NONE
4105,Aditya Sharma,9018684703,aditya.sharma4105@swiggy.com,M,30,12,Bangalore,2025-02-24 00:00:00,NONE
4106,Ira Patel,7815102852,ira.patel4106@swiggy.com,F,36,18,Bangalore,2024-04-24 00:00:00,NONE
4107,Aarav Chowdhury,9701574742,aarav.chowdhury4107@swiggy.com,M,30,18,Bangalore,2023-10-22 00:00:00,NONE
4108,Sai Mehta,6016137246,sai.mehta4108@swiggy.com,M,30,16,Bangalore,2025-02-19 00:00:00,NONE
4109,Saanvi Shetty,6177775408,saanvi.shetty4109@swiggy.com,F,26,13,Bangalore,2025-11-26 00:00:00,NONE
4110,Pooja Mehta,7359801802,pooja.mehta4110@swiggy.com,F,18,14,Bangalore,2025-04-28 00:00:00,ONE
4111,Ananya Nair,9952915413,ananya.nair4111@swiggy.com,M,18,19,Bangalore,2023-11-22 00:00:00,NONE
4112,Varun Mehta,9662952402,varun.mehta4112@swiggy.com,F,33,15,Bangalore,2024-03-05 00:00:00,NONE
4113,Riya Shetty,6807057161,riya.shetty4113@swiggy.com,M,21,18,Bangalore,2024-02-18 00:00:00,NONE
4114,Rohit Shetty,6544712330,rohit.shetty4114@swiggy.com,M,18,11,Bangalore,2025-11-13 00:00:00,NONE
4115,Sai Shetty,9153073529,sai.shetty4115@swiggy.com,F,26,13,Bangalore,2025-06-28 00:00:00,NONE
4116,Varun Naidu,8113107302,varun.naidu4116@swiggy.com,F,18,13,Bangalore,2023-11-24 00:00:00,ONE_LITE
4117,Rohit Iyer,7755569161,rohit.iyer4117@swiggy.com,M,45,19,Bangalore,2024-02-07 00:00:00,NONE
4118,Suresh Mehta,6791540774,suresh.mehta4118@swiggy.com,M,29,13,Bangalore,2024-07-01 00:00:00,NONE
4119,Ishaan Khan,6967617333,ishaan.khan4119@swiggy.com,M,18,13,Bangalore,2025-08-06 00:00:00,NONE
4120,Arjun Singh,9789996987,arjun.singh4120@swiggy.com,F,28,18,Bangalore,2025-07-16 00:00:00,ONE
4121,Rohit Kulkarni,6222830298,rohit.kulkarni4121@swiggy.com,M,24,13,Bangalore,2025-06-01 00:00:00,NONE
4122,Suresh Sharma,9406509497,suresh.sharma4122@swiggy.com,O,29,14,Bangalore,2025-07-02 00:00:00,ONE
4123,Nikhil Desai,7544077422,nikhil.desai4123@swiggy.com,M,33,17,Bangalore,2024-07-21 00:00:00,NONE
4124,Krishna Singh,9159792635,krishna.singh4124@swiggy.com,F,21,14,Bangalore,2024-07-02 00:00:00,ONE_LITE
4125,Pooja Rao,6791981794,pooja.rao4125@swiggy.com,M,44,15,Bangalore,2024-01-02 00:00:00,ONE
4126,Reyansh Pillai,9873167314,reyansh.pillai4126@swiggy.com,M,38,17,Bangalore,2025-06-22 00:00:00,NONE
4127,Arjun Sharma,9478013364,arjun.sharma4127@swiggy.com,F,41,14,Bangalore,2024-08-27 00:00:00,ONE_LITE
4128,Ishaan Desai,9047826659,ishaan.desai4128@swiggy.com,F,44,15,Bangalore,2024-07-24 00:00:00,ONE_LITE
4129,Kiran Nair,6658700127,kiran.nair4129@swiggy.com,F,18,18,Bangalore,2025-07-23 00:00:00,NONE
4130,Rohit Reddy,9521581336,rohit.reddy4130@swiggy.com,F,27,13,Bangalore,2025-04-17 00:00:00,NONE
4131,Rahul Gupta,9729913282,rahul.gupta4131@swiggy.com,F,18,14,Bangalore,2024-03-06 00:00:00,ONE_LITE
4132,Arjun Bose,7707558957,arjun.bose4132@swiggy.com,M,18,14,Bangalore,2025-08-08 00:00:00,NONE
4133,Kiran Desai,6266185615,kiran.desai4133@swiggy.com,M,44,19,Bangalore,2024-07-05 00:00:00,ONE
4134,Meera Nair,8800124441,meera.nair4134@swiggy.com,F,38,20,Bangalore,2023-07-17 00:00:00,NONE
4135,Ishaan Pillai,9859754436,ishaan.pillai4135@swiggy.com,M,27,11,Bangalore,2023-10-03 00:00:00,NONE
4136,Ira Jain,7851303649,ira.jain4136@swiggy.com,F,25,19,Bangalore,2023-10-22 00:00:00,ONE_PLUS
4137,Varun Rao,8015043380,varun.rao4137@swiggy.com,F,18,16,Bangalore,2024-12-20 00:00:00,NONE
4138,Suresh Singh,8493139499,suresh.singh4138@swiggy.com,F,25,13,Bangalore,2024-02-10 00:00:00,ONE
4139,Aditya Patel,7203921477,aditya.patel4139@swiggy.com,M,24,13,Bangalore,2025-03-25 00:00:00,ONE
4140,Myra Rao,6157437337,myra.rao4140@swiggy.com,F,34,18,Bangalore,2025-07-15 00:00:00,ONE_LITE
4141,Varun Sharma,6726546506,varun.sharma4141@swiggy.com,F,24,18,Bangalore,2025-02-07 00:00:00,NONE
4142,Sai Gowda,8574173759,sai.gowda4142@swiggy.com,M,29,17,Bangalore,2023-09-12 00:00:00,ONE
4143,Aditya Reddy,9084289597,aditya.reddy4143@swiggy.com,M,29,19,Bangalore,2025-09-23 00:00:00,ONE_LITE
4144,Rahul Jain,9547213701,rahul.jain4144@swiggy.com,M,31,14,Bangalore,2024-07-27 00:00:00,NONE
4145,Arjun Shetty,6922363979,arjun.shetty4145@swiggy.com,F,29,20,Bangalore,2024-01-07 00:00:00,ONE
4146,Kiara Singh,8278748409,kiara.singh4146@swiggy.com,M,45,13,Bangalore,2024-08-30 00:00:00,NONE
4147,Myra Bose,7107146514,myra.bose4147@swiggy.com,M,19,19,Bangalore,2024-10-27 00:00:00,ONE_LITE
4148,Meera Naidu,7968995575,meera.naidu4148@swiggy.com,M,27,12,Bangalore,2023-08-09 00:00:00,ONE
4149,Sai Chowdhury,9101439753,sai.chowdhury4149@swiggy.com,M,42,20,Bangalore,2025-09-17 00:00:00,NONE
4150,Vivaan Shetty,6177761477,vivaan.shetty4150@swiggy.com,M,32,18,Bangalore,2025-09-12 00:00:00,NONE
4151,Ishaan Singh,8719270181,ishaan.singh4151@swiggy.com,F,23,15,Bangalore,2025-02-03 00:00:00,NONE
4152,Ishaan Shetty,9501712934,ishaan.shetty4152@swiggy.com,F,23,11,Bangalore,2025-03-01 00:00:00,ONE
4153,Krishna Reddy,8945262932,krishna.reddy4153@swiggy.com,F,25,18,Bangalore,2024-06-20 00:00:00,ONE_PLUS
4154,Meera Jain,9367746902,meera.jain4154@swiggy.com,M,24,17,Bangalore,2023-12-30 00:00:00,NONE
4155,Riya Naidu,9599737392,riya.naidu4155@swiggy.com,F,22,16,Bangalore,2025-09-19 00:00:00,ONE_PLUS
4156,Meera Mehta,7698608048,meera.mehta4156@swiggy.com,F,35,16,Bangalore,2024-10-11 00:00:00,ONE
4157,Kiran Gowda,6188477093,kiran.gowda4157@swiggy.com,F,26,19,Bangalore,2024-08-21 00:00:00,NONE
4158,Neha Patel,8814386533,neha.patel4158@swiggy.com,F,28,14,Bangalore,2023-11-23 00:00:00,ONE_LITE
4159,Rohit Reddy,6553744236,rohit.reddy4159@swiggy.com,M,22,11,Bangalore,2025-03-19 00:00:00,NONE
4160,Anika Reddy,6302044490,anika.reddy4160@swiggy.com,M,36,19,Bangalore,2025-05-16 00:00:00,NONE
4161,Sneha Sharma,6271913520,sneha.sharma4161@swiggy.com,M,32,20,Bangalore,2023-07-25 00:00:00,NONE
4162,Reyansh Reddy,8596308723,reyansh.reddy4162@swiggy.com,F,18,16,Bangalore,2025-01-21 00:00:00,NONE
4163,Sai Naidu,8870182306,sai.naidu4163@swiggy.com,M,29,15,Bangalore,2024-04-22 00:00:00,NONE
4164,Rahul Nair,8425053009,rahul.nair4164@swiggy.com,F,27,15,Bangalore,2024-06-22 00:00:00,NONE
4165,Ananya Patel,6314488062,ananya.patel4165@swiggy.com,M,31,15,Bangalore,2025-04-07 00:00:00,ONE
4166,Akash Iyer,7453740564,akash.iyer4166@swiggy.com,M,22,17,Bangalore,2025-05-06 00:00:00,ONE
4167,Pooja Kulkarni,8856998446,pooja.kulkarni4167@swiggy.com,F,36,16,Bangalore,2024-06-28 00:00:00,ONE_LITE
4168,Ananya Iyer,9598523470,ananya.iyer4168@swiggy.com,F,35,20,Bangalore,2024-10-09 00:00:00,ONE
4169,Nikhil Kulkarni,7324600777,nikhil.kulkarni4169@swiggy.com,F,36,18,Bangalore,2024-06-24 00:00:00,NONE
4170,Kiara Gupta,7534779873,kiara.gupta4170@swiggy.com,M,38,19,Bangalore,2023-11-20 00:00:00,ONE_PLUS
4171,Pooja Kulkarni,6340068914,pooja.kulkarni4171@swiggy.com,M,22,12,Bangalore,2023-11-15 00:00:00,NONE
4172,Meera Iyer,9819505221,meera.iyer4172@swiggy.com,M,23,20,Bangalore,2024-04-28 00:00:00,ONE_LITE
4173,Akash Das,9366521438,akash.das4173@swiggy.com,F,22,15,Bangalore,2023-11-28 00:00:00,ONE_LITE
4174,Kiara Gupta,8205632351,kiara.gupta4174@swiggy.com,F,22,14,Bangalore,2024-06-18 00:00:00,ONE_LITE
4175,Aarav Nair,6424460508,aarav.nair4175@swiggy.com,F,30,13,Bangalore,2023-10-26 00:00:00,ONE
4176,Vivaan Reddy,8873840787,vivaan.reddy4176@swiggy.com,F,34,12,Bangalore,2025-11-27 00:00:00,ONE
4177,Riya Bose,9399673177,riya.bose4177@swiggy.com,M,29,15,Bangalore,2023-12-18 00:00:00,ONE
4178,Vivaan Iyer,8181934991,vivaan.iyer4178@swiggy.com,M,34,13,Bangalore,2024-11-30 00:00:00,ONE
4179,Anika Rao,6793267208,anika.rao4179@swiggy.com,M,23,18,Bangalore,2025-09-14 00:00:00,NONE
4180,Nikhil Singh,9149235253,nikhil.singh4180@swiggy.com,M,26,11,Bangalore,2023-10-07 00:00:00,ONE
4181,Saanvi Kulkarni,9479012136,saanvi.kulkarni4181@swiggy.com,M,18,20,Bangalore,2025-07-31 00:00:00,NONE
4182,Saanvi Nair,8140076411,saanvi.nair4182@swiggy.com,M,34,15,Bangalore,2024-03-25 00:00:00,NONE
4183,Suresh Das,6551964816,suresh.das4183@swiggy.com,M,25,15,Bangalore,2024-05-02 00:00:00,ONE_LITE
4184,Diya Sharma,8826892396,diya.sharma4184@swiggy.com,M,23,18,Bangalore,2024-06-04 00:00:00,ONE_PLUS
4185,Arjun Iyer,9267338339,arjun.iyer4185@swiggy.com,M,22,11,Bangalore,2025-09-19 00:00:00,ONE_LITE
4186,Anika Nair,7270762265,anika.nair4186@swiggy.com,M,29,12,Bangalore,2023-09-27 00:00:00,NONE
4187,Ananya Naidu,9007560427,ananya.naidu4187@swiggy.com,M,44,12,Bangalore,2025-03-06 00:00:00,NONE
4188,Sneha Mehta,8090804441,sneha.mehta4188@swiggy.com,F,18,17,Bangalore,2025-11-05 00:00:00,ONE_PLUS
4189,Kiara Mehta,6316347311,kiara.mehta4189@swiggy.com,F,30,11,Bangalore,2025-09-27 00:00:00,NONE
4190,Rahul Kulkarni,7200384612,rahul.kulkarni4190@swiggy.com,M,20,11,Bangalore,2023-10-25 00:00:00,NONE
4191,Anika Sharma,6982547357,anika.sharma4191@swiggy.com,M,26,17,Bangalore,2023-10-17 00:00:00,NONE
4192,Rahul Bose,7086040310,rahul.bose4192@swiggy.com,M,46,14,Bangalore,2024-05-01 00:00:00,NONE
4193,Arjun Rao,8832183518,arjun.rao4193@swiggy.com,F,36,18,Bangalore,2024-10-23 00:00:00,NONE
4194,Ananya Sharma,6825496198,ananya.sharma4194@swiggy.com,F,26,13,Bangalore,2025-07-20 00:00:00,NONE
4195,Varun Das,7437057978,varun.das4195@swiggy.com,M,19,12,Bangalore,2025-03-06 00:00:00,NONE
4196,Ananya Shetty,9248819222,ananya.shetty4196@swiggy.com,F,20,12,Bangalore,2024-05-22 00:00:00,NONE
4197,Vivaan Bose,9858805407,vivaan.bose4197@swiggy.com,F,24,16,Bangalore,2023-10-08 00:00:00,ONE_LITE
4198,Kiara Mehta,6353114333,kiara.mehta4198@swiggy.com,M,37,18,Bangalore,2024-10-10 00:00:00,ONE_LITE
4199,Nikhil Mehta,7954302814,nikhil.mehta4199@swiggy.com,M,37,17,Bangalore,2023-07-20 00:00:00,ONE
4200,Riya Jain,8871409317,riya.jain4200@swiggy.com,M,32,18,Bangalore,2025-01-12 00:00:00,NONE
4201,Meera Rao,9610923842,meera.rao4201@swiggy.com,M,33,15,Bangalore,2024-03-14 00:00:00,NONE
4202,Vivaan Mehta,8572120462,vivaan.mehta4202@swiggy.com,M,31,13,Bangalore,2025-03-13 00:00:00,NONE
4203,Rahul Mehta,6962874931,rahul.mehta4203@swiggy.com,M,32,18,Bangalore,2025-05-07 00:00:00,ONE_LITE
4204,Dhruv Nair,9365466779,dhruv.nair4204@swiggy.com,M,28,17,Bangalore,2024-11-28 00:00:00,ONE_LITE
4205,Akash Jain,7615815464,akash.jain4205@swiggy.com,F,35,19,Bangalore,2025-08-14 00:00:00,NONE
4206,Diya Iyer,9937304255,diya.iyer4206@swiggy.com,F,34,11,Bangalore,2025-01-07 00:00:00,NONE
4207,Diya Gowda,6805600585,diya.gowda4207@swiggy.com,F,21,19,Bangalore,2024-06-12 00:00:00,ONE_LITE
4208,Aditya Shetty,6563462006,aditya.shetty4208@swiggy.com,M,32,11,Bangalore,2023-08-07 00:00:00,ONE_PLUS
4209,Vihaan Nair,6402314519,vihaan.nair4209@swiggy.com,F,39,12,Bangalore,2023-09-23 00:00:00,NONE
4210,Pooja Mehta,6076617084,pooja.mehta4210@swiggy.com,M,33,12,Bangalore,2024-03-18 00:00:00,NONE
4211,Ananya Rao,7619209855,ananya.rao4211@swiggy.com,M,26,14,Bangalore,2025-07-21 00:00:00,ONE
4212,Ira Jain,8984700683,ira.jain4212@swiggy.com,M,34,11,Bangalore,2024-12-30 00:00:00,ONE
4213,Aditya Chowdhury,6778654920,aditya.chowdhury4213@swiggy.com,F,44,12,Bangalore,2023-09-10 00:00:00,ONE_LITE
4214,Akash Mehta,7611912495,akash.mehta4214@swiggy.com,F,28,16,Bangalore,2025-01-23 00:00:00,ONE
4215,Reyansh Patel,8380364828,reyansh.patel4215@swiggy.com,M,24,18,Bangalore,2025-05-14 00:00:00,ONE
4216,Meera Nair,8624612392,meera.nair4216@swiggy.com,M,26,12,Bangalore,2024-02-01 00:00:00,ONE_LITE
4217,Meera Reddy,6878452865,meera.reddy4217@swiggy.com,M,32,20,Bangalore,2025-02-12 00:00:00,NONE
4218,Dhruv Sharma,8144300944,dhruv.sharma4218@swiggy.com,F,40,16,Bangalore,2024-05-28 00:00:00,NONE
4219,Ananya Shetty,6577293975,ananya.shetty4219@swiggy.com,F,19,18,Bangalore,2025-07-21 00:00:00,NONE
4220,Saanvi Mehta,8088914728,saanvi.mehta4220@swiggy.com,F,33,17,Bangalore,2024-09-03 00:00:00,ONE_LITE
4221,Aarav Chowdhury,7147328422,aarav.chowdhury4221@swiggy.com,F,25,18,Bangalore,2025-08-14 00:00:00,NONE
4222,Sneha Rao,8994659691,sneha.rao4222@swiggy.com,M,23,15,Bangalore,2024-04-27 00:00:00,NONE
4223,Sneha Khan,7091923515,sneha.khan4223@swiggy.com,F,28,13,Bangalore,2024-12-22 00:00:00,NONE
4224,Ishaan Singh,9388771106,ishaan.singh4224@swiggy.com,F,23,18,Bangalore,2025-08-06 00:00:00,NONE
4225,Akash Sharma,9701629916,akash.sharma4225@swiggy.com,F,28,13,Bangalore,2023-11-18 00:00:00,ONE_PLUS
4226,Rahul Gupta,7372871372,rahul.gupta4226@swiggy.com,M,23,19,Bangalore,2024-07-25 00:00:00,ONE_LITE
4227,Diya Das,7618579664,diya.das4227@swiggy.com,F,36,14,Bangalore,2024-10-11 00:00:00,NONE
4228,Vihaan Khan,7233654185,vihaan.khan4228@swiggy.com,F,38,16,Bangalore,2023-12-18 00:00:00,ONE_PLUS
4229,Krishna Iyer,6194227860,krishna.iyer4229@swiggy.com,F,31,13,Bangalore,2024-05-22 00:00:00,ONE
4230,Vihaan Nair,8274762506,vihaan.nair4230@swiggy.com,F,18,15,Bangalore,2023-11-09 00:00:00,ONE
4231,Sneha Das,7693019466,sneha.das4231@swiggy.com,M,18,15,Bangalore,2025-10-26 00:00:00,ONE
4232,Varun Reddy,6321523152,varun.reddy4232@swiggy.com,M,38,15,Bangalore,2024-03-26 00:00:00,NONE
4233,Ira Kulkarni,9351920824,ira.kulkarni4233@swiggy.com,F,22,20,Bangalore,2024-12-29 00:00:00,NONE
4234,Ira Rao,6986415527,ira.rao4234@swiggy.com,M,21,16,Bangalore,2024-04-25 00:00:00,ONE_PLUS
4235,Vihaan Mehta,6453775168,vihaan.mehta4235@swiggy.com,M,31,15,Bangalore,2025-03-08 00:00:00,NONE
4236,Dhruv Gowda,8997666527,dhruv.gowda4236@swiggy.com,M,23,12,Bangalore,2023-08-24 00:00:00,NONE
4237,Diya Chowdhury,6428749891,diya.chowdhury4237@swiggy.com,M,29,12,Bangalore,2023-12-10 00:00:00,ONE
4238,Aditya Pillai,9942869369,aditya.pillai4238@swiggy.com,F,37,11,Bangalore,2024-08-16 00:00:00,NONE
4239,Kiran Rao,9737549070,kiran.rao4239@swiggy.com,M,28,12,Bangalore,2024-06-29 00:00:00,NONE
4240,Neha Bose,7765378923,neha.bose4240@swiggy.com,F,49,12,Bangalore,2024-04-10 00:00:00,ONE
4241,Arjun Rao,7039853885,arjun.rao4241@swiggy.com,F,33,15,Bangalore,2025-07-16 00:00:00,NONE
4242,Myra Reddy,9024295903,myra.reddy4242@swiggy.com,F,30,14,Bangalore,2024-02-01 00:00:00,ONE
4243,Reyansh Nair,9818162657,reyansh.nair4243@swiggy.com,F,22,20,Bangalore,2025-05-28 00:00:00,NONE
4244,Diya Khan,9600548261,diya.khan4244@swiggy.com,M,23,18,Bangalore,2025-05-29 00:00:00,ONE
4245,Pooja Rao,9936831618,pooja.rao4245@swiggy.com,M,24,20,Bangalore,2024-11-25 00:00:00,ONE_PLUS
4246,Kiara Jain,6360749962,kiara.jain4246@swiggy.com,M,37,20,Bangalore,2023-07-13 00:00:00,NONE
4247,Arjun Khan,7506670342,arjun.khan4247@swiggy.com,M,41,13,Bangalore,2025-09-06 00:00:00,ONE_LITE
4248,Reyansh Gupta,6029584748,reyansh.gupta4248@swiggy.com,M,27,13,Bangalore,2024-10-23 00:00:00,ONE
4249,Pooja Gowda,7433408521,pooja.gowda4249@swiggy.com,F,23,17,Bangalore,2025-06-15 00:00:00,ONE_LITE
4250,Riya Jain,8978640443,riya.jain4250@swiggy.com,M,18,17,Bangalore,2024-04-19 00:00:00,NONE
4251,Neha Rao,7216776069,neha.rao4251@swiggy.com,M,24,17,Bangalore,2024-08-19 00:00:00,NONE
4252,Anika Gupta,8307963134,anika.gupta4252@swiggy.com,M,31,20,Bangalore,2024-04-22 00:00:00,NONE
4253,Sneha Gupta,6545644538,sneha.gupta4253@swiggy.com,M,19,15,Bangalore,2025-07-15 00:00:00,NONE
4254,Dhruv Nair,9608333367,dhruv.nair4254@swiggy.com,F,44,11,Bangalore,2024-08-17 00:00:00,ONE_LITE
4255,Krishna Pillai,9267882027,krishna.pillai4255@swiggy.com,F,41,14,Bangalore,2024-10-23 00:00:00,NONE
4256,Ishaan Singh,8935572790,ishaan.singh4256@swiggy.com,F,29,12,Bangalore,2025-09-30 00:00:00,NONE
4257,Ananya Rao,8767301186,ananya.rao4257@swiggy.com,F,18,14,Bangalore,2025-05-06 00:00:00,ONE
4258,Varun Reddy,9247342053,varun.reddy4258@swiggy.com,F,44,20,Bangalore,2025-06-22 00:00:00,ONE
4259,Dhruv Gowda,9902118443,dhruv.gowda4259@swiggy.com,M,24,18,Bangalore,2023-12-06 00:00:00,ONE_PLUS
4260,Pooja Naidu,6505672212,pooja.naidu4260@swiggy.com,M,35,14,Bangalore,2024-05-17 00:00:00,NONE
4261,Myra Gupta,6070446884,myra.gupta4261@swiggy.com,F,33,17,Bangalore,2023-10-22 00:00:00,NONE
4262,Vihaan Chowdhury,9606628785,vihaan.chowdhury4262@swiggy.com,M,21,16,Bangalore,2024-05-28 00:00:00,ONE_LITE
4263,Aditya Gowda,6759369260,aditya.gowda4263@swiggy.com,F,34,13,Bangalore,2025-03-31 00:00:00,NONE
4264,Meera Gowda,9942718894,meera.gowda4264@swiggy.com,M,25,11,Bangalore,2024-01-01 00:00:00,ONE_PLUS
4265,Ishaan Sharma,9672092721,ishaan.sharma4265@swiggy.com,M,22,18,Bangalore,2024-06-14 00:00:00,NONE
4266,Dhruv Naidu,7538554415,dhruv.naidu4266@swiggy.com,F,38,14,Bangalore,2024-07-18 00:00:00,NONE
4267,Rahul Gupta,9004080674,rahul.gupta4267@swiggy.com,M,33,19,Bangalore,2024-01-11 00:00:00,ONE_PLUS
4268,Neha Shetty,8990718106,neha.shetty4268@swiggy.com,F,29,20,Bangalore,2023-12-08 00:00:00,ONE_LITE
4269,Vihaan Sharma,6745205744,vihaan.sharma4269@swiggy.com,F,35,17,Bangalore,2025-05-03 00:00:00,ONE_LITE
4270,Ira Iyer,6964191837,ira.iyer4270@swiggy.com,F,32,19,Bangalore,2024-03-12 00:00:00,ONE_LITE
4271,Neha Pillai,9009300719,neha.pillai4271@swiggy.com,M,23,18,Bangalore,2024-11-17 00:00:00,NONE
4272,Vivaan Nair,7045831888,vivaan.nair4272@swiggy.com,M,38,13,Bangalore,2025-04-25 00:00:00,ONE_LITE
4273,Vivaan Mehta,6982530367,vivaan.mehta4273@swiggy.com,M,33,19,Bangalore,2025-11-01 00:00:00,ONE
4274,Suresh Reddy,7102205454,suresh.reddy4274@swiggy.com,F,40,12,Bangalore,2024-07-29 00:00:00,NONE
4275,Ishaan Shetty,8852121501,ishaan.shetty4275@swiggy.com,M,25,13,Bangalore,2024-10-28 00:00:00,NONE
4276,Krishna Singh,6018313801,krishna.singh4276@swiggy.com,M,28,12,Bangalore,2025-09-27 00:00:00,ONE_PLUS
4277,Aditya Desai,6889851982,aditya.desai4277@swiggy.com,M,18,15,Bangalore,2024-01-12 00:00:00,ONE_LITE
4278,Dhruv Khan,7827517758,dhruv.khan4278@swiggy.com,F,42,17,Bangalore,2025-08-17 00:00:00,ONE_LITE
4279,Ananya Rao,7667122090,ananya.rao4279@swiggy.com,M,18,16,Bangalore,2024-01-17 00:00:00,ONE_LITE
4280,Nikhil Iyer,9353384638,nikhil.iyer4280@swiggy.com,M,38,16,Bangalore,2024-05-16 00:00:00,NONE
4281,Suresh Gowda,7696774121,suresh.gowda4281@swiggy.com,M,20,11,Bangalore,2023-11-07 00:00:00,NONE
4282,Kiran Chowdhury,6783736880,kiran.chowdhury4282@swiggy.com,M,40,20,Bangalore,2025-05-02 00:00:00,NONE
4283,Aadhya Gupta,7796564321,aadhya.gupta4283@swiggy.com,F,41,19,Bangalore,2025-11-09 00:00:00,ONE_LITE
4284,Ananya Iyer,8685211127,ananya.iyer4284@swiggy.com,M,21,15,Bangalore,2024-10-18 00:00:00,NONE
4285,Akash Khan,7044064075,akash.khan4285@swiggy.com,F,18,20,Bangalore,2024-06-27 00:00:00,NONE
4286,Vihaan Rao,8365203626,vihaan.rao4286@swiggy.com,M,38,14,Bangalore,2023-09-25 00:00:00,NONE
4287,Krishna Patel,6919837919,krishna.patel4287@swiggy.com,F,19,18,Bangalore,2025-01-03 00:00:00,ONE_LITE
4288,Arjun Kulkarni,8478020014,arjun.kulkarni4288@swiggy.com,F,27,11,Bangalore,2025-10-25 00:00:00,ONE
4289,Rohit Chowdhury,6369521205,rohit.chowdhury4289@swiggy.com,F,26,15,Bangalore,2025-11-14 00:00:00,ONE
4290,Pooja Shetty,6313155079,pooja.shetty4290@swiggy.com,M,31,11,Bangalore,2023-12-04 00:00:00,NONE
4291,Saanvi Rao,8466871680,saanvi.rao4291@swiggy.com,F,25,15,Bangalore,2025-02-08 00:00:00,NONE
4292,Aditya Desai,6023772222,aditya.desai4292@swiggy.com,M,20,16,Bangalore,2023-08-02 00:00:00,ONE
4293,Varun Bose,8652269296,varun.bose4293@swiggy.com,F,37,12,Bangalore,2024-11-22 00:00:00,ONE_LITE
4294,Riya Reddy,8901606060,riya.reddy4294@swiggy.com,M,18,11,Bangalore,2025-07-04 00:00:00,NONE
4295,Anika Rao,6189237293,anika.rao4295@swiggy.com,M,26,16,Bangalore,2024-11-10 00:00:00,NONE
4296,Akash Singh,7805855503,akash.singh4296@swiggy.com,M,37,15,Bangalore,2025-03-05 00:00:00,ONE_LITE
4297,Rahul Iyer,7657478913,rahul.iyer4297@swiggy.com,F,38,14,Bangalore,2024-08-16 00:00:00,NONE
4298,Dhruv Naidu,7454769840,dhruv.naidu4298@swiggy.com,M,18,16,Bangalore,2024-12-11 00:00:00,NONE
4299,Kiara Khan,8743281921,kiara.khan4299@swiggy.com,F,34,13,Bangalore,2025-05-07 00:00:00,NONE
4300,Meera Kulkarni,8250271556,meera.kulkarni4300@swiggy.com,F,24,16,Bangalore,2024-12-11 00:00:00,ONE_LITE
4301,Aarav Kulkarni,9265126890,aarav.kulkarni4301@swiggy.com,F,36,19,Bangalore,2023-11-11 00:00:00,NONE
4302,Rohit Jain,6959698781,rohit.jain4302@swiggy.com,F,35,20,Bangalore,2025-03-07 00:00:00,ONE
4303,Arjun Iyer,7902217417,arjun.iyer4303@swiggy.com,F,35,11,Bangalore,2024-10-07 00:00:00,NONE
4304,Nikhil Nair,8259183969,nikhil.nair4304@swiggy.com,M,26,16,Bangalore,2024-12-07 00:00:00,NONE
4305,Myra Jain,8169864353,myra.jain4305@swiggy.com,M,29,11,Bangalore,2023-10-24 00:00:00,NONE
4306,Reyansh Patel,9581926248,reyansh.patel4306@swiggy.com,F,18,12,Bangalore,2024-02-12 00:00:00,ONE_LITE
4307,Nikhil Gowda,8904128748,nikhil.gowda4307@swiggy.com,M,54,20,Bangalore,2024-01-31 00:00:00,NONE
4308,Nikhil Khan,6103008632,nikhil.khan4308@swiggy.com,M,43,14,Bangalore,2024-11-10 00:00:00,NONE
4309,Sai Pillai,6220469446,sai.pillai4309@swiggy.com,M,32,11,Bangalore,2025-03-09 00:00:00,NONE
4310,Diya Nair,6290020954,diya.nair4310@swiggy.com,F,24,20,Bangalore,2025-05-07 00:00:00,NONE
4311,Aarav Gowda,8762968347,aarav.gowda4311@swiggy.com,F,29,15,Bangalore,2023-09-20 00:00:00,ONE
4312,Ishaan Gowda,7811318148,ishaan.gowda4312@swiggy.com,M,31,14,Bangalore,2024-11-20 00:00:00,NONE
4313,Riya Shetty,6702003271,riya.shetty4313@swiggy.com,F,28,19,Bangalore,2024-05-25 00:00:00,ONE
4314,Nikhil Rao,7582470222,nikhil.rao4314@swiggy.com,M,40,18,Bangalore,2024-02-02 00:00:00,ONE
4315,Neha Nair,6561372560,neha.nair4315@swiggy.com,F,41,18,Bangalore,2023-11-10 00:00:00,NONE
4316,Vivaan Sharma,6591768584,vivaan.sharma4316@swiggy.com,F,29,17,Bangalore,2025-04-15 00:00:00,ONE
4317,Krishna Desai,6211957716,krishna.desai4317@swiggy.com,F,41,18,Bangalore,2023-10-17 00:00:00,NONE
4318,Saanvi Rao,8369368623,saanvi.rao4318@swiggy.com,F,27,20,Bangalore,2024-06-07 00:00:00,NONE
4319,Ananya Reddy,9646468126,ananya.reddy4319@swiggy.com,M,27,17,Bangalore,2024-06-10 00:00:00,ONE_LITE
4320,Sneha Das,8976048139,sneha.das4320@swiggy.com,M,35,12,Bangalore,2024-10-26 00:00:00,NONE
4321,Rahul Das,6446381207,rahul.das4321@swiggy.com,M,25,17,Bangalore,2025-04-04 00:00:00,NONE
4322,Aadhya Reddy,7051157504,aadhya.reddy4322@swiggy.com,M,24,18,Bangalore,2024-11-23 00:00:00,NONE
4323,Meera Naidu,9884048967,meera.naidu4323@swiggy.com,F,32,13,Bangalore,2023-09-07 00:00:00,ONE
4324,Diya Patel,8374285085,diya.patel4324@swiggy.com,F,37,19,Bangalore,2024-01-01 00:00:00,ONE_LITE
4325,Varun Shetty,7230634853,varun.shetty4325@swiggy.com,F,23,13,Bangalore,2025-06-06 00:00:00,NONE
4326,Diya Desai,6822827196,diya.desai4326@swiggy.com,M,37,13,Bangalore,2023-07-12 00:00:00,ONE
4327,Aarav Gowda,9135475348,aarav.gowda4327@swiggy.com,M,36,19,Bangalore,2025-03-01 00:00:00,NONE
4328,Krishna Kulkarni,7966808340,krishna.kulkarni4328@swiggy.com,M,36,13,Bangalore,2024-08-30 00:00:00,ONE
4329,Ira Jain,6685478916,ira.jain4329@swiggy.com,F,33,20,Bangalore,2025-07-14 00:00:00,NONE
4330,Ira Das,9481900444,ira.das4330@swiggy.com,M,21,12,Bangalore,2023-12-10 00:00:00,NONE
4331,Sai Shetty,9096472123,sai.shetty4331@swiggy.com,F,27,11,Bangalore,2025-10-05 00:00:00,NONE
4332,Riya Mehta,9123716180,riya.mehta4332@swiggy.com,M,26,13,Bangalore,2025-10-28 00:00:00,NONE
4333,Pooja Reddy,7185421607,pooja.reddy4333@swiggy.com,M,22,16,Bangalore,2025-03-08 00:00:00,NONE
4334,Kiran Gowda,8489058456,kiran.gowda4334@swiggy.com,F,47,16,Bangalore,2024-09-28 00:00:00,ONE
4335,Rohit Singh,8077706842,rohit.singh4335@swiggy.com,M,40,18,Bangalore,2024-11-13 00:00:00,NONE
4336,Kiara Desai,7455945715,kiara.desai4336@swiggy.com,F,46,13,Bangalore,2024-06-23 00:00:00,ONE_PLUS
4337,Pooja Singh,9030016256,pooja.singh4337@swiggy.com,M,22,14,Bangalore,2023-09-12 00:00:00,NONE
4338,Meera Chowdhury,6550518747,meera.chowdhury4338@swiggy.com,M,25,17,Bangalore,2023-12-01 00:00:00,NONE
4339,Rohit Pillai,6375837218,rohit.pillai4339@swiggy.com,M,31,16,Bangalore,2025-05-16 00:00:00,NONE
4340,Vivaan Khan,6772900929,vivaan.khan4340@swiggy.com,M,30,18,Bangalore,2024-02-10 00:00:00,NONE
4341,Rahul Das,7610212108,rahul.das4341@swiggy.com,M,27,14,Bangalore,2025-06-12 00:00:00,NONE
4342,Aadhya Pillai,6191255621,aadhya.pillai4342@swiggy.com,M,19,19,Bangalore,2024-10-27 00:00:00,NONE
4343,Varun Mehta,6633827061,varun.mehta4343@swiggy.com,M,22,12,Bangalore,2025-09-23 00:00:00,NONE
4344,Myra Gupta,9121551987,myra.gupta4344@swiggy.com,M,18,17,Bangalore,2025-09-17 00:00:00,NONE
4345,Reyansh Sharma,8377033914,reyansh.sharma4345@swiggy.com,M,38,12,Bangalore,2024-08-11 00:00:00,ONE_PLUS
4346,Reyansh Sharma,6598227370,reyansh.sharma4346@swiggy.com,M,33,18,Bangalore,2025-04-26 00:00:00,NONE
4347,Neha Kulkarni,9956515010,neha.kulkarni4347@swiggy.com,F,33,12,Bangalore,2023-08-27 00:00:00,ONE_PLUS
4348,Varun Rao,9237294012,varun.rao4348@swiggy.com,F,36,14,Bangalore,2025-04-30 00:00:00,ONE
4349,Arjun Chowdhury,6121586695,arjun.chowdhury4349@swiggy.com,F,34,11,Bangalore,2024-10-03 00:00:00,ONE
4350,Meera Nair,6623861517,meera.nair4350@swiggy.com,M,38,16,Bangalore,2024-12-21 00:00:00,NONE
4351,Akash Rao,6733905094,akash.rao4351@swiggy.com,F,22,15,Bangalore,2024-05-29 00:00:00,ONE
4352,Neha Shetty,9165308384,neha.shetty4352@swiggy.com,F,25,16,Bangalore,2025-01-06 00:00:00,ONE
4353,Ananya Gowda,6720986665,ananya.gowda4353@swiggy.com,F,18,19,Bangalore,2023-12-27 00:00:00,ONE
4354,Sai Gupta,7626382383,sai.gupta4354@swiggy.com,F,21,11,Bangalore,2025-02-24 00:00:00,NONE
4355,Kiara Kulkarni,9302745952,kiara.kulkarni4355@swiggy.com,F,60,15,Bangalore,2024-05-23 00:00:00,NONE
4356,Nikhil Jain,9313706506,nikhil.jain4356@swiggy.com,M,34,19,Bangalore,2025-01-20 00:00:00,ONE
4357,Anika Chowdhury,9107415883,anika.chowdhury4357@swiggy.com,M,29,13,Bangalore,2025-08-12 00:00:00,ONE
4358,Anika Khan,8239435535,anika.khan4358@swiggy.com,F,25,11,Bangalore,2025-06-14 00:00:00,NONE
4359,Nikhil Naidu,6512391375,nikhil.naidu4359@swiggy.com,M,31,12,Bangalore,2023-12-06 00:00:00,NONE
4360,Rahul Reddy,7744106177,rahul.reddy4360@swiggy.com,M,25,15,Bangalore,2023-09-30 00:00:00,ONE
4361,Rahul Jain,7653124060,rahul.jain4361@swiggy.com,F,18,16,Bangalore,2025-01-23 00:00:00,ONE_LITE
4362,Varun Reddy,6184572963,varun.reddy4362@swiggy.com,F,34,19,Bangalore,2025-08-24 00:00:00,ONE_LITE
4363,Dhruv Nair,9481321622,dhruv.nair4363@swiggy.com,F,30,12,Bangalore,2023-12-06 00:00:00,ONE_LITE
4364,Sai Iyer,6599982633,sai.iyer4364@swiggy.com,M,35,11,Bangalore,2025-08-14 00:00:00,ONE_LITE
4365,Aadhya Sharma,9102954844,aadhya.sharma4365@swiggy.com,F,22,15,Bangalore,2024-12-17 00:00:00,NONE
4366,Diya Gowda,8329027481,diya.gowda4366@swiggy.com,F,30,17,Bangalore,2025-01-31 00:00:00,ONE_PLUS
4367,Rohit Gowda,9649073949,rohit.gowda4367@swiggy.com,F,27,20,Bangalore,2024-04-14 00:00:00,NONE
4368,Kiran Khan,8235236317,kiran.khan4368@swiggy.com,M,35,13,Bangalore,2024-07-28 00:00:00,ONE_LITE
4369,Kiara Shetty,8121458796,kiara.shetty4369@swiggy.com,M,23,19,Bangalore,2023-08-21 00:00:00,ONE_LITE
4370,Arjun Khan,6185766219,arjun.khan4370@swiggy.com,F,18,18,Bangalore,2025-04-23 00:00:00,NONE
4371,Kiara Nair,7435992397,kiara.nair4371@swiggy.com,M,29,17,Bangalore,2025-09-15 00:00:00,NONE
4372,Aadhya Chowdhury,8398702276,aadhya.chowdhury4372@swiggy.com,F,38,17,Bangalore,2024-03-05 00:00:00,NONE
4373,Nikhil Kulkarni,9181524222,nikhil.kulkarni4373@swiggy.com,M,34,12,Bangalore,2025-06-21 00:00:00,ONE
4374,Dhruv Naidu,6310322074,dhruv.naidu4374@swiggy.com,M,29,15,Bangalore,2025-08-08 00:00:00,NONE
4375,Varun Nair,6909728645,varun.nair4375@swiggy.com,M,37,15,Bangalore,2024-08-10 00:00:00,NONE
4376,Saanvi Nair,6762447378,saanvi.nair4376@swiggy.com,F,36,18,Bangalore,2025-02-10 00:00:00,ONE_PLUS
4377,Kiara Mehta,9154497171,kiara.mehta4377@swiggy.com,M,35,13,Bangalore,2024-07-21 00:00:00,NONE
4378,Reyansh Bose,6458685560,reyansh.bose4378@swiggy.com,M,27,12,Bangalore,2025-06-17 00:00:00,ONE_LITE
4379,Sai Rao,7400954917,sai.rao4379@swiggy.com,O,34,19,Bangalore,2025-07-26 00:00:00,ONE
4380,Reyansh Chowdhury,9082093318,reyansh.chowdhury4380@swiggy.com,F,18,17,Bangalore,2024-06-30 00:00:00,ONE
4381,Ira Kulkarni,9902310447,ira.kulkarni4381@swiggy.com,M,31,19,Bangalore,2023-11-02 00:00:00,NONE
4382,Saanvi Reddy,9459981234,saanvi.reddy4382@swiggy.com,M,22,18,Bangalore,2023-10-05 00:00:00,NONE
4383,Aadhya Khan,9245969383,aadhya.khan4383@swiggy.com,M,24,11,Bangalore,2024-10-14 00:00:00,NONE
4384,Anika Reddy,7378258918,anika.reddy4384@swiggy.com,F,20,12,Bangalore,2025-06-14 00:00:00,ONE
4385,Sneha Sharma,9230703343,sneha.sharma4385@swiggy.com,M,23,11,Bangalore,2024-12-15 00:00:00,NONE
4386,Anika Kulkarni,8626609621,anika.kulkarni4386@swiggy.com,M,43,19,Bangalore,2025-10-13 00:00:00,ONE
4387,Saanvi Sharma,8147460869,saanvi.sharma4387@swiggy.com,M,33,16,Bangalore,2023-08-04 00:00:00,NONE
4388,Varun Iyer,7669885884,varun.iyer4388@swiggy.com,F,32,13,Bangalore,2024-06-08 00:00:00,NONE
4389,Akash Desai,7651307352,akash.desai4389@swiggy.com,M,27,12,Bangalore,2023-10-06 00:00:00,NONE
4390,Nikhil Mehta,7527226495,nikhil.mehta4390@swiggy.com,F,37,17,Bangalore,2024-10-26 00:00:00,ONE
4391,Ananya Nair,6781335040,ananya.nair4391@swiggy.com,F,27,15,Bangalore,2023-08-19 00:00:00,ONE
4392,Rohit Sharma,7444079456,rohit.sharma4392@swiggy.com,M,26,17,Bangalore,2025-01-17 00:00:00,NONE
4393,Sneha Patel,7740250447,sneha.patel4393@swiggy.com,M,29,20,Bangalore,2024-11-02 00:00:00,NONE
4394,Krishna Reddy,9884753371,krishna.reddy4394@swiggy.com,F,35,13,Bangalore,2024-07-07 00:00:00,ONE
4395,Sneha Desai,6356515588,sneha.desai4395@swiggy.com,M,18,18,Bangalore,2025-02-01 00:00:00,ONE
4396,Rohit Nair,7134599877,rohit.nair4396@swiggy.com,M,29,19,Bangalore,2025-11-04 00:00:00,NONE
4397,Sneha Iyer,7675541090,sneha.iyer4397@swiggy.com,M,33,14,Bangalore,2024-05-10 00:00:00,ONE
4398,Neha Khan,8784507726,neha.khan4398@swiggy.com,M,30,11,Bangalore,2025-07-22 00:00:00,NONE
4399,Pooja Bose,6346392817,pooja.bose4399@swiggy.com,M,18,14,Bangalore,2023-09-30 00:00:00,ONE
4400,Akash Singh,7925169678,akash.singh4400@swiggy.com,M,35,12,Bangalore,2024-01-07 00:00:00,ONE
4401,Neha Singh,7428800158,neha.singh4401@swiggy.com,F,24,12,Bangalore,2025-08-30 00:00:00,NONE
4402,Riya Das,6917758928,riya.das4402@swiggy.com,M,22,13,Bangalore,2024-09-10 00:00:00,NONE
4403,Akash Gupta,6157115978,akash.gupta4403@swiggy.com,F,47,13,Bangalore,2024-11-04 00:00:00,NONE
4404,Saanvi Pillai,6149956749,saanvi.pillai4404@swiggy.com,M,37,11,Bangalore,2024-09-13 00:00:00,NONE
4405,Riya Pillai,8977230720,riya.pillai4405@swiggy.com,F,24,12,Bangalore,2025-06-19 00:00:00,ONE
4406,Vivaan Reddy,6663132034,vivaan.reddy4406@swiggy.com,F,18,12,Bangalore,2024-12-03 00:00:00,NONE
4407,Meera Kulkarni,8188903776,meera.kulkarni4407@swiggy.com,M,27,19,Bangalore,2024-10-14 00:00:00,ONE_LITE
4408,Myra Mehta,9210592217,myra.mehta4408@swiggy.com,F,31,18,Bangalore,2024-02-04 00:00:00,NONE
4409,Sneha Shetty,9908454798,sneha.shetty4409@swiggy.com,M,25,19,Bangalore,2024-08-06 00:00:00,NONE
4410,Neha Singh,6104122659,neha.singh4410@swiggy.com,F,42,19,Bangalore,2025-07-27 00:00:00,NONE
4411,Aadhya Gowda,9767445684,aadhya.gowda4411@swiggy.com,F,18,17,Bangalore,2023-08-25 00:00:00,NONE
4412,Sai Shetty,8980300187,sai.shetty4412@swiggy.com,F,18,17,Bangalore,2023-12-09 00:00:00,ONE_PLUS
4413,Sneha Bose,6862585020,sneha.bose4413@swiggy.com,M,24,16,Bangalore,2025-11-02 00:00:00,NONE
4414,Reyansh Rao,7075893219,reyansh.rao4414@swiggy.com,M,29,19,Bangalore,2025-07-02 00:00:00,NONE
4415,Ira Nair,9861292960,ira.nair4415@swiggy.com,M,22,16,Bangalore,2024-11-07 00:00:00,ONE
4416,Neha Nair,9018385051,neha.nair4416@swiggy.com,O,31,20,Bangalore,2024-07-21 00:00:00,ONE_LITE
4417,Vivaan Kulkarni,9768590035,vivaan.kulkarni4417@swiggy.com,F,41,18,Bangalore,2024-01-03 00:00:00,ONE
4418,Varun Singh,8609019055,varun.singh4418@swiggy.com,F,29,17,Bangalore,2024-01-16 00:00:00,ONE
4419,Saanvi Khan,9058349115,saanvi.khan4419@swiggy.com,O,25,16,Bangalore,2025-06-17 00:00:00,NONE
4420,Aarav Khan,7106389611,aarav.khan4420@swiggy.com,M,24,16,Bangalore,2023-11-13 00:00:00,NONE
4421,Kiran Jain,7727399851,kiran.jain4421@swiggy.com,F,35,20,Bangalore,2025-05-29 00:00:00,ONE
4422,Vivaan Bose,6872501918,vivaan.bose4422@swiggy.com,F,41,13,Bangalore,2025-07-13 00:00:00,NONE
4423,Anika Patel,7287713770,anika.patel4423@swiggy.com,F,40,16,Bangalore,2023-12-23 00:00:00,NONE
4424,Kiara Sharma,6199041397,kiara.sharma4424@swiggy.com,F,39,13,Bangalore,2025-10-02 00:00:00,NONE
4425,Arjun Jain,8986302375,arjun.jain4425@swiggy.com,M,29,18,Bangalore,2025-05-11 00:00:00,NONE
4426,Aarav Singh,8746566779,aarav.singh4426@swiggy.com,M,43,16,Bangalore,2024-07-26 00:00:00,ONE
4427,Nikhil Iyer,9710941404,nikhil.iyer4427@swiggy.com,F,41,20,Bangalore,2024-05-26 00:00:00,NONE
4428,Saanvi Shetty,6012011025,saanvi.shetty4428@swiggy.com,M,18,17,Bangalore,2023-12-22 00:00:00,NONE
4429,Nikhil Bose,9321558203,nikhil.bose4429@swiggy.com,M,32,13,Bangalore,2025-11-08 00:00:00,ONE_LITE
4430,Rohit Iyer,8242245585,rohit.iyer4430@swiggy.com,F,33,14,Bangalore,2025-08-27 00:00:00,NONE
4431,Krishna Sharma,7124387074,krishna.sharma4431@swiggy.com,M,24,18,Bangalore,2025-09-14 00:00:00,ONE_LITE
4432,Ira Mehta,8787647129,ira.mehta4432@swiggy.com,F,18,18,Bangalore,2024-03-06 00:00:00,ONE_LITE
4433,Aditya Gupta,7892846263,aditya.gupta4433@swiggy.com,F,35,20,Bangalore,2024-03-05 00:00:00,NONE
4434,Anika Desai,7212203553,anika.desai4434@swiggy.com,M,42,12,Bangalore,2023-09-05 00:00:00,ONE
4435,Aarav Chowdhury,8610054523,aarav.chowdhury4435@swiggy.com,F,31,16,Bangalore,2025-09-23 00:00:00,ONE
4436,Dhruv Nair,9541828939,dhruv.nair4436@swiggy.com,F,41,20,Bangalore,2024-09-10 00:00:00,NONE
4437,Suresh Rao,6531408186,suresh.rao4437@swiggy.com,F,41,19,Bangalore,2025-07-29 00:00:00,NONE
4438,Ira Naidu,9958472590,ira.naidu4438@swiggy.com,F,29,12,Bangalore,2023-09-07 00:00:00,ONE_LITE
4439,Aditya Desai,9367002216,aditya.desai4439@swiggy.com,F,33,19,Bangalore,2023-12-19 00:00:00,NONE
4440,Anika Shetty,8739086167,anika.shetty4440@swiggy.com,F,34,15,Bangalore,2023-07-30 00:00:00,NONE
4441,Ananya Shetty,7889123962,ananya.shetty4441@swiggy.com,F,31,15,Bangalore,2025-06-13 00:00:00,NONE
4442,Kiran Bose,9741552793,kiran.bose4442@swiggy.com,M,19,18,Bangalore,2025-05-08 00:00:00,ONE_LITE
4443,Pooja Desai,9229973211,pooja.desai4443@swiggy.com,F,31,20,Bangalore,2023-11-18 00:00:00,NONE
4444,Ishaan Desai,7165764841,ishaan.desai4444@swiggy.com,M,27,17,Bangalore,2024-04-26 00:00:00,NONE
4445,Ishaan Bose,6855241363,ishaan.bose4445@swiggy.com,F,38,11,Bangalore,2025-01-16 00:00:00,NONE
4446,Aadhya Gupta,8502245232,aadhya.gupta4446@swiggy.com,M,27,15,Bangalore,2024-11-29 00:00:00,NONE
4447,Ira Nair,7125328900,ira.nair4447@swiggy.com,M,25,15,Bangalore,2025-11-27 00:00:00,ONE_LITE
4448,Sai Patel,8577900346,sai.patel4448@swiggy.com,F,34,19,Bangalore,2024-07-14 00:00:00,NONE
4449,Sai Gupta,6640545828,sai.gupta4449@swiggy.com,M,26,18,Bangalore,2023-08-05 00:00:00,ONE_PLUS
4450,Reyansh Sharma,6590970806,reyansh.sharma4450@swiggy.com,F,34,17,Bangalore,2024-01-04 00:00:00,ONE
4451,Aadhya Sharma,8855580215,aadhya.sharma4451@swiggy.com,M,27,18,Bangalore,2025-03-25 00:00:00,NONE
4452,Sneha Khan,8488081387,sneha.khan4452@swiggy.com,F,21,16,Bangalore,2024-10-07 00:00:00,NONE
4453,Rahul Bose,8918150070,rahul.bose4453@swiggy.com,M,50,12,Bangalore,2024-07-06 00:00:00,ONE_PLUS
4454,Aditya Gowda,9360485673,aditya.gowda4454@swiggy.com,M,41,13,Bangalore,2024-08-20 00:00:00,ONE
4455,Vivaan Bose,7477495717,vivaan.bose4455@swiggy.com,M,24,14,Bangalore,2025-04-19 00:00:00,NONE
4456,Sneha Jain,7562898220,sneha.jain4456@swiggy.com,M,28,17,Bangalore,2023-09-02 00:00:00,ONE_LITE
4457,Aarav Jain,6068126378,aarav.jain4457@swiggy.com,M,25,14,Bangalore,2023-11-12 00:00:00,NONE
4458,Rahul Chowdhury,9500051471,rahul.chowdhury4458@swiggy.com,M,20,12,Bangalore,2025-07-22 00:00:00,ONE_LITE
4459,Rohit Mehta,9338644672,rohit.mehta4459@swiggy.com,M,35,18,Bangalore,2023-11-07 00:00:00,NONE
4460,Nikhil Rao,7029832716,nikhil.rao4460@swiggy.com,F,53,18,Bangalore,2025-05-12 00:00:00,ONE
4461,Nikhil Nair,6063970996,nikhil.nair4461@swiggy.com,M,34,15,Bangalore,2024-08-15 00:00:00,ONE_PLUS
4462,Riya Khan,7532586903,riya.khan4462@swiggy.com,M,21,17,Bangalore,2025-08-09 00:00:00,NONE
4463,Neha Nair,7453365337,neha.nair4463@swiggy.com,F,26,19,Bangalore,2024-03-18 00:00:00,NONE
4464,Myra Rao,7397120061,myra.rao4464@swiggy.com,F,38,20,Bangalore,2023-08-06 00:00:00,ONE
4465,Varun Mehta,9634172011,varun.mehta4465@swiggy.com,M,28,20,Bangalore,2025-11-01 00:00:00,ONE
4466,Sai Sharma,7210928056,sai.sharma4466@swiggy.com,F,21,13,Bangalore,2023-09-24 00:00:00,NONE
4467,Suresh Chowdhury,6217910724,suresh.chowdhury4467@swiggy.com,O,23,18,Bangalore,2024-08-18 00:00:00,NONE
4468,Suresh Iyer,6455837839,suresh.iyer4468@swiggy.com,F,24,14,Bangalore,2024-10-24 00:00:00,NONE
4469,Ananya Khan,7375129292,ananya.khan4469@swiggy.com,F,51,16,Bangalore,2024-05-30 00:00:00,NONE
4470,Arjun Mehta,8052774219,arjun.mehta4470@swiggy.com,M,33,19,Bangalore,2024-07-11 00:00:00,ONE_LITE
4471,Arjun Desai,9565246503,arjun.desai4471@swiggy.com,F,29,15,Bangalore,2023-11-03 00:00:00,ONE_LITE
4472,Kiara Pillai,9823220376,kiara.pillai4472@swiggy.com,M,27,16,Bangalore,2025-11-10 00:00:00,ONE
4473,Aadhya Khan,6082450593,aadhya.khan4473@swiggy.com,F,43,20,Bangalore,2024-10-25 00:00:00,NONE
4474,Vivaan Desai,9823043661,vivaan.desai4474@swiggy.com,F,18,14,Bangalore,2025-01-11 00:00:00,ONE
4475,Varun Bose,7064252110,varun.bose4475@swiggy.com,M,40,15,Bangalore,2025-05-30 00:00:00,NONE
4476,Nikhil Bose,9687203962,nikhil.bose4476@swiggy.com,F,29,16,Bangalore,2025-01-26 00:00:00,ONE
4477,Ira Das,8313074985,ira.das4477@swiggy.com,F,43,20,Bangalore,2024-09-20 00:00:00,ONE
4478,Ananya Mehta,8412099266,ananya.mehta4478@swiggy.com,F,27,15,Bangalore,2024-11-25 00:00:00,ONE_LITE
4479,Vihaan Patel,9241795897,vihaan.patel4479@swiggy.com,F,18,11,Bangalore,2024-05-08 00:00:00,NONE
4480,Neha Chowdhury,9865996434,neha.chowdhury4480@swiggy.com,F,23,19,Bangalore,2024-03-22 00:00:00,ONE_LITE
4481,Akash Gupta,8940525647,akash.gupta4481@swiggy.com,F,22,19,Bangalore,2025-01-26 00:00:00,NONE
4482,Vivaan Patel,7039236626,vivaan.patel4482@swiggy.com,F,24,20,Bangalore,2023-10-25 00:00:00,NONE
4483,Ishaan Bose,7881350976,ishaan.bose4483@swiggy.com,F,30,19,Bangalore,2025-02-12 00:00:00,ONE_PLUS
4484,Dhruv Bose,6102800963,dhruv.bose4484@swiggy.com,F,23,16,Bangalore,2024-06-12 00:00:00,NONE
4485,Vivaan Patel,6236300589,vivaan.patel4485@swiggy.com,F,29,19,Bangalore,2024-10-15 00:00:00,ONE_LITE
4486,Rohit Nair,9334224702,rohit.nair4486@swiggy.com,M,18,18,Bangalore,2023-07-13 00:00:00,NONE
4487,Aarav Chowdhury,9086321964,aarav.chowdhury4487@swiggy.com,M,18,12,Bangalore,2025-08-31 00:00:00,ONE_LITE
4488,Aadhya Nair,7113247907,aadhya.nair4488@swiggy.com,F,22,19,Bangalore,2024-03-31 00:00:00,NONE
4489,Aadhya Das,7384913500,aadhya.das4489@swiggy.com,M,20,18,Bangalore,2025-06-01 00:00:00,NONE
4490,Sai Jain,8078430991,sai.jain4490@swiggy.com,M,21,11,Bangalore,2025-11-02 00:00:00,NONE
4491,Nikhil Singh,6211551479,nikhil.singh4491@swiggy.com,F,40,20,Bangalore,2024-11-13 00:00:00,NONE
4492,Nikhil Naidu,9960728559,nikhil.naidu4492@swiggy.com,M,34,18,Bangalore,2025-03-13 00:00:00,NONE
4493,Ira Singh,9465258695,ira.singh4493@swiggy.com,M,24,12,Bangalore,2025-05-04 00:00:00,ONE
4494,Arjun Nair,8661833670,arjun.nair4494@swiggy.com,F,45,12,Bangalore,2024-02-18 00:00:00,NONE
4495,Sneha Gupta,8865085789,sneha.gupta4495@swiggy.com,M,24,18,Bangalore,2025-03-28 00:00:00,NONE
4496,Suresh Naidu,6066233888,suresh.naidu4496@swiggy.com,F,18,19,Bangalore,2024-11-24 00:00:00,NONE
4497,Reyansh Singh,7585200711,reyansh.singh4497@swiggy.com,F,18,15,Bangalore,2024-10-31 00:00:00,ONE
4498,Kiara Iyer,7859514954,kiara.iyer4498@swiggy.com,F,43,12,Bangalore,2024-02-26 00:00:00,ONE
4499,Rohit Pillai,8223063132,rohit.pillai4499@swiggy.com,M,40,11,Bangalore,2024-06-25 00:00:00,ONE_LITE
4500,Myra Reddy,8046080721,myra.reddy4500@swiggy.com,F,29,15,Bangalore,2024-11-22 00:00:00,NONE
4501,Sneha Singh,8000123976,sneha.singh4501@swiggy.com,F,35,18,Bangalore,2025-10-03 00:00:00,ONE_LITE
4502,Vihaan Rao,8710398435,vihaan.rao4502@swiggy.com,F,18,16,Bangalore,2024-02-01 00:00:00,NONE
4503,Anika Iyer,6398369715,anika.iyer4503@swiggy.com,M,22,16,Bangalore,2023-11-04 00:00:00,ONE_LITE
4504,Aditya Gupta,6018348816,aditya.gupta4504@swiggy.com,M,45,15,Bangalore,2025-06-23 00:00:00,NONE
4505,Kiran Mehta,7204802285,kiran.mehta4505@swiggy.com,M,42,20,Bangalore,2023-09-05 00:00:00,NONE
4506,Ananya Jain,9032786670,ananya.jain4506@swiggy.com,F,23,11,Bangalore,2023-09-19 00:00:00,ONE
4507,Riya Nair,9658657476,riya.nair4507@swiggy.com,F,25,18,Bangalore,2023-10-10 00:00:00,NONE
4508,Vihaan Pillai,6089473969,vihaan.pillai4508@swiggy.com,M,34,14,Bangalore,2025-08-16 00:00:00,ONE_LITE
4509,Sneha Singh,9434654485,sneha.singh4509@swiggy.com,F,23,12,Bangalore,2024-09-21 00:00:00,NONE
4510,Ira Pillai,8099815420,ira.pillai4510@swiggy.com,F,28,12,Bangalore,2023-11-09 00:00:00,ONE
4511,Akash Iyer,7937505606,akash.iyer4511@swiggy.com,M,18,16,Bangalore,2025-02-05 00:00:00,ONE_LITE
4512,Meera Singh,8295366443,meera.singh4512@swiggy.com,M,31,18,Bangalore,2023-07-17 00:00:00,NONE
4513,Diya Bose,7210727965,diya.bose4513@swiggy.com,M,37,12,Bangalore,2023-12-16 00:00:00,NONE
4514,Nikhil Nair,7498663015,nikhil.nair4514@swiggy.com,M,35,20,Bangalore,2024-01-28 00:00:00,NONE
4515,Aditya Naidu,8789154969,aditya.naidu4515@swiggy.com,M,32,15,Bangalore,2024-12-07 00:00:00,NONE
4516,Meera Patel,7738258874,meera.patel4516@swiggy.com,F,18,11,Bangalore,2025-05-04 00:00:00,ONE_LITE
4517,Arjun Desai,7241058171,arjun.desai4517@swiggy.com,M,24,20,Bangalore,2025-06-16 00:00:00,NONE
4518,Vivaan Das,6498635204,vivaan.das4518@swiggy.com,M,41,13,Bangalore,2023-09-03 00:00:00,ONE_LITE
4519,Nikhil Jain,7988975048,nikhil.jain4519@swiggy.com,F,30,14,Bangalore,2024-08-01 00:00:00,ONE_LITE
4520,Kiara Patel,6909645177,kiara.patel4520@swiggy.com,M,37,20,Bangalore,2025-03-06 00:00:00,NONE
4521,Ira Gupta,6659074065,ira.gupta4521@swiggy.com,M,28,20,Bangalore,2025-09-17 00:00:00,ONE
4522,Kiran Shetty,8558479400,kiran.shetty4522@swiggy.com,M,20,19,Bangalore,2024-05-06 00:00:00,NONE
4523,Dhruv Shetty,7209158089,dhruv.shetty4523@swiggy.com,M,35,13,Bangalore,2023-10-27 00:00:00,ONE_LITE
4524,Sneha Jain,9017862475,sneha.jain4524@swiggy.com,F,34,18,Bangalore,2024-01-29 00:00:00,NONE
4525,Sneha Chowdhury,9907191876,sneha.chowdhury4525@swiggy.com,M,26,12,Bangalore,2023-12-20 00:00:00,NONE
4526,Suresh Mehta,7085966583,suresh.mehta4526@swiggy.com,O,22,11,Bangalore,2024-12-24 00:00:00,NONE
4527,Vihaan Gowda,6257262811,vihaan.gowda4527@swiggy.com,M,18,16,Bangalore,2024-05-09 00:00:00,NONE
4528,Reyansh Shetty,7049068741,reyansh.shetty4528@swiggy.com,M,26,19,Bangalore,2024-10-15 00:00:00,ONE_LITE
4529,Pooja Pillai,7994792006,pooja.pillai4529@swiggy.com,M,44,16,Bangalore,2023-08-16 00:00:00,ONE
4530,Neha Jain,9816037093,neha.jain4530@swiggy.com,F,36,12,Bangalore,2025-06-20 00:00:00,ONE
4531,Suresh Shetty,9321001700,suresh.shetty4531@swiggy.com,M,44,13,Bangalore,2024-10-05 00:00:00,ONE_LITE
4532,Reyansh Jain,8139267872,reyansh.jain4532@swiggy.com,M,30,20,Bangalore,2025-07-17 00:00:00,ONE
4533,Diya Patel,6129478608,diya.patel4533@swiggy.com,F,18,20,Bangalore,2023-08-23 00:00:00,NONE
4534,Vivaan Das,9330497450,vivaan.das4534@swiggy.com,F,23,20,Bangalore,2024-07-13 00:00:00,NONE
4535,Saanvi Gupta,7680102450,saanvi.gupta4535@swiggy.com,M,25,17,Bangalore,2024-01-01 00:00:00,ONE_PLUS
4536,Rohit Nair,7580052511,rohit.nair4536@swiggy.com,F,26,14,Bangalore,2024-09-06 00:00:00,NONE
4537,Reyansh Naidu,7448651167,reyansh.naidu4537@swiggy.com,M,39,14,Bangalore,2023-11-14 00:00:00,NONE
4538,Suresh Mehta,9725958226,suresh.mehta4538@swiggy.com,M,37,12,Bangalore,2024-09-22 00:00:00,NONE
4539,Dhruv Das,6248007023,dhruv.das4539@swiggy.com,M,27,16,Bangalore,2024-09-14 00:00:00,ONE_PLUS
4540,Rahul Bose,6653432643,rahul.bose4540@swiggy.com,F,44,18,Bangalore,2024-11-27 00:00:00,ONE
4541,Reyansh Bose,9271977992,reyansh.bose4541@swiggy.com,F,31,18,Bangalore,2023-08-27 00:00:00,ONE_LITE
4542,Arjun Shetty,9477116726,arjun.shetty4542@swiggy.com,M,35,15,Bangalore,2023-09-22 00:00:00,NONE
4543,Diya Patel,9051900816,diya.patel4543@swiggy.com,F,19,12,Bangalore,2025-01-18 00:00:00,ONE
4544,Ira Desai,9740509436,ira.desai4544@swiggy.com,F,37,19,Bangalore,2025-05-15 00:00:00,NONE
4545,Vivaan Sharma,7457054093,vivaan.sharma4545@swiggy.com,M,25,20,Bangalore,2023-10-20 00:00:00,ONE_LITE
4546,Reyansh Desai,9242168176,reyansh.desai4546@swiggy.com,F,24,14,Bangalore,2024-12-31 00:00:00,NONE
4547,Rohit Pillai,7501717839,rohit.pillai4547@swiggy.com,M,29,11,Bangalore,2024-01-16 00:00:00,NONE
4548,Riya Desai,8906133830,riya.desai4548@swiggy.com,F,33,16,Bangalore,2024-04-18 00:00:00,ONE
4549,Vihaan Singh,9256135382,vihaan.singh4549@swiggy.com,F,35,19,Bangalore,2025-08-31 00:00:00,NONE
4550,Saanvi Bose,8863385809,saanvi.bose4550@swiggy.com,F,21,20,Bangalore,2025-07-26 00:00:00,NONE
4551,Meera Singh,8312012883,meera.singh4551@swiggy.com,F,39,15,Bangalore,2024-10-05 00:00:00,NONE
4552,Ananya Bose,6921118807,ananya.bose4552@swiggy.com,M,18,14,Bangalore,2024-11-21 00:00:00,NONE
4553,Krishna Jain,6338126313,krishna.jain4553@swiggy.com,F,41,13,Bangalore,2025-01-14 00:00:00,ONE_LITE
4554,Sneha Jain,9708276075,sneha.jain4554@swiggy.com,M,33,20,Bangalore,2025-02-18 00:00:00,NONE
4555,Dhruv Jain,6364045981,dhruv.jain4555@swiggy.com,M,26,20,Bangalore,2024-05-05 00:00:00,ONE
4556,Kiran Khan,6928356433,kiran.khan4556@swiggy.com,F,30,14,Bangalore,2025-04-25 00:00:00,NONE
4557,Ananya Jain,8559980193,ananya.jain4557@swiggy.com,F,28,13,Bangalore,2024-12-18 00:00:00,ONE_LITE
4558,Riya Reddy,7080708596,riya.reddy4558@swiggy.com,M,19,19,Bangalore,2024-07-17 00:00:00,NONE
4559,Neha Khan,6440977763,neha.khan4559@swiggy.com,F,45,16,Bangalore,2024-10-28 00:00:00,ONE
4560,Anika Rao,7306128387,anika.rao4560@swiggy.com,F,28,14,Bangalore,2024-05-19 00:00:00,NONE
4561,Anika Jain,8895717813,anika.jain4561@swiggy.com,M,28,20,Bangalore,2025-04-09 00:00:00,NONE
4562,Suresh Gowda,6005434020,suresh.gowda4562@swiggy.com,F,27,17,Bangalore,2024-11-16 00:00:00,NONE
4563,Saanvi Chowdhury,8651821874,saanvi.chowdhury4563@swiggy.com,F,27,14,Bangalore,2024-12-17 00:00:00,NONE
4564,Krishna Bose,8528960681,krishna.bose4564@swiggy.com,F,30,19,Bangalore,2025-01-12 00:00:00,ONE
4565,Riya Patel,8546562784,riya.patel4565@swiggy.com,M,28,13,Bangalore,2025-04-06 00:00:00,NONE
4566,Rohit Patel,6583155358,rohit.patel4566@swiggy.com,M,23,11,Bangalore,2025-05-15 00:00:00,ONE_LITE
4567,Rahul Das,7395914576,rahul.das4567@swiggy.com,M,26,13,Bangalore,2024-03-17 00:00:00,NONE
4568,Suresh Bose,7173341059,suresh.bose4568@swiggy.com,M,27,12,Bangalore,2024-02-28 00:00:00,ONE
4569,Suresh Patel,7465905341,suresh.patel4569@swiggy.com,M,35,15,Bangalore,2025-10-14 00:00:00,ONE_LITE
4570,Arjun Chowdhury,7691418823,arjun.chowdhury4570@swiggy.com,M,18,19,Bangalore,2024-05-17 00:00:00,NONE
4571,Akash Pillai,7118997634,akash.pillai4571@swiggy.com,M,34,12,Bangalore,2025-06-01 00:00:00,ONE_LITE
4572,Nikhil Khan,6382704714,nikhil.khan4572@swiggy.com,M,18,16,Bangalore,2024-09-20 00:00:00,ONE_LITE
4573,Kiran Shetty,7071719283,kiran.shetty4573@swiggy.com,M,32,12,Bangalore,2024-01-26 00:00:00,NONE
4574,Ishaan Gowda,6963689967,ishaan.gowda4574@swiggy.com,F,18,12,Bangalore,2023-09-20 00:00:00,ONE
4575,Reyansh Sharma,7351830996,reyansh.sharma4575@swiggy.com,M,20,16,Bangalore,2025-06-27 00:00:00,NONE
4576,Nikhil Desai,8866403553,nikhil.desai4576@swiggy.com,F,32,19,Bangalore,2025-01-10 00:00:00,ONE
4577,Pooja Mehta,8102974177,pooja.mehta4577@swiggy.com,M,35,16,Bangalore,2025-01-10 00:00:00,ONE
4578,Riya Chowdhury,6423820671,riya.chowdhury4578@swiggy.com,F,25,12,Bangalore,2025-05-21 00:00:00,ONE_LITE
4579,Rahul Iyer,6097938715,rahul.iyer4579@swiggy.com,F,25,11,Bangalore,2025-11-24 00:00:00,NONE
4580,Pooja Patel,6818668253,pooja.patel4580@swiggy.com,F,30,16,Bangalore,2024-02-02 00:00:00,NONE
4581,Pooja Singh,9204284716,pooja.singh4581@swiggy.com,M,25,18,Bangalore,2025-02-11 00:00:00,NONE
4582,Vihaan Rao,7929390645,vihaan.rao4582@swiggy.com,M,49,18,Bangalore,2023-08-03 00:00:00,ONE
4583,Kiara Chowdhury,6311240807,kiara.chowdhury4583@swiggy.com,F,26,13,Bangalore,2025-05-21 00:00:00,NONE
4584,Meera Shetty,6020056643,meera.shetty4584@swiggy.com,M,32,19,Bangalore,2023-09-04 00:00:00,NONE
4585,Saanvi Sharma,6262866013,saanvi.sharma4585@swiggy.com,F,24,11,Bangalore,2024-03-19 00:00:00,NONE
4586,Vihaan Patel,7833820148,vihaan.patel4586@swiggy.com,O,44,15,Bangalore,2024-09-25 00:00:00,ONE_LITE
4587,Vihaan Desai,9198985104,vihaan.desai4587@swiggy.com,F,37,13,Bangalore,2025-10-03 00:00:00,ONE_LITE
4588,Rahul Patel,7817827085,rahul.patel4588@swiggy.com,M,34,20,Bangalore,2024-12-31 00:00:00,ONE_PLUS
4589,Neha Singh,9984938088,neha.singh4589@swiggy.com,F,35,11,Bangalore,2023-12-25 00:00:00,NONE
4590,Aarav Das,9970400517,aarav.das4590@swiggy.com,M,18,17,Bangalore,2023-10-09 00:00:00,NONE
4591,Kiran Patel,7706299883,kiran.patel4591@swiggy.com,F,26,11,Bangalore,2023-08-03 00:00:00,NONE
4592,Krishna Naidu,7436127090,krishna.naidu4592@swiggy.com,M,18,12,Bangalore,2024-08-19 00:00:00,NONE
4593,Akash Patel,8451836364,akash.patel4593@swiggy.com,M,42,19,Bangalore,2023-08-07 00:00:00,NONE
4594,Sneha Gowda,6754749634,sneha.gowda4594@swiggy.com,M,33,19,Bangalore,2025-05-02 00:00:00,NONE
4595,Vivaan Gowda,8864645165,vivaan.gowda4595@swiggy.com,M,30,15,Bangalore,2024-09-04 00:00:00,ONE_LITE
4596,Pooja Gowda,7606538526,pooja.gowda4596@swiggy.com,M,30,15,Bangalore,2025-03-10 00:00:00,NONE
4597,Neha Shetty,8084876890,neha.shetty4597@swiggy.com,M,30,11,Bangalore,2023-11-06 00:00:00,NONE
4598,Ira Reddy,9954890095,ira.reddy4598@swiggy.com,F,43,13,Bangalore,2024-05-07 00:00:00,NONE
4599,Vihaan Khan,6510456272,vihaan.khan4599@swiggy.com,M,32,20,Bangalore,2024-05-24 00:00:00,NONE
4600,Pooja Naidu,7419906390,pooja.naidu4600@swiggy.com,M,18,14,Bangalore,2023-09-26 00:00:00,ONE_PLUS
4601,Aadhya Naidu,6376143346,aadhya.naidu4601@swiggy.com,M,24,20,Bangalore,2025-02-21 00:00:00,NONE
4602,Aarav Reddy,6627344153,aarav.reddy4602@swiggy.com,F,18,11,Bangalore,2023-07-11 00:00:00,ONE
4603,Anika Gupta,9822257741,anika.gupta4603@swiggy.com,F,33,17,Bangalore,2023-09-12 00:00:00,NONE
4604,Sneha Iyer,9294001861,sneha.iyer4604@swiggy.com,M,50,17,Bangalore,2023-11-30 00:00:00,NONE
4605,Ananya Bose,8293630226,ananya.bose4605@swiggy.com,M,35,18,Bangalore,2024-01-22 00:00:00,NONE
4606,Akash Das,6157895919,akash.das4606@swiggy.com,M,36,18,Bangalore,2025-03-01 00:00:00,NONE
4607,Nikhil Sharma,6376395336,nikhil.sharma4607@swiggy.com,F,52,13,Bangalore,2025-08-21 00:00:00,ONE
4608,Vivaan Jain,8369474713,vivaan.jain4608@swiggy.com,M,45,18,Bangalore,2023-10-01 00:00:00,ONE
4609,Diya Nair,9897162741,diya.nair4609@swiggy.com,M,26,15,Bangalore,2024-04-05 00:00:00,NONE
4610,Aadhya Rao,9918788138,aadhya.rao4610@swiggy.com,F,21,19,Bangalore,2025-10-29 00:00:00,ONE
4611,Nikhil Shetty,6215081572,nikhil.shetty4611@swiggy.com,F,29,19,Bangalore,2024-02-21 00:00:00,NONE
4612,Aarav Nair,7996890087,aarav.nair4612@swiggy.com,M,37,17,Bangalore,2023-08-07 00:00:00,NONE
4613,Vivaan Jain,7143295323,vivaan.jain4613@swiggy.com,F,27,14,Bangalore,2023-11-07 00:00:00,NONE
4614,Dhruv Das,8283792842,dhruv.das4614@swiggy.com,F,29,11,Bangalore,2025-02-10 00:00:00,ONE_PLUS
4615,Rohit Nair,7840240982,rohit.nair4615@swiggy.com,F,26,17,Bangalore,2023-11-16 00:00:00,NONE
4616,Arjun Sharma,6860870874,arjun.sharma4616@swiggy.com,M,26,13,Bangalore,2025-07-31 00:00:00,ONE
4617,Arjun Pillai,9608541103,arjun.pillai4617@swiggy.com,M,30,11,Bangalore,2023-10-19 00:00:00,ONE
4618,Meera Rao,6135799268,meera.rao4618@swiggy.com,F,25,11,Bangalore,2023-10-16 00:00:00,NONE
4619,Neha Das,9030573202,neha.das4619@swiggy.com,F,24,19,Bangalore,2023-12-15 00:00:00,ONE_LITE
4620,Aditya Das,6759106810,aditya.das4620@swiggy.com,F,34,17,Bangalore,2024-12-04 00:00:00,ONE
4621,Ira Singh,9642674897,ira.singh4621@swiggy.com,F,19,12,Bangalore,2024-06-20 00:00:00,ONE_LITE
4622,Rahul Kulkarni,7421305428,rahul.kulkarni4622@swiggy.com,M,52,15,Bangalore,2024-05-22 00:00:00,ONE_LITE
4623,Pooja Sharma,7698896313,pooja.sharma4623@swiggy.com,F,28,14,Bangalore,2025-11-09 00:00:00,NONE
4624,Ishaan Reddy,7599439093,ishaan.reddy4624@swiggy.com,F,29,20,Bangalore,2024-01-05 00:00:00,NONE
4625,Aditya Sharma,6997578706,aditya.sharma4625@swiggy.com,F,27,11,Bangalore,2023-07-22 00:00:00,NONE
4626,Kiran Pillai,6399720004,kiran.pillai4626@swiggy.com,F,18,13,Bangalore,2024-04-19 00:00:00,NONE
4627,Ishaan Rao,7726101683,ishaan.rao4627@swiggy.com,F,29,16,Bangalore,2025-09-30 00:00:00,NONE
4628,Riya Iyer,8337006628,riya.iyer4628@swiggy.com,F,37,12,Bangalore,2024-06-07 00:00:00,NONE
4629,Krishna Reddy,9602195476,krishna.reddy4629@swiggy.com,F,39,19,Bangalore,2024-08-19 00:00:00,ONE_LITE
4630,Myra Rao,7476621583,myra.rao4630@swiggy.com,F,25,18,Bangalore,2025-04-09 00:00:00,ONE_LITE
4631,Arjun Kulkarni,7713561205,arjun.kulkarni4631@swiggy.com,F,28,11,Bangalore,2024-07-25 00:00:00,NONE
4632,Ananya Desai,8713287813,ananya.desai4632@swiggy.com,M,32,15,Bangalore,2023-11-09 00:00:00,ONE_LITE
4633,Aditya Khan,6718541216,aditya.khan4633@swiggy.com,M,24,12,Bangalore,2025-03-07 00:00:00,ONE_PLUS
4634,Ira Patel,8116212984,ira.patel4634@swiggy.com,M,18,11,Bangalore,2024-12-06 00:00:00,ONE_LITE
4635,Kiara Shetty,9973671805,kiara.shetty4635@swiggy.com,F,33,20,Bangalore,2025-10-03 00:00:00,ONE_LITE
4636,Meera Gupta,9552206056,meera.gupta4636@swiggy.com,M,26,11,Bangalore,2024-04-20 00:00:00,NONE
4637,Rahul Gowda,6800791566,rahul.gowda4637@swiggy.com,F,36,12,Bangalore,2024-02-21 00:00:00,ONE
4638,Vihaan Pillai,9223989492,vihaan.pillai4638@swiggy.com,F,37,19,Bangalore,2024-02-15 00:00:00,NONE
4639,Kiran Pillai,9359468404,kiran.pillai4639@swiggy.com,F,20,16,Bangalore,2024-06-28 00:00:00,NONE
4640,Vivaan Shetty,7221135763,vivaan.shetty4640@swiggy.com,M,34,18,Bangalore,2024-04-24 00:00:00,ONE_PLUS
4641,Aarav Bose,8648589218,aarav.bose4641@swiggy.com,F,45,19,Bangalore,2025-02-21 00:00:00,NONE
4642,Reyansh Pillai,9045582466,reyansh.pillai4642@swiggy.com,F,36,13,Bangalore,2024-02-11 00:00:00,NONE
4643,Varun Gowda,6354592785,varun.gowda4643@swiggy.com,M,22,12,Bangalore,2024-12-19 00:00:00,NONE
4644,Reyansh Kulkarni,8458179126,reyansh.kulkarni4644@swiggy.com,M,29,15,Bangalore,2024-12-14 00:00:00,ONE_LITE
4645,Rohit Iyer,9938540734,rohit.iyer4645@swiggy.com,M,37,11,Bangalore,2024-06-27 00:00:00,NONE
4646,Rohit Jain,9569314308,rohit.jain4646@swiggy.com,F,34,16,Bangalore,2024-06-14 00:00:00,NONE
4647,Rohit Gupta,7894333317,rohit.gupta4647@swiggy.com,F,29,13,Bangalore,2025-06-10 00:00:00,NONE
4648,Riya Mehta,7207582673,riya.mehta4648@swiggy.com,F,27,16,Bangalore,2025-11-04 00:00:00,ONE_LITE
4649,Vihaan Singh,7374516756,vihaan.singh4649@swiggy.com,F,36,12,Bangalore,2024-05-31 00:00:00,NONE
4650,Anika Singh,8604967424,anika.singh4650@swiggy.com,M,31,11,Bangalore,2024-06-26 00:00:00,NONE
4651,Krishna Mehta,9560371982,krishna.mehta4651@swiggy.com,M,28,15,Bangalore,2025-04-21 00:00:00,ONE
4652,Suresh Iyer,6794296093,suresh.iyer4652@swiggy.com,M,40,15,Bangalore,2025-04-09 00:00:00,NONE
4653,Nikhil Naidu,6880353839,nikhil.naidu4653@swiggy.com,F,28,15,Bangalore,2025-11-07 00:00:00,NONE
4654,Vivaan Rao,7455493206,vivaan.rao4654@swiggy.com,F,48,14,Bangalore,2025-09-03 00:00:00,NONE
4655,Ira Nair,8437075247,ira.nair4655@swiggy.com,F,25,12,Bangalore,2024-06-15 00:00:00,ONE
4656,Meera Iyer,8469787755,meera.iyer4656@swiggy.com,M,34,15,Bangalore,2025-08-09 00:00:00,ONE
4657,Nikhil Naidu,6422543756,nikhil.naidu4657@swiggy.com,F,31,19,Bangalore,2024-05-03 00:00:00,NONE
4658,Rahul Pillai,8329824367,rahul.pillai4658@swiggy.com,M,34,19,Bangalore,2024-10-12 00:00:00,NONE
4659,Reyansh Rao,8168541141,reyansh.rao4659@swiggy.com,F,32,13,Bangalore,2024-08-25 00:00:00,NONE
4660,Vihaan Kulkarni,7271226469,vihaan.kulkarni4660@swiggy.com,F,27,13,Bangalore,2023-11-17 00:00:00,NONE
4661,Vihaan Jain,7959031258,vihaan.jain4661@swiggy.com,M,40,15,Bangalore,2024-01-03 00:00:00,ONE
4662,Ishaan Naidu,6479750018,ishaan.naidu4662@swiggy.com,F,25,11,Bangalore,2024-10-15 00:00:00,NONE
4663,Saanvi Bose,7470579965,saanvi.bose4663@swiggy.com,M,26,20,Bangalore,2024-04-16 00:00:00,ONE_LITE
4664,Suresh Shetty,6961607845,suresh.shetty4664@swiggy.com,M,33,20,Bangalore,2024-04-27 00:00:00,ONE
4665,Sneha Bose,6799684959,sneha.bose4665@swiggy.com,M,19,11,Bangalore,2023-11-27 00:00:00,ONE_LITE
4666,Aditya Reddy,9918251671,aditya.reddy4666@swiggy.com,F,20,14,Bangalore,2024-06-13 00:00:00,ONE_LITE
4667,Nikhil Nair,6223617199,nikhil.nair4667@swiggy.com,M,39,17,Bangalore,2025-03-05 00:00:00,ONE
4668,Aadhya Mehta,6455655808,aadhya.mehta4668@swiggy.com,M,37,16,Bangalore,2025-11-04 00:00:00,NONE
4669,Ananya Jain,6201972724,ananya.jain4669@swiggy.com,M,40,16,Bangalore,2024-04-15 00:00:00,NONE
4670,Sneha Shetty,7155727812,sneha.shetty4670@swiggy.com,F,19,12,Bangalore,2025-01-28 00:00:00,NONE
4671,Meera Mehta,9774732636,meera.mehta4671@swiggy.com,F,24,13,Bangalore,2024-05-28 00:00:00,ONE
4672,Vihaan Shetty,8018355930,vihaan.shetty4672@swiggy.com,M,31,16,Bangalore,2023-07-20 00:00:00,ONE
4673,Reyansh Singh,9269077158,reyansh.singh4673@swiggy.com,F,44,13,Bangalore,2025-06-27 00:00:00,ONE_LITE
4674,Meera Mehta,9649185830,meera.mehta4674@swiggy.com,M,35,11,Bangalore,2024-10-26 00:00:00,NONE
4675,Sai Reddy,9671182752,sai.reddy4675@swiggy.com,M,29,20,Bangalore,2025-05-18 00:00:00,ONE
4676,Vihaan Reddy,7380112882,vihaan.reddy4676@swiggy.com,F,30,17,Bangalore,2023-07-18 00:00:00,NONE
4677,Pooja Patel,9512271730,pooja.patel4677@swiggy.com,M,18,12,Bangalore,2024-11-09 00:00:00,NONE
4678,Sai Gupta,8771561738,sai.gupta4678@swiggy.com,M,27,13,Bangalore,2025-03-22 00:00:00,NONE
4679,Dhruv Shetty,6201778080,dhruv.shetty4679@swiggy.com,M,30,19,Bangalore,2025-07-27 00:00:00,ONE_LITE
4680,Pooja Bose,7210346978,pooja.bose4680@swiggy.com,M,32,12,Bangalore,2024-03-23 00:00:00,NONE
4681,Neha Mehta,8687637659,neha.mehta4681@swiggy.com,M,34,19,Bangalore,2025-08-29 00:00:00,ONE
4682,Saanvi Das,8018781382,saanvi.das4682@swiggy.com,F,47,19,Bangalore,2025-08-31 00:00:00,NONE
4683,Ira Rao,9029093985,ira.rao4683@swiggy.com,M,34,12,Bangalore,2023-08-17 00:00:00,NONE
4684,Reyansh Desai,6960056717,reyansh.desai4684@swiggy.com,F,39,11,Bangalore,2024-10-07 00:00:00,ONE
4685,Kiran Bose,8619717634,kiran.bose4685@swiggy.com,F,24,13,Bangalore,2024-02-03 00:00:00,ONE_LITE
4686,Kiran Patel,6488189687,kiran.patel4686@swiggy.com,M,31,18,Bangalore,2024-03-04 00:00:00,NONE
4687,Aarav Desai,6172736406,aarav.desai4687@swiggy.com,F,18,12,Bangalore,2025-04-08 00:00:00,ONE_LITE
4688,Meera Das,6988598791,meera.das4688@swiggy.com,F,34,11,Bangalore,2024-10-18 00:00:00,ONE_LITE
4689,Kiran Desai,7004087526,kiran.desai4689@swiggy.com,F,41,13,Bangalore,2024-05-20 00:00:00,ONE_LITE
4690,Neha Das,8172174287,neha.das4690@swiggy.com,M,20,12,Bangalore,2025-01-05 00:00:00,NONE
4691,Kiran Rao,9240646404,kiran.rao4691@swiggy.com,M,40,19,Bangalore,2025-05-21 00:00:00,ONE_LITE
4692,Sai Nair,9322925806,sai.nair4692@swiggy.com,M,26,20,Bangalore,2025-07-24 00:00:00,NONE
4693,Myra Chowdhury,8207995603,myra.chowdhury4693@swiggy.com,F,30,17,Bangalore,2024-03-22 00:00:00,NONE
4694,Riya Chowdhury,9920533635,riya.chowdhury4694@swiggy.com,F,31,15,Bangalore,2024-12-16 00:00:00,NONE
4695,Reyansh Khan,7928796389,reyansh.khan4695@swiggy.com,F,24,18,Bangalore,2023-10-25 00:00:00,ONE_LITE
4696,Varun Naidu,9523907288,varun.naidu4696@swiggy.com,M,42,20,Bangalore,2023-11-09 00:00:00,NONE
4697,Akash Bose,7991516354,akash.bose4697@swiggy.com,F,32,20,Bangalore,2025-02-09 00:00:00,NONE
4698,Myra Gowda,6702883573,myra.gowda4698@swiggy.com,M,34,15,Bangalore,2025-06-21 00:00:00,NONE
4699,Rahul Nair,7045859073,rahul.nair4699@swiggy.com,M,50,18,Bangalore,2024-06-01 00:00:00,NONE
4700,Sai Desai,9119583210,sai.desai4700@swiggy.com,F,23,20,Bangalore,2023-10-12 00:00:00,NONE
4701,Pooja Desai,6268092613,pooja.desai4701@swiggy.com,F,20,17,Bangalore,2024-11-14 00:00:00,NONE
4702,Aadhya Nair,7066877582,aadhya.nair4702@swiggy.com,F,30,11,Bangalore,2025-09-08 00:00:00,ONE
4703,Akash Rao,8391578317,akash.rao4703@swiggy.com,M,32,17,Bangalore,2023-11-13 00:00:00,NONE
4704,Kiran Patel,6184843343,kiran.patel4704@swiggy.com,M,24,18,Bangalore,2025-03-04 00:00:00,ONE
4705,Ishaan Nair,7334048432,ishaan.nair4705@swiggy.com,F,38,17,Bangalore,2025-04-24 00:00:00,NONE
4706,Varun Bose,6922495331,varun.bose4706@swiggy.com,F,18,13,Bangalore,2025-02-13 00:00:00,NONE
4707,Saanvi Gowda,7460722700,saanvi.gowda4707@swiggy.com,M,37,19,Bangalore,2025-04-30 00:00:00,NONE
4708,Ira Singh,6702732987,ira.singh4708@swiggy.com,M,40,18,Bangalore,2024-05-26 00:00:00,ONE_LITE
4709,Rohit Desai,7686663533,rohit.desai4709@swiggy.com,F,18,12,Bangalore,2024-09-15 00:00:00,NONE
4710,Aarav Chowdhury,7893708821,aarav.chowdhury4710@swiggy.com,M,29,18,Bangalore,2024-11-07 00:00:00,NONE
4711,Meera Das,6149914473,meera.das4711@swiggy.com,F,18,15,Bangalore,2025-07-17 00:00:00,NONE
4712,Myra Khan,9368994417,myra.khan4712@swiggy.com,M,31,17,Bangalore,2024-09-25 00:00:00,ONE
4713,Aadhya Rao,6026467964,aadhya.rao4713@swiggy.com,M,18,14,Bangalore,2024-09-30 00:00:00,NONE
4714,Sai Nair,9969829783,sai.nair4714@swiggy.com,M,31,11,Bangalore,2025-06-20 00:00:00,NONE
4715,Reyansh Jain,9427107605,reyansh.jain4715@swiggy.com,F,28,18,Bangalore,2025-06-02 00:00:00,ONE
4716,Saanvi Chowdhury,9925740673,saanvi.chowdhury4716@swiggy.com,F,32,16,Bangalore,2024-02-06 00:00:00,NONE
4717,Aarav Kulkarni,8868070553,aarav.kulkarni4717@swiggy.com,F,35,17,Bangalore,2024-07-21 00:00:00,NONE
4718,Diya Shetty,7956450805,diya.shetty4718@swiggy.com,M,36,17,Bangalore,2024-04-24 00:00:00,ONE
4719,Sneha Desai,6267902290,sneha.desai4719@swiggy.com,F,27,20,Bangalore,2024-09-02 00:00:00,NONE
4720,Rahul Patel,8733519087,rahul.patel4720@swiggy.com,M,24,17,Bangalore,2024-02-15 00:00:00,NONE
4721,Neha Chowdhury,9593689657,neha.chowdhury4721@swiggy.com,M,40,11,Bangalore,2025-02-03 00:00:00,NONE
4722,Kiran Jain,9172485515,kiran.jain4722@swiggy.com,F,44,16,Bangalore,2024-06-03 00:00:00,ONE_LITE
4723,Rohit Mehta,7639986379,rohit.mehta4723@swiggy.com,M,22,14,Bangalore,2024-12-16 00:00:00,NONE
4724,Vivaan Patel,7102366127,vivaan.patel4724@swiggy.com,F,35,14,Bangalore,2024-01-30 00:00:00,NONE
4725,Ishaan Das,8015014520,ishaan.das4725@swiggy.com,F,22,17,Bangalore,2024-09-19 00:00:00,ONE_LITE
4726,Krishna Gupta,7363730787,krishna.gupta4726@swiggy.com,F,23,18,Bangalore,2025-03-24 00:00:00,ONE
4727,Vivaan Khan,7294623182,vivaan.khan4727@swiggy.com,F,44,16,Bangalore,2024-01-05 00:00:00,ONE_LITE
4728,Aadhya Rao,9718331064,aadhya.rao4728@swiggy.com,M,33,14,Bangalore,2025-03-27 00:00:00,NONE
4729,Sai Chowdhury,6776412473,sai.chowdhury4729@swiggy.com,M,46,17,Bangalore,2024-06-29 00:00:00,ONE
4730,Rohit Sharma,6350076354,rohit.sharma4730@swiggy.com,M,33,14,Bangalore,2025-07-28 00:00:00,ONE_PLUS
4731,Ishaan Kulkarni,8299946936,ishaan.kulkarni4731@swiggy.com,F,35,15,Bangalore,2025-03-02 00:00:00,NONE
4732,Ishaan Nair,9490602101,ishaan.nair4732@swiggy.com,M,37,17,Bangalore,2025-04-30 00:00:00,NONE
4733,Saanvi Shetty,6549005032,saanvi.shetty4733@swiggy.com,F,19,14,Bangalore,2024-10-15 00:00:00,ONE_LITE
4734,Vivaan Nair,8567722939,vivaan.nair4734@swiggy.com,F,18,15,Bangalore,2025-07-19 00:00:00,ONE_PLUS
4735,Aditya Das,8500323552,aditya.das4735@swiggy.com,M,22,12,Bangalore,2024-02-23 00:00:00,NONE
4736,Diya Singh,6931297209,diya.singh4736@swiggy.com,F,31,15,Bangalore,2024-10-28 00:00:00,ONE
4737,Saanvi Mehta,6825358342,saanvi.mehta4737@swiggy.com,M,27,18,Bangalore,2023-09-05 00:00:00,NONE
4738,Aadhya Jain,8535961028,aadhya.jain4738@swiggy.com,F,35,16,Bangalore,2023-09-20 00:00:00,NONE
4739,Nikhil Mehta,6857752858,nikhil.mehta4739@swiggy.com,F,26,11,Bangalore,2024-12-06 00:00:00,ONE
4740,Aarav Rao,7799275874,aarav.rao4740@swiggy.com,M,27,11,Bangalore,2024-05-28 00:00:00,NONE
4741,Aarav Reddy,7105649285,aarav.reddy4741@swiggy.com,M,21,17,Bangalore,2023-09-17 00:00:00,ONE
4742,Rahul Gupta,8759939427,rahul.gupta4742@swiggy.com,F,37,20,Bangalore,2025-01-24 00:00:00,NONE
4743,Diya Singh,9289469068,diya.singh4743@swiggy.com,M,24,12,Bangalore,2023-12-23 00:00:00,NONE
4744,Aadhya Naidu,8312155250,aadhya.naidu4744@swiggy.com,M,27,15,Bangalore,2025-03-16 00:00:00,NONE
4745,Krishna Patel,9383587809,krishna.patel4745@swiggy.com,F,25,19,Bangalore,2024-04-20 00:00:00,ONE_LITE
4746,Ananya Singh,9269679770,ananya.singh4746@swiggy.com,M,30,12,Bangalore,2024-10-30 00:00:00,ONE_LITE
4747,Krishna Naidu,6984909376,krishna.naidu4747@swiggy.com,F,34,17,Bangalore,2024-10-02 00:00:00,ONE_LITE
4748,Suresh Das,7835442809,suresh.das4748@swiggy.com,F,25,18,Bangalore,2024-05-21 00:00:00,ONE
4749,Rahul Shetty,7343269822,rahul.shetty4749@swiggy.com,F,27,12,Bangalore,2025-08-06 00:00:00,NONE
4750,Rohit Desai,9542179798,rohit.desai4750@swiggy.com,M,35,12,Bangalore,2024-05-19 00:00:00,ONE
4751,Vivaan Chowdhury,8940501260,vivaan.chowdhury4751@swiggy.com,F,36,20,Bangalore,2024-02-20 00:00:00,NONE
4752,Ishaan Naidu,6712679977,ishaan.naidu4752@swiggy.com,M,36,18,Bangalore,2023-12-03 00:00:00,ONE
4753,Arjun Desai,6967995029,arjun.desai4753@swiggy.com,F,34,12,Bangalore,2024-09-17 00:00:00,NONE
4754,Myra Patel,6266107174,myra.patel4754@swiggy.com,M,21,18,Bangalore,2024-09-01 00:00:00,NONE
4755,Vihaan Iyer,9556277284,vihaan.iyer4755@swiggy.com,F,34,17,Bangalore,2023-09-20 00:00:00,NONE
4756,Kiara Khan,7685526338,kiara.khan4756@swiggy.com,M,36,11,Bangalore,2024-01-13 00:00:00,ONE_LITE
4757,Ananya Pillai,7106326534,ananya.pillai4757@swiggy.com,M,26,19,Bangalore,2023-09-06 00:00:00,NONE
4758,Myra Kulkarni,8745099251,myra.kulkarni4758@swiggy.com,M,29,16,Bangalore,2024-09-10 00:00:00,NONE
4759,Aditya Gupta,8411330063,aditya.gupta4759@swiggy.com,M,41,15,Bangalore,2023-08-15 00:00:00,NONE
4760,Vivaan Naidu,9514355139,vivaan.naidu4760@swiggy.com,F,49,19,Bangalore,2024-04-22 00:00:00,NONE
4761,Pooja Jain,7781901736,pooja.jain4761@swiggy.com,F,42,19,Bangalore,2024-09-15 00:00:00,NONE
4762,Aarav Sharma,9539471967,aarav.sharma4762@swiggy.com,M,23,19,Bangalore,2024-08-26 00:00:00,NONE
4763,Diya Naidu,7247897949,diya.naidu4763@swiggy.com,M,46,13,Bangalore,2024-12-01 00:00:00,ONE
4764,Akash Das,6701940099,akash.das4764@swiggy.com,M,28,15,Bangalore,2024-11-17 00:00:00,NONE
4765,Varun Desai,6739891375,varun.desai4765@swiggy.com,F,28,16,Bangalore,2023-11-25 00:00:00,ONE
4766,Aditya Patel,6606858641,aditya.patel4766@swiggy.com,M,36,14,Bangalore,2024-08-15 00:00:00,NONE
4767,Suresh Singh,9543773516,suresh.singh4767@swiggy.com,F,22,12,Bangalore,2023-11-23 00:00:00,NONE
4768,Ishaan Gowda,8425454348,ishaan.gowda4768@swiggy.com,F,18,17,Bangalore,2025-07-08 00:00:00,NONE
4769,Vihaan Reddy,9824777068,vihaan.reddy4769@swiggy.com,F,43,13,Bangalore,2023-10-10 00:00:00,ONE
4770,Neha Bose,9814054909,neha.bose4770@swiggy.com,M,28,19,Bangalore,2024-12-15 00:00:00,ONE_LITE
4771,Krishna Bose,9074227546,krishna.bose4771@swiggy.com,M,41,17,Bangalore,2023-07-14 00:00:00,NONE
4772,Vihaan Jain,6001678979,vihaan.jain4772@swiggy.com,M,28,13,Bangalore,2025-03-30 00:00:00,NONE
4773,Diya Nair,8830092825,diya.nair4773@swiggy.com,F,19,20,Bangalore,2025-07-19 00:00:00,ONE
4774,Ishaan Reddy,8759915256,ishaan.reddy4774@swiggy.com,M,37,18,Bangalore,2024-09-06 00:00:00,NONE
4775,Krishna Desai,9135629749,krishna.desai4775@swiggy.com,M,23,19,Bangalore,2024-12-25 00:00:00,NONE
4776,Dhruv Kulkarni,9641257175,dhruv.kulkarni4776@swiggy.com,M,30,19,Bangalore,2025-07-06 00:00:00,NONE
4777,Nikhil Khan,8783025092,nikhil.khan4777@swiggy.com,F,18,13,Bangalore,2024-02-08 00:00:00,ONE_LITE
4778,Neha Kulkarni,7431994804,neha.kulkarni4778@swiggy.com,M,32,15,Bangalore,2025-10-31 00:00:00,NONE
4779,Rahul Mehta,9216845547,rahul.mehta4779@swiggy.com,F,32,13,Bangalore,2023-11-16 00:00:00,NONE
4780,Diya Reddy,9273936182,diya.reddy4780@swiggy.com,O,36,14,Bangalore,2023-12-24 00:00:00,NONE
4781,Krishna Shetty,6868213549,krishna.shetty4781@swiggy.com,F,24,14,Bangalore,2024-08-19 00:00:00,NONE
4782,Diya Bose,7928841800,diya.bose4782@swiggy.com,M,18,13,Bangalore,2025-06-18 00:00:00,ONE_LITE
4783,Kiran Chowdhury,7239140935,kiran.chowdhury4783@swiggy.com,M,32,13,Bangalore,2024-12-08 00:00:00,NONE
4784,Aarav Das,7028258518,aarav.das4784@swiggy.com,M,29,20,Bangalore,2024-08-01 00:00:00,ONE
4785,Riya Naidu,7307552506,riya.naidu4785@swiggy.com,F,26,18,Bangalore,2024-11-03 00:00:00,NONE
4786,Dhruv Reddy,7076732072,dhruv.reddy4786@swiggy.com,F,25,18,Bangalore,2024-03-14 00:00:00,NONE
4787,Rahul Shetty,6980609541,rahul.shetty4787@swiggy.com,M,18,16,Bangalore,2024-09-24 00:00:00,NONE
4788,Aadhya Khan,6184925535,aadhya.khan4788@swiggy.com,M,29,20,Bangalore,2024-02-23 00:00:00,ONE_LITE
4789,Krishna Iyer,9383902765,krishna.iyer4789@swiggy.com,M,32,16,Bangalore,2024-01-25 00:00:00,NONE
4790,Meera Khan,6889048854,meera.khan4790@swiggy.com,M,27,13,Bangalore,2024-06-13 00:00:00,ONE
4791,Meera Singh,7406541716,meera.singh4791@swiggy.com,M,43,13,Bangalore,2023-10-02 00:00:00,NONE
4792,Akash Desai,6846382710,akash.desai4792@swiggy.com,F,36,16,Bangalore,2023-12-18 00:00:00,NONE
4793,Akash Shetty,8021441927,akash.shetty4793@swiggy.com,F,33,20,Bangalore,2025-05-02 00:00:00,ONE_LITE
4794,Dhruv Iyer,9156952761,dhruv.iyer4794@swiggy.com,M,42,20,Bangalore,2024-02-24 00:00:00,NONE
4795,Riya Naidu,9236173707,riya.naidu4795@swiggy.com,F,27,15,Bangalore,2023-10-14 00:00:00,NONE
4796,Anika Shetty,7412412328,anika.shetty4796@swiggy.com,M,28,18,Bangalore,2025-06-02 00:00:00,ONE_LITE
4797,Vivaan Sharma,9651199459,vivaan.sharma4797@swiggy.com,M,32,13,Bangalore,2024-09-18 00:00:00,NONE
4798,Vivaan Iyer,8116777499,vivaan.iyer4798@swiggy.com,M,42,19,Bangalore,2024-01-24 00:00:00,ONE
4799,Aditya Sharma,6821877090,aditya.sharma4799@swiggy.com,F,36,12,Bangalore,2025-09-27 00:00:00,ONE
4800,Suresh Rao,9308606888,suresh.rao4800@swiggy.com,M,31,20,Bangalore,2024-02-23 00:00:00,NONE
4801,Kiran Mehta,9118009947,kiran.mehta4801@swiggy.com,F,38,11,Bangalore,2024-01-17 00:00:00,NONE
4802,Kiara Shetty,6405520606,kiara.shetty4802@swiggy.com,M,36,16,Bangalore,2025-09-27 00:00:00,NONE
4803,Akash Patel,9033275973,akash.patel4803@swiggy.com,F,23,14,Bangalore,2024-07-11 00:00:00,NONE
4804,Vivaan Bose,7572735848,vivaan.bose4804@swiggy.com,M,21,17,Bangalore,2025-09-23 00:00:00,ONE
4805,Sai Mehta,6660121774,sai.mehta4805@swiggy.com,M,18,17,Bangalore,2023-10-27 00:00:00,NONE
4806,Nikhil Bose,9853493889,nikhil.bose4806@swiggy.com,M,34,11,Bangalore,2023-08-26 00:00:00,ONE_LITE
4807,Ananya Chowdhury,9134094449,ananya.chowdhury4807@swiggy.com,F,26,16,Bangalore,2024-06-05 00:00:00,ONE
4808,Akash Rao,9083927002,akash.rao4808@swiggy.com,M,37,17,Bangalore,2025-07-16 00:00:00,NONE
4809,Meera Nair,8806950488,meera.nair4809@swiggy.com,F,37,16,Bangalore,2025-04-02 00:00:00,ONE_LITE
4810,Akash Das,9052730490,akash.das4810@swiggy.com,M,29,17,Bangalore,2025-07-31 00:00:00,NONE
4811,Ishaan Bose,7271342809,ishaan.bose4811@swiggy.com,M,30,15,Bangalore,2025-01-18 00:00:00,NONE
4812,Kiran Khan,8198693317,kiran.khan4812@swiggy.com,M,25,19,Bangalore,2025-08-09 00:00:00,NONE
4813,Myra Rao,6941568493,myra.rao4813@swiggy.com,M,20,20,Bangalore,2025-06-17 00:00:00,ONE
4814,Krishna Patel,9299644856,krishna.patel4814@swiggy.com,F,41,11,Bangalore,2025-09-06 00:00:00,NONE
4815,Kiran Chowdhury,8525944850,kiran.chowdhury4815@swiggy.com,M,32,18,Bangalore,2024-01-16 00:00:00,NONE
4816,Rahul Reddy,6960927608,rahul.reddy4816@swiggy.com,M,39,11,Bangalore,2024-03-17 00:00:00,NONE
4817,Kiara Bose,9988778574,kiara.bose4817@swiggy.com,F,19,11,Bangalore,2024-09-27 00:00:00,ONE_LITE
4818,Meera Jain,9408512197,meera.jain4818@swiggy.com,M,23,18,Bangalore,2024-02-13 00:00:00,NONE
4819,Myra Naidu,8954250981,myra.naidu4819@swiggy.com,M,24,12,Bangalore,2024-07-08 00:00:00,NONE
4820,Rohit Bose,8385442370,rohit.bose4820@swiggy.com,F,23,11,Bangalore,2025-08-01 00:00:00,ONE
4821,Ishaan Rao,7781330809,ishaan.rao4821@swiggy.com,M,27,14,Bangalore,2025-09-04 00:00:00,ONE
4822,Saanvi Jain,8815800771,saanvi.jain4822@swiggy.com,F,40,11,Bangalore,2025-11-17 00:00:00,NONE
4823,Arjun Nair,8066443834,arjun.nair4823@swiggy.com,F,26,16,Bangalore,2023-08-24 00:00:00,ONE
4824,Varun Gowda,6100844958,varun.gowda4824@swiggy.com,F,18,19,Bangalore,2024-09-10 00:00:00,NONE
4825,Anika Naidu,8131895850,anika.naidu4825@swiggy.com,F,19,20,Bangalore,2025-03-05 00:00:00,NONE
4826,Sneha Rao,9906647445,sneha.rao4826@swiggy.com,M,18,14,Bangalore,2024-12-25 00:00:00,NONE
4827,Kiara Chowdhury,8889464136,kiara.chowdhury4827@swiggy.com,M,26,19,Bangalore,2025-09-01 00:00:00,ONE
4828,Meera Jain,8684588205,meera.jain4828@swiggy.com,M,29,18,Bangalore,2024-12-10 00:00:00,NONE
4829,Akash Jain,7208568590,akash.jain4829@swiggy.com,F,18,14,Bangalore,2025-02-24 00:00:00,NONE
4830,Vihaan Singh,7836358855,vihaan.singh4830@swiggy.com,M,25,18,Bangalore,2024-08-21 00:00:00,ONE_LITE
4831,Sai Sharma,9475632411,sai.sharma4831@swiggy.com,F,36,19,Bangalore,2025-05-05 00:00:00,NONE
4832,Riya Bose,8541294972,riya.bose4832@swiggy.com,F,19,17,Bangalore,2023-08-19 00:00:00,NONE
4833,Saanvi Nair,9017542199,saanvi.nair4833@swiggy.com,M,18,19,Bangalore,2024-07-09 00:00:00,ONE
4834,Meera Naidu,6314642484,meera.naidu4834@swiggy.com,F,19,18,Bangalore,2025-08-11 00:00:00,NONE
4835,Meera Jain,9268562454,meera.jain4835@swiggy.com,M,23,17,Bangalore,2024-11-18 00:00:00,ONE
4836,Aadhya Das,6910167463,aadhya.das4836@swiggy.com,F,30,17,Bangalore,2025-01-25 00:00:00,ONE_LITE
4837,Saanvi Naidu,9699662952,saanvi.naidu4837@swiggy.com,M,19,16,Bangalore,2024-12-02 00:00:00,ONE_LITE
4838,Varun Sharma,8755471080,varun.sharma4838@swiggy.com,M,42,20,Bangalore,2023-12-10 00:00:00,NONE
4839,Aadhya Reddy,8147582154,aadhya.reddy4839@swiggy.com,F,30,12,Bangalore,2025-04-21 00:00:00,NONE
4840,Dhruv Singh,8124953827,dhruv.singh4840@swiggy.com,F,36,18,Bangalore,2025-02-15 00:00:00,ONE_LITE
4841,Reyansh Singh,8960078044,reyansh.singh4841@swiggy.com,F,26,17,Bangalore,2024-05-23 00:00:00,NONE
4842,Anika Mehta,7365528200,anika.mehta4842@swiggy.com,F,26,17,Bangalore,2024-04-07 00:00:00,ONE_LITE
4843,Rohit Desai,7972991029,rohit.desai4843@swiggy.com,F,18,13,Bangalore,2024-04-08 00:00:00,ONE
4844,Vivaan Pillai,9352264469,vivaan.pillai4844@swiggy.com,M,32,17,Bangalore,2024-05-08 00:00:00,ONE_PLUS
4845,Riya Bose,8557353595,riya.bose4845@swiggy.com,F,18,14,Bangalore,2025-07-20 00:00:00,ONE_LITE
4846,Sai Jain,6868185874,sai.jain4846@swiggy.com,F,44,15,Bangalore,2024-06-20 00:00:00,ONE_PLUS
4847,Aarav Das,9765220734,aarav.das4847@swiggy.com,M,45,11,Bangalore,2023-12-09 00:00:00,ONE
4848,Myra Shetty,9501333336,myra.shetty4848@swiggy.com,F,35,11,Bangalore,2023-12-27 00:00:00,ONE_LITE
4849,Aarav Patel,6313604326,aarav.patel4849@swiggy.com,M,25,16,Bangalore,2024-03-08 00:00:00,NONE
4850,Meera Patel,7099087295,meera.patel4850@swiggy.com,M,29,16,Bangalore,2024-08-24 00:00:00,ONE_PLUS
4851,Rohit Pillai,8811126705,rohit.pillai4851@swiggy.com,M,18,20,Bangalore,2025-07-12 00:00:00,NONE
4852,Varun Sharma,9727357212,varun.sharma4852@swiggy.com,M,33,18,Bangalore,2025-02-16 00:00:00,NONE
4853,Vivaan Gupta,7395218119,vivaan.gupta4853@swiggy.com,F,31,18,Bangalore,2024-10-30 00:00:00,NONE
4854,Arjun Chowdhury,8627137961,arjun.chowdhury4854@swiggy.com,F,18,15,Bangalore,2024-07-25 00:00:00,ONE_PLUS
4855,Myra Kulkarni,6169953298,myra.kulkarni4855@swiggy.com,F,47,13,Bangalore,2024-01-23 00:00:00,ONE_PLUS
4856,Riya Chowdhury,9750779296,riya.chowdhury4856@swiggy.com,M,29,14,Bangalore,2025-11-02 00:00:00,NONE
4857,Neha Shetty,6936316206,neha.shetty4857@swiggy.com,M,39,15,Bangalore,2025-08-07 00:00:00,ONE
4858,Nikhil Jain,9886644309,nikhil.jain4858@swiggy.com,F,37,20,Bangalore,2024-07-14 00:00:00,NONE
4859,Nikhil Gowda,7271994215,nikhil.gowda4859@swiggy.com,M,27,16,Bangalore,2025-02-24 00:00:00,NONE
4860,Ishaan Gupta,7526366884,ishaan.gupta4860@swiggy.com,F,39,13,Bangalore,2023-09-08 00:00:00,ONE
4861,Ishaan Gowda,8908931843,ishaan.gowda4861@swiggy.com,F,18,16,Bangalore,2025-08-25 00:00:00,NONE
4862,Suresh Gowda,6434318060,suresh.gowda4862@swiggy.com,F,42,17,Bangalore,2023-12-17 00:00:00,NONE
4863,Akash Khan,8237630273,akash.khan4863@swiggy.com,F,42,19,Bangalore,2025-04-13 00:00:00,NONE
4864,Suresh Khan,7084819610,suresh.khan4864@swiggy.com,M,18,11,Bangalore,2023-12-05 00:00:00,ONE
4865,Pooja Pillai,8867075685,pooja.pillai4865@swiggy.com,F,31,18,Bangalore,2025-04-08 00:00:00,ONE_LITE
4866,Ishaan Reddy,6064294256,ishaan.reddy4866@swiggy.com,F,44,17,Bangalore,2024-09-22 00:00:00,ONE_LITE
4867,Ira Pillai,9567590065,ira.pillai4867@swiggy.com,F,26,18,Bangalore,2025-01-11 00:00:00,ONE
4868,Krishna Chowdhury,8382931768,krishna.chowdhury4868@swiggy.com,M,29,20,Bangalore,2024-02-01 00:00:00,NONE
4869,Sneha Naidu,9602903311,sneha.naidu4869@swiggy.com,M,31,17,Bangalore,2025-05-16 00:00:00,NONE
4870,Diya Gowda,9863361007,diya.gowda4870@swiggy.com,M,27,20,Bangalore,2023-12-21 00:00:00,NONE
4871,Kiran Jain,6761679554,kiran.jain4871@swiggy.com,M,34,15,Bangalore,2023-08-02 00:00:00,NONE
4872,Kiara Reddy,9201478583,kiara.reddy4872@swiggy.com,F,18,11,Bangalore,2025-10-05 00:00:00,ONE_PLUS
4873,Aditya Gupta,7628892566,aditya.gupta4873@swiggy.com,M,27,14,Bangalore,2024-04-30 00:00:00,ONE
4874,Sai Gowda,9382581710,sai.gowda4874@swiggy.com,M,28,12,Bangalore,2023-10-09 00:00:00,ONE
4875,Rohit Gowda,6195625088,rohit.gowda4875@swiggy.com,M,35,12,Bangalore,2025-11-06 00:00:00,ONE_LITE
4876,Vihaan Desai,9040745562,vihaan.desai4876@swiggy.com,F,34,12,Bangalore,2025-10-18 00:00:00,ONE_LITE
4877,Vivaan Bose,6698496290,vivaan.bose4877@swiggy.com,F,36,13,Bangalore,2023-12-12 00:00:00,ONE_LITE
4878,Krishna Iyer,7193724287,krishna.iyer4878@swiggy.com,M,18,15,Bangalore,2024-12-20 00:00:00,ONE_LITE
4879,Rohit Desai,9431217935,rohit.desai4879@swiggy.com,F,18,13,Bangalore,2024-02-07 00:00:00,ONE
4880,Pooja Jain,8097997824,pooja.jain4880@swiggy.com,F,28,15,Bangalore,2025-01-15 00:00:00,NONE
4881,Aditya Das,6977204418,aditya.das4881@swiggy.com,M,26,12,Bangalore,2024-10-16 00:00:00,ONE_LITE
4882,Aadhya Pillai,7545408765,aadhya.pillai4882@swiggy.com,M,30,16,Bangalore,2024-07-23 00:00:00,ONE
4883,Anika Kulkarni,6519296889,anika.kulkarni4883@swiggy.com,F,18,11,Bangalore,2025-07-03 00:00:00,NONE
4884,Arjun Gupta,7911891401,arjun.gupta4884@swiggy.com,O,25,19,Bangalore,2024-09-14 00:00:00,NONE
4885,Arjun Gupta,9387740716,arjun.gupta4885@swiggy.com,F,28,15,Bangalore,2023-08-31 00:00:00,ONE
4886,Saanvi Jain,8315268986,saanvi.jain4886@swiggy.com,M,34,16,Bangalore,2025-07-23 00:00:00,NONE
4887,Ishaan Patel,6624571867,ishaan.patel4887@swiggy.com,F,24,20,Bangalore,2025-10-31 00:00:00,ONE
4888,Suresh Pillai,7164869712,suresh.pillai4888@swiggy.com,F,18,18,Bangalore,2025-02-02 00:00:00,NONE
4889,Meera Kulkarni,6334145891,meera.kulkarni4889@swiggy.com,M,28,17,Bangalore,2024-02-09 00:00:00,ONE
4890,Pooja Rao,7492717842,pooja.rao4890@swiggy.com,F,37,13,Bangalore,2024-07-31 00:00:00,ONE_LITE
4891,Myra Pillai,8014329897,myra.pillai4891@swiggy.com,M,28,15,Bangalore,2023-08-20 00:00:00,ONE
4892,Ishaan Singh,8617943930,ishaan.singh4892@swiggy.com,F,18,19,Bangalore,2025-09-09 00:00:00,NONE
4893,Vivaan Kulkarni,6174588070,vivaan.kulkarni4893@swiggy.com,M,18,18,Bangalore,2024-02-15 00:00:00,ONE
4894,Krishna Gupta,9945000988,krishna.gupta4894@swiggy.com,F,28,11,Bangalore,2025-02-26 00:00:00,ONE
4895,Kiara Pillai,7053394111,kiara.pillai4895@swiggy.com,M,36,13,Bangalore,2025-03-20 00:00:00,NONE
4896,Aditya Gowda,7270383746,aditya.gowda4896@swiggy.com,F,38,17,Bangalore,2025-05-07 00:00:00,NONE
4897,Sneha Das,7031482410,sneha.das4897@swiggy.com,F,18,11,Bangalore,2024-01-16 00:00:00,ONE_PLUS
4898,Rahul Iyer,7115485770,rahul.iyer4898@swiggy.com,M,35,13,Bangalore,2023-09-16 00:00:00,ONE_LITE
4899,Reyansh Desai,9458636561,reyansh.desai4899@swiggy.com,M,23,19,Bangalore,2024-12-13 00:00:00,NONE
4900,Dhruv Gupta,8491290604,dhruv.gupta4900@swiggy.com,F,24,16,Bangalore,2023-07-30 00:00:00,NONE
4901,Saanvi Khan,6452464070,saanvi.khan4901@swiggy.com,M,40,18,Bangalore,2025-03-20 00:00:00,ONE_LITE
4902,Ira Reddy,9352055126,ira.reddy4902@swiggy.com,F,27,17,Bangalore,2024-02-07 00:00:00,NONE
4903,Rahul Nair,9307468419,rahul.nair4903@swiggy.com,F,31,20,Bangalore,2025-09-19 00:00:00,NONE
4904,Myra Mehta,9623685903,myra.mehta4904@swiggy.com,F,26,16,Bangalore,2024-12-21 00:00:00,ONE
4905,Ishaan Jain,9507804228,ishaan.jain4905@swiggy.com,M,18,14,Bangalore,2024-09-28 00:00:00,ONE_PLUS
4906,Diya Gupta,7375221722,diya.gupta4906@swiggy.com,M,49,14,Bangalore,2025-03-18 00:00:00,ONE_LITE
4907,Kiara Patel,6394031553,kiara.patel4907@swiggy.com,F,18,16,Bangalore,2023-09-17 00:00:00,ONE
4908,Aadhya Das,6376655466,aadhya.das4908@swiggy.com,F,26,20,Bangalore,2025-08-08 00:00:00,NONE
4909,Aarav Pillai,9140065119,aarav.pillai4909@swiggy.com,F,40,11,Bangalore,2024-09-20 00:00:00,NONE
4910,Myra Iyer,7494680706,myra.iyer4910@swiggy.com,M,42,20,Bangalore,2023-12-12 00:00:00,ONE_LITE
4911,Pooja Patel,6697474664,pooja.patel4911@swiggy.com,F,30,11,Bangalore,2025-05-25 00:00:00,ONE
4912,Diya Kulkarni,6034393134,diya.kulkarni4912@swiggy.com,M,31,11,Bangalore,2025-09-04 00:00:00,ONE_LITE
4913,Suresh Reddy,8318811592,suresh.reddy4913@swiggy.com,F,36,13,Bangalore,2024-07-02 00:00:00,ONE_LITE
4914,Anika Singh,7829027027,anika.singh4914@swiggy.com,F,36,15,Bangalore,2024-10-30 00:00:00,NONE
4915,Rohit Pillai,9876948642,rohit.pillai4915@swiggy.com,M,28,14,Bangalore,2024-12-18 00:00:00,ONE_PLUS
4916,Vihaan Shetty,9935725136,vihaan.shetty4916@swiggy.com,M,32,12,Bangalore,2025-07-13 00:00:00,ONE_LITE
4917,Rahul Gupta,9793205713,rahul.gupta4917@swiggy.com,M,18,13,Bangalore,2024-11-08 00:00:00,ONE_PLUS
4918,Anika Khan,7116109803,anika.khan4918@swiggy.com,F,29,13,Bangalore,2025-08-08 00:00:00,NONE
4919,Pooja Bose,6680876769,pooja.bose4919@swiggy.com,F,26,15,Bangalore,2024-07-21 00:00:00,NONE
4920,Neha Shetty,9308583715,neha.shetty4920@swiggy.com,M,38,14,Bangalore,2025-09-08 00:00:00,NONE
4921,Rahul Iyer,8865569204,rahul.iyer4921@swiggy.com,F,21,16,Bangalore,2023-07-20 00:00:00,NONE
4922,Reyansh Chowdhury,6424001815,reyansh.chowdhury4922@swiggy.com,F,38,20,Bangalore,2025-09-06 00:00:00,ONE_LITE
4923,Varun Das,8158011507,varun.das4923@swiggy.com,F,45,18,Bangalore,2025-09-26 00:00:00,NONE
4924,Vivaan Rao,8991586604,vivaan.rao4924@swiggy.com,F,26,19,Bangalore,2023-09-05 00:00:00,NONE
4925,Akash Pillai,9493033328,akash.pillai4925@swiggy.com,M,18,12,Bangalore,2024-06-30 00:00:00,NONE
4926,Neha Naidu,6644484265,neha.naidu4926@swiggy.com,F,44,11,Bangalore,2025-10-07 00:00:00,NONE
4927,Varun Gupta,9664855127,varun.gupta4927@swiggy.com,M,21,16,Bangalore,2025-03-07 00:00:00,ONE_LITE
4928,Sneha Patel,7552986219,sneha.patel4928@swiggy.com,M,18,13,Bangalore,2024-01-30 00:00:00,NONE
4929,Neha Pillai,6418713008,neha.pillai4929@swiggy.com,O,26,15,Bangalore,2024-10-01 00:00:00,NONE
4930,Vivaan Singh,8494368869,vivaan.singh4930@swiggy.com,F,32,20,Bangalore,2025-06-20 00:00:00,NONE
4931,Sai Bose,9102434999,sai.bose4931@swiggy.com,F,31,16,Bangalore,2024-07-21 00:00:00,NONE
4932,Saanvi Naidu,6187093617,saanvi.naidu4932@swiggy.com,F,36,14,Bangalore,2024-02-02 00:00:00,NONE
4933,Rohit Sharma,9691651729,rohit.sharma4933@swiggy.com,F,19,16,Bangalore,2025-09-12 00:00:00,ONE_PLUS
4934,Krishna Iyer,9089046051,krishna.iyer4934@swiggy.com,F,41,17,Bangalore,2025-08-23 00:00:00,NONE
4935,Ananya Bose,8566926332,ananya.bose4935@swiggy.com,F,25,15,Bangalore,2023-11-23 00:00:00,ONE
4936,Akash Patel,6388701434,akash.patel4936@swiggy.com,F,34,17,Bangalore,2024-05-17 00:00:00,NONE
4937,Akash Sharma,9368797482,akash.sharma4937@swiggy.com,F,38,16,Bangalore,2024-07-26 00:00:00,NONE
4938,Sai Das,9283273332,sai.das4938@swiggy.com,M,23,17,Bangalore,2024-06-06 00:00:00,ONE
4939,Akash Naidu,6896481392,akash.naidu4939@swiggy.com,F,20,11,Bangalore,2025-10-14 00:00:00,NONE
4940,Sai Desai,7104264240,sai.desai4940@swiggy.com,F,24,20,Bangalore,2025-09-24 00:00:00,ONE
4941,Rahul Das,6589841281,rahul.das4941@swiggy.com,M,32,16,Bangalore,2024-05-12 00:00:00,NONE
4942,Pooja Naidu,7081979718,pooja.naidu4942@swiggy.com,F,28,19,Bangalore,2025-05-18 00:00:00,NONE
4943,Krishna Gowda,6173008651,krishna.gowda4943@swiggy.com,F,18,20,Bangalore,2025-02-12 00:00:00,NONE
4944,Kiran Bose,9050447695,kiran.bose4944@swiggy.com,F,19,13,Bangalore,2024-01-09 00:00:00,ONE_LITE
4945,Arjun Mehta,7815477088,arjun.mehta4945@swiggy.com,M,19,19,Bangalore,2025-05-04 00:00:00,NONE
4946,Aditya Das,8776741929,aditya.das4946@swiggy.com,F,18,20,Bangalore,2025-09-23 00:00:00,ONE_LITE
4947,Krishna Reddy,6197450561,krishna.reddy4947@swiggy.com,M,30,18,Bangalore,2024-03-16 00:00:00,NONE
4948,Aarav Sharma,6769314234,aarav.sharma4948@swiggy.com,F,18,20,Bangalore,2023-09-15 00:00:00,NONE
4949,Rohit Desai,6108371543,rohit.desai4949@swiggy.com,F,28,17,Bangalore,2025-05-16 00:00:00,NONE
4950,Ishaan Patel,8158332522,ishaan.patel4950@swiggy.com,M,32,15,Bangalore,2025-01-12 00:00:00,NONE
4951,Kiran Sharma,7905266901,kiran.sharma4951@swiggy.com,F,34,13,Bangalore,2024-02-29 00:00:00,ONE_LITE
4952,Vivaan Patel,6661999520,vivaan.patel4952@swiggy.com,F,19,19,Bangalore,2023-08-08 00:00:00,ONE_LITE
4953,Myra Patel,9394747270,myra.patel4953@swiggy.com,F,18,13,Bangalore,2024-07-14 00:00:00,ONE_LITE
4954,Vivaan Mehta,9888781150,vivaan.mehta4954@swiggy.com,M,18,14,Bangalore,2025-05-20 00:00:00,NONE
4955,Pooja Rao,9772493777,pooja.rao4955@swiggy.com,F,37,20,Bangalore,2023-08-25 00:00:00,NONE
4956,Anika Rao,6755344707,anika.rao4956@swiggy.com,F,37,18,Bangalore,2025-08-07 00:00:00,NONE
4957,Rohit Desai,6049999107,rohit.desai4957@swiggy.com,M,20,13,Bangalore,2024-10-07 00:00:00,NONE
4958,Neha Desai,9788964127,neha.desai4958@swiggy.com,F,31,13,Bangalore,2025-09-01 00:00:00,NONE
4959,Pooja Jain,8524578523,pooja.jain4959@swiggy.com,F,33,18,Bangalore,2025-05-03 00:00:00,NONE
4960,Akash Patel,8017542026,akash.patel4960@swiggy.com,F,30,19,Bangalore,2024-12-06 00:00:00,NONE
4961,Saanvi Patel,7586879950,saanvi.patel4961@swiggy.com,F,18,19,Bangalore,2024-08-17 00:00:00,NONE
4962,Aadhya Gowda,8296047544,aadhya.gowda4962@swiggy.com,M,23,13,Bangalore,2023-12-25 00:00:00,ONE
4963,Vihaan Kulkarni,9077395017,vihaan.kulkarni4963@swiggy.com,M,18,15,Bangalore,2025-06-18 00:00:00,NONE
4964,Ananya Nair,7155247628,ananya.nair4964@swiggy.com,M,37,18,Bangalore,2024-07-17 00:00:00,NONE
4965,Sneha Mehta,8444209831,sneha.mehta4965@swiggy.com,F,18,17,Bangalore,2023-10-17 00:00:00,ONE_LITE
4966,Reyansh Khan,7090771742,reyansh.khan4966@swiggy.com,M,18,20,Bangalore,2024-01-07 00:00:00,NONE
4967,Sneha Mehta,6032927437,sneha.mehta4967@swiggy.com,M,35,19,Bangalore,2023-11-28 00:00:00,NONE
4968,Kiran Singh,8632780502,kiran.singh4968@swiggy.com,F,30,13,Bangalore,2024-03-10 00:00:00,NONE
4969,Diya Pillai,9043576968,diya.pillai4969@swiggy.com,M,27,19,Bangalore,2025-11-13 00:00:00,NONE
4970,Sai Khan,6337629701,sai.khan4970@swiggy.com,F,33,13,Bangalore,2024-09-13 00:00:00,NONE
4971,Varun Nair,8209598597,varun.nair4971@swiggy.com,M,22,19,Bangalore,2025-02-20 00:00:00,NONE
4972,Sneha Sharma,8206073004,sneha.sharma4972@swiggy.com,M,20,19,Bangalore,2024-07-21 00:00:00,ONE_LITE
4973,Aadhya Chowdhury,6431764207,aadhya.chowdhury4973@swiggy.com,M,34,15,Bangalore,2025-08-11 00:00:00,NONE
4974,Myra Kulkarni,6925685051,myra.kulkarni4974@swiggy.com,F,29,16,Bangalore,2025-11-10 00:00:00,NONE
4975,Sai Jain,9874235094,sai.jain4975@swiggy.com,F,18,17,Bangalore,2025-01-13 00:00:00,ONE_LITE
4976,Sai Naidu,8493745133,sai.naidu4976@swiggy.com,F,18,11,Bangalore,2024-02-11 00:00:00,ONE
4977,Suresh Patel,6790360693,suresh.patel4977@swiggy.com,M,38,15,Bangalore,2023-11-24 00:00:00,NONE
4978,Vihaan Mehta,6669968265,vihaan.mehta4978@swiggy.com,F,29,19,Bangalore,2024-11-01 00:00:00,NONE
4979,Reyansh Iyer,8974462985,reyansh.iyer4979@swiggy.com,F,18,16,Bangalore,2024-07-25 00:00:00,ONE_LITE
4980,Rohit Iyer,8800091777,rohit.iyer4980@swiggy.com,F,41,20,Bangalore,2025-01-28 00:00:00,ONE_PLUS
4981,Kiran Kulkarni,6110200171,kiran.kulkarni4981@swiggy.com,M,19,16,Bangalore,2023-11-13 00:00:00,ONE_LITE
4982,Ananya Khan,7219184690,ananya.khan4982@swiggy.com,F,37,20,Bangalore,2023-08-15 00:00:00,NONE
4983,Diya Das,9870157087,diya.das4983@swiggy.com,F,35,19,Bangalore,2024-12-28 00:00:00,NONE
4984,Aditya Desai,9130837749,aditya.desai4984@swiggy.com,F,18,13,Bangalore,2025-10-29 00:00:00,NONE
4985,Varun Iyer,7009154249,varun.iyer4985@swiggy.com,F,24,18,Bangalore,2024-01-11 00:00:00,NONE
4986,Sneha Gowda,9726333897,sneha.gowda4986@swiggy.com,F,37,11,Bangalore,2023-08-25 00:00:00,NONE
4987,Dhruv Nair,7984851102,dhruv.nair4987@swiggy.com,F,21,16,Bangalore,2023-07-30 00:00:00,ONE_LITE
4988,Ishaan Das,6513257977,ishaan.das4988@swiggy.com,M,44,19,Bangalore,2024-10-08 00:00:00,NONE
4989,Ananya Shetty,6384831629,ananya.shetty4989@swiggy.com,F,32,20,Bangalore,2024-08-27 00:00:00,NONE
4990,Rahul Sharma,9747546277,rahul.sharma4990@swiggy.com,M,32,13,Bangalore,2024-03-01 00:00:00,ONE
4991,Krishna Nair,9319046861,krishna.nair4991@swiggy.com,M,40,17,Bangalore,2025-08-26 00:00:00,ONE
4992,Riya Das,6064839373,riya.das4992@swiggy.com,F,37,13,Bangalore,2025-11-18 00:00:00,NONE
4993,Krishna Bose,7434967847,krishna.bose4993@swiggy.com,F,34,13,Bangalore,2023-12-22 00:00:00,NONE
4994,Kiran Reddy,7179036930,kiran.reddy4994@swiggy.com,M,22,20,Bangalore,2023-08-01 00:00:00,NONE
4995,Arjun Nair,6716700804,arjun.nair4995@swiggy.com,M,21,14,Bangalore,2023-08-09 00:00:00,NONE
4996,Ishaan Reddy,8244675587,ishaan.reddy4996@swiggy.com,F,37,11,Bangalore,2025-03-28 00:00:00,NONE
4997,Aditya Sharma,9969068641,aditya.sharma4997@swiggy.com,M,25,17,Bangalore,2025-01-31 00:00:00,NONE
4998,Kiara Kulkarni,7184929708,kiara.kulkarni4998@swiggy.com,M,34,15,Bangalore,2023-10-01 00:00:00,NONE
4999,Vivaan Sharma,8698908229,vivaan.sharma4999@swiggy.com,F,41,12,Bangalore,2024-01-18 00:00:00,NONE
5000,Anika Jain,8623445358,anika.jain5000@swiggy.com,M,25,15,Bangalore,2023-07-24 00:00:00,NONE
1001,Myra Nair,8721802638,myra.nair1001@swiggy.com,F,39,5,Hyderabad,2025-09-20 00:00:00,ONE
1002,Arjun Jain,7438281962,arjun.jain1002@swiggy.com,M,18,8,Hyderabad,2024-05-01 00:00:00,NONE
1003,Varun Gupta,7237822206,varun.gupta1003@swiggy.com,F,33,1,Hyderabad,2023-11-05 00:00:00,ONE
1004,Aadhya Rao,8431439416,aadhya.rao1004@swiggy.com,F,39,7,Hyderabad,2025-09-08 00:00:00,ONE_LITE
1005,Anika Naidu,7918533756,anika.naidu1005@swiggy.com,F,31,5,Hyderabad,2025-06-14 00:00:00,ONE
1006,Sai Kulkarni,9637057749,sai.kulkarni1006@swiggy.com,M,30,6,Hyderabad,2024-10-18 00:00:00,ONE
1007,Vihaan Chowdhury,8927934745,vihaan.chowdhury1007@swiggy.com,M,34,3,Hyderabad,2025-06-25 00:00:00,ONE_LITE
1008,Rahul Nair,8502178206,rahul.nair1008@swiggy.com,F,18,9,Hyderabad,2024-09-27 00:00:00,ONE
1009,Rahul Khan,6022185376,rahul.khan1009@swiggy.com,F,35,1,Hyderabad,2025-10-05 00:00:00,NONE
1010,Nikhil Mehta,6074020243,nikhil.mehta1010@swiggy.com,M,37,1,Hyderabad,2024-06-23 00:00:00,ONE_LITE
1011,Varun Desai,8310662338,varun.desai1011@swiggy.com,F,20,2,Hyderabad,2024-04-11 00:00:00,NONE
1012,Ananya Gupta,7836449672,ananya.gupta1012@swiggy.com,M,43,10,Hyderabad,2025-03-10 00:00:00,ONE
1013,Diya Patel,8257868830,diya.patel1013@swiggy.com,F,39,2,Hyderabad,2025-10-16 00:00:00,NONE
1014,Varun Jain,8532134774,varun.jain1014@swiggy.com,M,42,4,Hyderabad,2024-04-26 00:00:00,NONE
1015,Nikhil Shetty,6457690100,nikhil.shetty1015@swiggy.com,F,35,7,Hyderabad,2024-03-21 00:00:00,ONE_LITE
1016,Reyansh Reddy,7479036973,reyansh.reddy1016@swiggy.com,F,22,1,Hyderabad,2025-11-16 00:00:00,NONE
1017,Rahul Reddy,7783298829,rahul.reddy1017@swiggy.com,M,43,5,Hyderabad,2024-09-26 00:00:00,ONE
1018,Sai Reddy,9028552747,sai.reddy1018@swiggy.com,F,37,1,Hyderabad,2024-07-28 00:00:00,ONE
1019,Aditya Nair,6048495007,aditya.nair1019@swiggy.com,F,18,3,Hyderabad,2025-04-21 00:00:00,ONE_PLUS
1020,Dhruv Singh,8802824068,dhruv.singh1020@swiggy.com,F,27,5,Hyderabad,2023-12-02 00:00:00,NONE
1021,Kiran Singh,8772038539,kiran.singh1021@swiggy.com,F,45,7,Hyderabad,2024-05-04 00:00:00,NONE
1022,Arjun Kulkarni,7453971686,arjun.kulkarni1022@swiggy.com,M,44,9,Hyderabad,2024-05-23 00:00:00,NONE
1023,Ira Iyer,7833478105,ira.iyer1023@swiggy.com,M,31,7,Hyderabad,2024-11-24 00:00:00,NONE
1024,Ananya Pillai,8859783889,ananya.pillai1024@swiggy.com,F,23,3,Hyderabad,2024-03-24 00:00:00,ONE
1025,Kiara Patel,9259767438,kiara.patel1025@swiggy.com,M,35,9,Hyderabad,2025-10-16 00:00:00,ONE_LITE
1026,Akash Nair,6234716488,akash.nair1026@swiggy.com,F,22,6,Hyderabad,2024-05-15 00:00:00,NONE
1027,Aarav Chowdhury,9496373269,aarav.chowdhury1027@swiggy.com,M,32,4,Hyderabad,2023-11-25 00:00:00,ONE_PLUS
1028,Aarav Reddy,7117029434,aarav.reddy1028@swiggy.com,M,37,4,Hyderabad,2025-11-03 00:00:00,ONE_PLUS
1029,Ananya Nair,7245460403,ananya.nair1029@swiggy.com,M,25,10,Hyderabad,2025-01-24 00:00:00,ONE
1030,Kiran Singh,6774589693,kiran.singh1030@swiggy.com,F,28,1,Hyderabad,2025-03-11 00:00:00,ONE_PLUS
1031,Varun Iyer,6202860336,varun.iyer1031@swiggy.com,F,28,8,Hyderabad,2023-10-12 00:00:00,ONE
1032,Ananya Mehta,6240187945,ananya.mehta1032@swiggy.com,M,23,8,Hyderabad,2025-10-23 00:00:00,NONE
1033,Kiran Bose,6857215148,kiran.bose1033@swiggy.com,M,25,8,Hyderabad,2025-02-19 00:00:00,NONE
1034,Riya Kulkarni,6118140789,riya.kulkarni1034@swiggy.com,M,27,1,Hyderabad,2025-02-03 00:00:00,NONE
1035,Dhruv Shetty,8368247911,dhruv.shetty1035@swiggy.com,F,29,7,Hyderabad,2025-10-14 00:00:00,ONE_PLUS
1036,Aarav Rao,6360566142,aarav.rao1036@swiggy.com,F,34,10,Hyderabad,2024-04-30 00:00:00,NONE
1037,Ira Iyer,9086452910,ira.iyer1037@swiggy.com,M,25,9,Hyderabad,2023-12-10 00:00:00,NONE
1038,Sai Gupta,6655496510,sai.gupta1038@swiggy.com,M,26,2,Hyderabad,2024-04-22 00:00:00,NONE
1039,Dhruv Naidu,6007165081,dhruv.naidu1039@swiggy.com,M,35,4,Hyderabad,2025-06-30 00:00:00,ONE_LITE
1040,Neha Gupta,8642156806,neha.gupta1040@swiggy.com,M,24,4,Hyderabad,2024-07-24 00:00:00,NONE
1041,Sneha Iyer,6595278322,sneha.iyer1041@swiggy.com,M,29,9,Hyderabad,2025-07-02 00:00:00,ONE
1042,Ira Sharma,7706936871,ira.sharma1042@swiggy.com,F,22,1,Hyderabad,2023-10-19 00:00:00,NONE
1043,Kiara Das,8254054577,kiara.das1043@swiggy.com,M,31,10,Hyderabad,2023-09-10 00:00:00,ONE
1044,Reyansh Nair,7489353395,reyansh.nair1044@swiggy.com,F,54,1,Hyderabad,2024-11-14 00:00:00,NONE
1045,Sneha Bose,8404356222,sneha.bose1045@swiggy.com,M,29,7,Hyderabad,2023-10-14 00:00:00,NONE
1046,Kiara Khan,7932191362,kiara.khan1046@swiggy.com,F,22,5,Hyderabad,2024-03-29 00:00:00,NONE
1047,Rohit Gupta,8861675245,rohit.gupta1047@swiggy.com,M,45,10,Hyderabad,2024-09-19 00:00:00,NONE
1048,Suresh Mehta,8278164242,suresh.mehta1048@swiggy.com,F,27,2,Hyderabad,2023-11-17 00:00:00,ONE_LITE
1049,Meera Kulkarni,8201353082,meera.kulkarni1049@swiggy.com,F,33,10,Hyderabad,2024-08-14 00:00:00,ONE
1050,Akash Pillai,7542964143,akash.pillai1050@swiggy.com,F,18,8,Hyderabad,2024-08-19 00:00:00,ONE
1051,Vihaan Desai,9001510740,vihaan.desai1051@swiggy.com,M,29,3,Hyderabad,2025-05-26 00:00:00,ONE
1052,Aarav Patel,7972226793,aarav.patel1052@swiggy.com,M,18,10,Hyderabad,2025-09-27 00:00:00,ONE_LITE
1053,Aarav Pillai,7719350156,aarav.pillai1053@swiggy.com,F,38,4,Hyderabad,2025-06-25 00:00:00,NONE
1054,Saanvi Patel,9242689206,saanvi.patel1054@swiggy.com,M,26,5,Hyderabad,2023-08-22 00:00:00,NONE
1055,Sneha Gowda,6428441887,sneha.gowda1055@swiggy.com,F,27,7,Hyderabad,2024-04-13 00:00:00,NONE
1056,Nikhil Jain,8847534686,nikhil.jain1056@swiggy.com,M,27,1,Hyderabad,2024-05-22 00:00:00,ONE_PLUS
1057,Kiran Iyer,6142327838,kiran.iyer1057@swiggy.com,F,49,6,Hyderabad,2025-07-03 00:00:00,ONE_LITE
1058,Akash Bose,8607053044,akash.bose1058@swiggy.com,F,28,1,Hyderabad,2023-12-26 00:00:00,NONE
1059,Ira Jain,7239418658,ira.jain1059@swiggy.com,F,31,7,Hyderabad,2025-08-28 00:00:00,NONE
1060,Aadhya Sharma,8090600942,aadhya.sharma1060@swiggy.com,M,20,1,Hyderabad,2024-11-02 00:00:00,NONE
1061,Sneha Shetty,8410865788,sneha.shetty1061@swiggy.com,M,25,7,Hyderabad,2025-02-15 00:00:00,NONE
1062,Meera Singh,6828170181,meera.singh1062@swiggy.com,F,37,3,Hyderabad,2025-02-05 00:00:00,ONE
1063,Myra Pillai,7719208750,myra.pillai1063@swiggy.com,M,40,2,Hyderabad,2023-09-22 00:00:00,ONE_LITE
1064,Diya Naidu,8011885221,diya.naidu1064@swiggy.com,M,25,9,Hyderabad,2025-09-30 00:00:00,NONE
1065,Ishaan Shetty,9030476354,ishaan.shetty1065@swiggy.com,F,25,2,Hyderabad,2023-11-28 00:00:00,ONE_LITE
1066,Rahul Chowdhury,7758429181,rahul.chowdhury1066@swiggy.com,M,34,9,Hyderabad,2024-08-07 00:00:00,ONE_LITE
1067,Aditya Gowda,7819320472,aditya.gowda1067@swiggy.com,F,22,1,Hyderabad,2025-04-30 00:00:00,NONE
1068,Sneha Bose,8632024444,sneha.bose1068@swiggy.com,F,22,3,Hyderabad,2024-08-24 00:00:00,NONE
1069,Arjun Das,9216133988,arjun.das1069@swiggy.com,F,24,4,Hyderabad,2024-08-10 00:00:00,ONE
1070,Dhruv Desai,6098033501,dhruv.desai1070@swiggy.com,M,34,2,Hyderabad,2024-03-25 00:00:00,NONE
1071,Vivaan Reddy,8634363338,vivaan.reddy1071@swiggy.com,M,21,9,Hyderabad,2025-02-24 00:00:00,NONE
1072,Varun Rao,6456575918,varun.rao1072@swiggy.com,F,23,10,Hyderabad,2025-07-24 00:00:00,NONE
1073,Kiran Rao,7171622001,kiran.rao1073@swiggy.com,M,24,6,Hyderabad,2024-01-21 00:00:00,NONE
1074,Krishna Das,8459291077,krishna.das1074@swiggy.com,M,34,7,Hyderabad,2024-04-24 00:00:00,NONE
1075,Akash Shetty,6168373495,akash.shetty1075@swiggy.com,O,25,4,Hyderabad,2024-08-05 00:00:00,ONE_LITE
1076,Suresh Kulkarni,7568568728,suresh.kulkarni1076@swiggy.com,M,42,9,Hyderabad,2023-08-17 00:00:00,ONE
1077,Reyansh Kulkarni,7474938112,reyansh.kulkarni1077@swiggy.com,M,31,7,Hyderabad,2024-07-21 00:00:00,NONE
1078,Myra Naidu,9654352269,myra.naidu1078@swiggy.com,F,18,4,Hyderabad,2025-03-18 00:00:00,ONE_LITE
1079,Ananya Sharma,6444933349,ananya.sharma1079@swiggy.com,M,18,2,Hyderabad,2023-09-26 00:00:00,NONE
1080,Krishna Nair,6826113300,krishna.nair1080@swiggy.com,M,45,7,Hyderabad,2024-04-04 00:00:00,ONE
1081,Meera Das,6897610402,meera.das1081@swiggy.com,M,24,1,Hyderabad,2025-06-27 00:00:00,NONE
1082,Rohit Desai,9083059681,rohit.desai1082@swiggy.com,M,32,6,Hyderabad,2024-01-02 00:00:00,ONE_LITE
1083,Pooja Singh,9228061481,pooja.singh1083@swiggy.com,M,25,3,Hyderabad,2024-10-23 00:00:00,NONE
1084,Saanvi Gowda,8608668352,saanvi.gowda1084@swiggy.com,M,41,9,Hyderabad,2025-08-21 00:00:00,ONE
1085,Neha Khan,7624700819,neha.khan1085@swiggy.com,M,36,7,Hyderabad,2024-09-25 00:00:00,ONE
1086,Suresh Iyer,7765741695,suresh.iyer1086@swiggy.com,M,46,3,Hyderabad,2025-06-28 00:00:00,ONE
1087,Akash Gupta,6633308838,akash.gupta1087@swiggy.com,M,30,10,Hyderabad,2025-01-22 00:00:00,NONE
1088,Diya Kulkarni,6139439560,diya.kulkarni1088@swiggy.com,M,41,8,Hyderabad,2024-01-23 00:00:00,ONE
1089,Ira Iyer,6830154221,ira.iyer1089@swiggy.com,M,30,3,Hyderabad,2025-03-16 00:00:00,NONE
1090,Aarav Desai,7830485236,aarav.desai1090@swiggy.com,M,32,1,Hyderabad,2023-09-30 00:00:00,ONE
1091,Kiara Nair,8498475570,kiara.nair1091@swiggy.com,F,37,9,Hyderabad,2025-02-20 00:00:00,ONE_LITE
1092,Ira Bose,9489962354,ira.bose1092@swiggy.com,F,25,6,Hyderabad,2025-11-09 00:00:00,ONE
1093,Sneha Sharma,8653022820,sneha.sharma1093@swiggy.com,M,37,5,Hyderabad,2024-01-30 00:00:00,ONE_LITE
1094,Neha Jain,6087777645,neha.jain1094@swiggy.com,M,43,1,Hyderabad,2025-09-11 00:00:00,ONE_PLUS
1095,Meera Mehta,9893716043,meera.mehta1095@swiggy.com,M,18,9,Hyderabad,2024-01-20 00:00:00,NONE
1096,Aarav Patel,8971221473,aarav.patel1096@swiggy.com,F,26,4,Hyderabad,2024-07-24 00:00:00,NONE
1097,Meera Pillai,9011990772,meera.pillai1097@swiggy.com,M,35,5,Hyderabad,2025-01-15 00:00:00,ONE
1098,Nikhil Rao,7177416207,nikhil.rao1098@swiggy.com,M,28,3,Hyderabad,2025-08-03 00:00:00,NONE
1099,Diya Gupta,7796979135,diya.gupta1099@swiggy.com,F,30,6,Hyderabad,2025-05-31 00:00:00,NONE
1100,Saanvi Desai,9337158216,saanvi.desai1100@swiggy.com,M,18,9,Hyderabad,2025-05-13 00:00:00,NONE
1101,Kiran Iyer,8897543380,kiran.iyer1101@swiggy.com,F,34,10,Hyderabad,2023-10-24 00:00:00,ONE_LITE
1102,Anika Desai,9996489808,anika.desai1102@swiggy.com,F,43,4,Hyderabad,2025-11-24 00:00:00,ONE
1103,Meera Patel,8455718762,meera.patel1103@swiggy.com,M,21,10,Hyderabad,2024-06-12 00:00:00,ONE
1104,Ira Mehta,9803912313,ira.mehta1104@swiggy.com,F,45,9,Hyderabad,2023-08-09 00:00:00,NONE
1105,Kiara Desai,9474021015,kiara.desai1105@swiggy.com,F,40,7,Hyderabad,2025-09-12 00:00:00,ONE
1106,Aadhya Patel,9973155003,aadhya.patel1106@swiggy.com,M,20,10,Hyderabad,2025-08-17 00:00:00,NONE
1107,Meera Iyer,7961493803,meera.iyer1107@swiggy.com,M,41,9,Hyderabad,2023-10-17 00:00:00,NONE
1108,Aditya Patel,9144352557,aditya.patel1108@swiggy.com,F,27,1,Hyderabad,2025-07-10 00:00:00,NONE
1109,Sai Shetty,9602719859,sai.shetty1109@swiggy.com,M,18,2,Hyderabad,2024-12-20 00:00:00,NONE
1110,Kiara Jain,8424638219,kiara.jain1110@swiggy.com,M,29,1,Hyderabad,2023-12-31 00:00:00,ONE_LITE
1111,Dhruv Jain,8687260157,dhruv.jain1111@swiggy.com,M,38,7,Hyderabad,2024-04-14 00:00:00,NONE
1112,Sai Bose,9927220039,sai.bose1112@swiggy.com,F,30,3,Hyderabad,2024-04-16 00:00:00,NONE
1113,Anika Reddy,8780121778,anika.reddy1113@swiggy.com,F,32,5,Hyderabad,2025-08-04 00:00:00,ONE_LITE
1114,Diya Chowdhury,7426238864,diya.chowdhury1114@swiggy.com,F,41,6,Hyderabad,2024-10-03 00:00:00,ONE_LITE
1115,Vivaan Jain,9417875212,vivaan.jain1115@swiggy.com,M,28,5,Hyderabad,2024-09-06 00:00:00,NONE
1116,Sai Das,9470432288,sai.das1116@swiggy.com,M,30,5,Hyderabad,2025-02-14 00:00:00,ONE_LITE
1117,Sai Singh,8417639561,sai.singh1117@swiggy.com,F,43,7,Hyderabad,2025-02-24 00:00:00,NONE
1118,Aadhya Chowdhury,7626770582,aadhya.chowdhury1118@swiggy.com,F,35,5,Hyderabad,2023-11-20 00:00:00,NONE
1119,Neha Khan,8690936550,neha.khan1119@swiggy.com,M,32,5,Hyderabad,2025-03-14 00:00:00,NONE
1120,Vihaan Mehta,6285669533,vihaan.mehta1120@swiggy.com,F,18,4,Hyderabad,2025-05-20 00:00:00,NONE
1121,Varun Khan,7034232900,varun.khan1121@swiggy.com,F,18,10,Hyderabad,2025-05-11 00:00:00,ONE
1122,Ishaan Das,9249069417,ishaan.das1122@swiggy.com,M,22,10,Hyderabad,2025-07-10 00:00:00,NONE
1123,Vihaan Sharma,7051254232,vihaan.sharma1123@swiggy.com,M,35,4,Hyderabad,2024-11-13 00:00:00,ONE_LITE
1124,Neha Jain,8065660882,neha.jain1124@swiggy.com,F,18,2,Hyderabad,2025-08-24 00:00:00,NONE
1125,Vihaan Iyer,8924334600,vihaan.iyer1125@swiggy.com,F,29,7,Hyderabad,2024-12-24 00:00:00,NONE
1126,Rohit Jain,8117712146,rohit.jain1126@swiggy.com,M,41,10,Hyderabad,2025-11-06 00:00:00,NONE
1127,Arjun Sharma,9773778468,arjun.sharma1127@swiggy.com,M,18,4,Hyderabad,2024-03-04 00:00:00,ONE
1128,Diya Reddy,8356817211,diya.reddy1128@swiggy.com,M,18,3,Hyderabad,2024-07-30 00:00:00,ONE
1129,Pooja Shetty,7778595953,pooja.shetty1129@swiggy.com,F,26,4,Hyderabad,2023-12-12 00:00:00,NONE
1130,Pooja Gowda,8946722277,pooja.gowda1130@swiggy.com,M,40,8,Hyderabad,2025-06-19 00:00:00,NONE
1131,Diya Mehta,6740571075,diya.mehta1131@swiggy.com,M,31,1,Hyderabad,2025-05-11 00:00:00,ONE
1132,Saanvi Nair,8018720850,saanvi.nair1132@swiggy.com,M,34,2,Hyderabad,2024-05-03 00:00:00,NONE
1133,Aditya Kulkarni,9231148282,aditya.kulkarni1133@swiggy.com,M,34,9,Hyderabad,2024-05-11 00:00:00,NONE
1134,Arjun Gowda,6075731280,arjun.gowda1134@swiggy.com,F,21,2,Hyderabad,2024-06-15 00:00:00,ONE_PLUS
1135,Aarav Reddy,9017606484,aarav.reddy1135@swiggy.com,M,21,1,Hyderabad,2023-09-21 00:00:00,ONE_LITE
1136,Aadhya Sharma,9793675221,aadhya.sharma1136@swiggy.com,F,28,9,Hyderabad,2024-02-03 00:00:00,ONE_LITE
1137,Arjun Gowda,6257182603,arjun.gowda1137@swiggy.com,M,36,9,Hyderabad,2023-08-18 00:00:00,ONE_LITE
1138,Ira Rao,9006836072,ira.rao1138@swiggy.com,F,18,1,Hyderabad,2024-06-26 00:00:00,NONE
1139,Diya Bose,9212236387,diya.bose1139@swiggy.com,F,18,3,Hyderabad,2024-10-09 00:00:00,ONE
1140,Vivaan Pillai,9602485670,vivaan.pillai1140@swiggy.com,M,23,7,Hyderabad,2023-11-11 00:00:00,NONE
1141,Rahul Chowdhury,8108982589,rahul.chowdhury1141@swiggy.com,F,25,10,Hyderabad,2023-09-22 00:00:00,NONE
1142,Rahul Jain,8548217163,rahul.jain1142@swiggy.com,M,31,1,Hyderabad,2025-03-05 00:00:00,NONE
1143,Rohit Iyer,8662156741,rohit.iyer1143@swiggy.com,F,29,4,Hyderabad,2025-06-22 00:00:00,NONE
1144,Nikhil Naidu,7784192403,nikhil.naidu1144@swiggy.com,F,25,4,Hyderabad,2024-09-24 00:00:00,NONE
1145,Aadhya Desai,7804263629,aadhya.desai1145@swiggy.com,M,45,7,Hyderabad,2025-06-20 00:00:00,ONE_LITE
1146,Aditya Singh,6378595902,aditya.singh1146@swiggy.com,M,30,1,Hyderabad,2024-01-13 00:00:00,ONE_PLUS
1147,Ishaan Pillai,8827166632,ishaan.pillai1147@swiggy.com,F,32,2,Hyderabad,2024-11-15 00:00:00,ONE
1148,Ishaan Gupta,8273823732,ishaan.gupta1148@swiggy.com,M,36,1,Hyderabad,2025-02-02 00:00:00,ONE_LITE
1149,Vihaan Iyer,9744810920,vihaan.iyer1149@swiggy.com,F,23,3,Hyderabad,2023-08-25 00:00:00,ONE
1150,Krishna Naidu,6690400077,krishna.naidu1150@swiggy.com,F,46,4,Hyderabad,2024-07-11 00:00:00,ONE_LITE
1151,Ananya Nair,9454588018,ananya.nair1151@swiggy.com,F,40,8,Hyderabad,2023-10-13 00:00:00,NONE
1152,Vihaan Kulkarni,6115923472,vihaan.kulkarni1152@swiggy.com,M,31,1,Hyderabad,2024-04-06 00:00:00,NONE
1153,Riya Patel,6986363806,riya.patel1153@swiggy.com,M,29,5,Hyderabad,2023-08-08 00:00:00,ONE
1154,Rahul Bose,7122530191,rahul.bose1154@swiggy.com,M,40,2,Hyderabad,2024-06-07 00:00:00,NONE
1155,Riya Gowda,8043409682,riya.gowda1155@swiggy.com,M,29,3,Hyderabad,2025-04-21 00:00:00,ONE_LITE
1156,Ira Sharma,7673434706,ira.sharma1156@swiggy.com,M,33,9,Hyderabad,2024-05-28 00:00:00,ONE_LITE
1157,Arjun Das,9998083368,arjun.das1157@swiggy.com,F,28,2,Hyderabad,2023-10-25 00:00:00,ONE_LITE
1158,Arjun Rao,9370128385,arjun.rao1158@swiggy.com,M,35,1,Hyderabad,2024-10-28 00:00:00,ONE
1159,Anika Patel,6647612527,anika.patel1159@swiggy.com,M,44,3,Hyderabad,2024-09-07 00:00:00,ONE_PLUS
1160,Ishaan Mehta,9797328975,ishaan.mehta1160@swiggy.com,M,39,1,Hyderabad,2025-08-01 00:00:00,ONE_LITE
1161,Krishna Khan,7611360859,krishna.khan1161@swiggy.com,M,18,7,Hyderabad,2025-10-11 00:00:00,ONE
1162,Aditya Mehta,7597428455,aditya.mehta1162@swiggy.com,F,35,10,Hyderabad,2023-12-04 00:00:00,NONE
1163,Riya Bose,6868677678,riya.bose1163@swiggy.com,M,27,7,Hyderabad,2023-10-04 00:00:00,NONE
1164,Dhruv Naidu,7565152785,dhruv.naidu1164@swiggy.com,F,19,2,Hyderabad,2024-06-11 00:00:00,ONE
1165,Varun Gupta,9178219459,varun.gupta1165@swiggy.com,M,39,4,Hyderabad,2025-06-01 00:00:00,NONE
1166,Kiran Reddy,6164486125,kiran.reddy1166@swiggy.com,M,44,7,Hyderabad,2024-02-29 00:00:00,NONE
1167,Riya Khan,7663291878,riya.khan1167@swiggy.com,F,34,4,Hyderabad,2024-06-13 00:00:00,NONE
1168,Aarav Desai,6811663581,aarav.desai1168@swiggy.com,M,26,5,Hyderabad,2023-08-03 00:00:00,ONE
1169,Aadhya Pillai,8427334080,aadhya.pillai1169@swiggy.com,M,18,10,Hyderabad,2023-10-08 00:00:00,NONE
1170,Ira Patel,8783391873,ira.patel1170@swiggy.com,F,41,8,Hyderabad,2023-08-22 00:00:00,NONE
1171,Anika Mehta,7600942084,anika.mehta1171@swiggy.com,F,29,3,Hyderabad,2025-03-26 00:00:00,NONE
1172,Aditya Sharma,9875068398,aditya.sharma1172@swiggy.com,M,29,7,Hyderabad,2024-10-25 00:00:00,ONE_LITE
1173,Diya Chowdhury,9622683478,diya.chowdhury1173@swiggy.com,F,38,1,Hyderabad,2025-09-21 00:00:00,ONE_PLUS
1174,Sneha Bose,6660362845,sneha.bose1174@swiggy.com,F,20,9,Hyderabad,2025-05-11 00:00:00,NONE
1175,Vivaan Rao,8774110774,vivaan.rao1175@swiggy.com,F,29,7,Hyderabad,2025-06-14 00:00:00,NONE
1176,Akash Sharma,8590709629,akash.sharma1176@swiggy.com,F,24,8,Hyderabad,2024-10-30 00:00:00,ONE
1177,Myra Khan,9993713915,myra.khan1177@swiggy.com,M,29,4,Hyderabad,2025-05-04 00:00:00,NONE
1178,Aarav Gupta,8601324893,aarav.gupta1178@swiggy.com,F,21,2,Hyderabad,2024-08-09 00:00:00,NONE
1179,Meera Bose,7314853571,meera.bose1179@swiggy.com,M,18,8,Hyderabad,2024-07-08 00:00:00,NONE
1180,Vivaan Naidu,6208420468,vivaan.naidu1180@swiggy.com,M,26,10,Hyderabad,2025-01-01 00:00:00,NONE
1181,Meera Patel,8974590868,meera.patel1181@swiggy.com,M,41,7,Hyderabad,2024-08-03 00:00:00,NONE
1182,Pooja Shetty,9629453876,pooja.shetty1182@swiggy.com,M,32,10,Hyderabad,2024-05-27 00:00:00,ONE
1183,Nikhil Das,8858816302,nikhil.das1183@swiggy.com,M,19,8,Hyderabad,2025-04-02 00:00:00,NONE
1184,Aarav Singh,6491408495,aarav.singh1184@swiggy.com,M,18,8,Hyderabad,2023-11-02 00:00:00,ONE_LITE
1185,Aarav Desai,9316123603,aarav.desai1185@swiggy.com,M,21,3,Hyderabad,2023-09-08 00:00:00,NONE
1186,Nikhil Kulkarni,6964106905,nikhil.kulkarni1186@swiggy.com,M,35,6,Hyderabad,2025-11-12 00:00:00,ONE_LITE
1187,Diya Rao,9556265789,diya.rao1187@swiggy.com,F,20,6,Hyderabad,2024-04-25 00:00:00,ONE
1188,Sneha Kulkarni,9962847729,sneha.kulkarni1188@swiggy.com,M,23,3,Hyderabad,2025-10-20 00:00:00,NONE
1189,Varun Gowda,7865003659,varun.gowda1189@swiggy.com,F,38,3,Hyderabad,2025-01-26 00:00:00,ONE_LITE
1190,Rahul Rao,9318431760,rahul.rao1190@swiggy.com,M,34,1,Hyderabad,2023-12-17 00:00:00,NONE
1191,Reyansh Nair,9906945316,reyansh.nair1191@swiggy.com,M,19,10,Hyderabad,2024-08-22 00:00:00,ONE_LITE
1192,Saanvi Naidu,8354775606,saanvi.naidu1192@swiggy.com,O,38,7,Hyderabad,2024-06-28 00:00:00,NONE
1193,Vivaan Jain,9687373406,vivaan.jain1193@swiggy.com,F,38,4,Hyderabad,2024-11-15 00:00:00,NONE
1194,Varun Pillai,8733293513,varun.pillai1194@swiggy.com,M,46,3,Hyderabad,2025-02-14 00:00:00,ONE
1195,Sai Khan,8678782959,sai.khan1195@swiggy.com,F,18,10,Hyderabad,2025-01-30 00:00:00,NONE
1196,Ananya Nair,8269177919,ananya.nair1196@swiggy.com,F,18,10,Hyderabad,2025-08-14 00:00:00,NONE
1197,Anika Shetty,6926366189,anika.shetty1197@swiggy.com,M,31,7,Hyderabad,2025-06-09 00:00:00,ONE
1198,Kiran Nair,7394238367,kiran.nair1198@swiggy.com,F,33,2,Hyderabad,2024-05-03 00:00:00,ONE
1199,Reyansh Khan,9161655914,reyansh.khan1199@swiggy.com,M,21,5,Hyderabad,2023-08-06 00:00:00,ONE
1200,Vivaan Gupta,7520823343,vivaan.gupta1200@swiggy.com,M,23,8,Hyderabad,2025-06-12 00:00:00,ONE
1201,Vihaan Gupta,8388485248,vihaan.gupta1201@swiggy.com,M,38,6,Hyderabad,2025-05-04 00:00:00,ONE
1202,Riya Jain,8661970346,riya.jain1202@swiggy.com,F,34,1,Hyderabad,2025-11-11 00:00:00,NONE
1203,Anika Chowdhury,6568703255,anika.chowdhury1203@swiggy.com,F,36,2,Hyderabad,2023-12-16 00:00:00,ONE_LITE
1204,Sai Naidu,7597498547,sai.naidu1204@swiggy.com,M,46,6,Hyderabad,2024-10-12 00:00:00,NONE
1205,Reyansh Mehta,8175982674,reyansh.mehta1205@swiggy.com,M,20,9,Hyderabad,2024-09-01 00:00:00,ONE
1206,Sneha Kulkarni,7119998431,sneha.kulkarni1206@swiggy.com,F,36,6,Hyderabad,2023-09-04 00:00:00,ONE_LITE
1207,Vivaan Naidu,7326291888,vivaan.naidu1207@swiggy.com,M,32,1,Hyderabad,2025-10-18 00:00:00,NONE
1208,Aditya Gupta,9345647622,aditya.gupta1208@swiggy.com,M,21,6,Hyderabad,2025-01-07 00:00:00,ONE
1209,Riya Nair,6594489246,riya.nair1209@swiggy.com,M,37,9,Hyderabad,2024-06-08 00:00:00,ONE_LITE
1210,Dhruv Das,8718979290,dhruv.das1210@swiggy.com,M,29,8,Hyderabad,2023-11-22 00:00:00,NONE
1211,Pooja Shetty,9710218030,pooja.shetty1211@swiggy.com,M,20,4,Hyderabad,2023-08-26 00:00:00,NONE
1212,Aarav Iyer,8442535747,aarav.iyer1212@swiggy.com,M,47,7,Hyderabad,2023-11-02 00:00:00,NONE
1213,Neha Shetty,7437364389,neha.shetty1213@swiggy.com,F,31,8,Hyderabad,2025-05-30 00:00:00,NONE
1214,Riya Iyer,6362108796,riya.iyer1214@swiggy.com,M,38,6,Hyderabad,2025-07-05 00:00:00,ONE_LITE
1215,Myra Gupta,8472551801,myra.gupta1215@swiggy.com,M,18,3,Hyderabad,2025-09-24 00:00:00,NONE
1216,Anika Gowda,8789776562,anika.gowda1216@swiggy.com,M,39,3,Hyderabad,2024-04-16 00:00:00,ONE
1217,Ishaan Shetty,7672582534,ishaan.shetty1217@swiggy.com,F,32,9,Hyderabad,2025-07-03 00:00:00,NONE
1218,Rahul Rao,6282952287,rahul.rao1218@swiggy.com,F,18,8,Hyderabad,2023-11-16 00:00:00,ONE_LITE
1219,Suresh Patel,8868505413,suresh.patel1219@swiggy.com,F,33,10,Hyderabad,2023-11-26 00:00:00,ONE
1220,Nikhil Chowdhury,6727819951,nikhil.chowdhury1220@swiggy.com,M,31,10,Hyderabad,2024-08-05 00:00:00,NONE
1221,Rohit Patel,8737851825,rohit.patel1221@swiggy.com,M,40,1,Hyderabad,2023-08-19 00:00:00,NONE
1222,Rohit Rao,6327735163,rohit.rao1222@swiggy.com,M,42,10,Hyderabad,2023-08-20 00:00:00,ONE_LITE
1223,Pooja Sharma,8092305734,pooja.sharma1223@swiggy.com,M,35,1,Hyderabad,2023-09-02 00:00:00,ONE_LITE
1224,Sneha Shetty,8859076199,sneha.shetty1224@swiggy.com,M,47,6,Hyderabad,2023-07-26 00:00:00,NONE
1225,Aarav Iyer,7128508959,aarav.iyer1225@swiggy.com,F,32,6,Hyderabad,2024-01-18 00:00:00,NONE
1226,Rohit Bose,6091011216,rohit.bose1226@swiggy.com,M,35,2,Hyderabad,2025-04-26 00:00:00,NONE
1227,Myra Naidu,9176131906,myra.naidu1227@swiggy.com,F,21,8,Hyderabad,2024-10-04 00:00:00,ONE_LITE
1228,Arjun Kulkarni,6916705435,arjun.kulkarni1228@swiggy.com,M,42,1,Hyderabad,2024-08-27 00:00:00,NONE
1229,Rahul Mehta,9171005359,rahul.mehta1229@swiggy.com,F,30,3,Hyderabad,2024-08-18 00:00:00,NONE
1230,Rohit Kulkarni,8121857397,rohit.kulkarni1230@swiggy.com,M,34,1,Hyderabad,2024-04-16 00:00:00,NONE
1231,Suresh Reddy,8753758724,suresh.reddy1231@swiggy.com,M,18,2,Hyderabad,2023-08-21 00:00:00,NONE
1232,Krishna Das,7553718207,krishna.das1232@swiggy.com,M,43,3,Hyderabad,2025-02-18 00:00:00,NONE
1233,Arjun Singh,9431240507,arjun.singh1233@swiggy.com,M,42,3,Hyderabad,2025-11-01 00:00:00,NONE
1234,Ira Bose,9418591391,ira.bose1234@swiggy.com,O,18,2,Hyderabad,2024-09-12 00:00:00,ONE
1235,Kiran Mehta,9216944963,kiran.mehta1235@swiggy.com,F,19,1,Hyderabad,2025-04-14 00:00:00,ONE_LITE
1236,Aditya Desai,6573289281,aditya.desai1236@swiggy.com,F,20,5,Hyderabad,2024-02-29 00:00:00,NONE
1237,Ira Reddy,9001712874,ira.reddy1237@swiggy.com,M,33,5,Hyderabad,2024-08-12 00:00:00,ONE_LITE
1238,Myra Nair,7701555864,myra.nair1238@swiggy.com,F,21,4,Hyderabad,2025-08-17 00:00:00,NONE
1239,Aarav Patel,7741042420,aarav.patel1239@swiggy.com,F,34,3,Hyderabad,2024-03-31 00:00:00,ONE_LITE
1240,Sneha Mehta,7994141104,sneha.mehta1240@swiggy.com,F,33,1,Hyderabad,2023-08-18 00:00:00,NONE
1241,Sneha Chowdhury,7475425398,sneha.chowdhury1241@swiggy.com,M,48,6,Hyderabad,2024-06-01 00:00:00,ONE_LITE
1242,Diya Shetty,6988413021,diya.shetty1242@swiggy.com,M,20,4,Hyderabad,2024-03-16 00:00:00,ONE
1243,Vivaan Sharma,7443357705,vivaan.sharma1243@swiggy.com,F,29,8,Hyderabad,2025-11-08 00:00:00,NONE
1244,Akash Jain,9065590778,akash.jain1244@swiggy.com,F,21,8,Hyderabad,2025-07-23 00:00:00,ONE_LITE
1245,Aarav Kulkarni,8673126056,aarav.kulkarni1245@swiggy.com,M,31,5,Hyderabad,2024-04-19 00:00:00,NONE
1246,Saanvi Nair,6661568352,saanvi.nair1246@swiggy.com,M,21,10,Hyderabad,2023-08-09 00:00:00,NONE
1247,Vihaan Naidu,8494528742,vihaan.naidu1247@swiggy.com,F,29,7,Hyderabad,2024-11-01 00:00:00,ONE_LITE
1248,Anika Gowda,7599407914,anika.gowda1248@swiggy.com,M,24,9,Hyderabad,2024-01-12 00:00:00,ONE_LITE
1249,Krishna Rao,9585100160,krishna.rao1249@swiggy.com,F,44,3,Hyderabad,2025-11-01 00:00:00,NONE
1250,Sneha Pillai,9267558741,sneha.pillai1250@swiggy.com,F,35,5,Hyderabad,2025-08-22 00:00:00,NONE
1251,Myra Reddy,7958899831,myra.reddy1251@swiggy.com,M,34,2,Hyderabad,2025-09-03 00:00:00,NONE
1252,Varun Desai,8545401820,varun.desai1252@swiggy.com,F,46,2,Hyderabad,2024-08-22 00:00:00,NONE
1253,Saanvi Iyer,8830506018,saanvi.iyer1253@swiggy.com,M,20,8,Hyderabad,2025-01-04 00:00:00,NONE
1254,Neha Shetty,6554759946,neha.shetty1254@swiggy.com,M,41,10,Hyderabad,2025-02-24 00:00:00,ONE_LITE
1255,Anika Desai,8727743086,anika.desai1255@swiggy.com,M,36,5,Hyderabad,2025-10-14 00:00:00,ONE
1256,Dhruv Pillai,8331958661,dhruv.pillai1256@swiggy.com,M,28,3,Hyderabad,2024-07-16 00:00:00,NONE
1257,Akash Das,7835794251,akash.das1257@swiggy.com,F,24,1,Hyderabad,2024-03-18 00:00:00,ONE_LITE
1258,Arjun Pillai,7119378451,arjun.pillai1258@swiggy.com,M,28,8,Hyderabad,2025-11-16 00:00:00,NONE
1259,Neha Khan,7555681249,neha.khan1259@swiggy.com,F,19,9,Hyderabad,2024-04-19 00:00:00,NONE
1260,Riya Bose,9460228577,riya.bose1260@swiggy.com,F,18,9,Hyderabad,2024-08-29 00:00:00,NONE
1261,Nikhil Gowda,8987127839,nikhil.gowda1261@swiggy.com,M,23,6,Hyderabad,2024-01-20 00:00:00,NONE
1262,Ananya Pillai,9477939742,ananya.pillai1262@swiggy.com,M,47,1,Hyderabad,2025-03-12 00:00:00,ONE_LITE
1263,Ira Kulkarni,9862748478,ira.kulkarni1263@swiggy.com,F,33,10,Hyderabad,2025-08-20 00:00:00,ONE
1264,Kiara Naidu,7555059048,kiara.naidu1264@swiggy.com,M,31,2,Hyderabad,2023-09-29 00:00:00,NONE
1265,Reyansh Iyer,6259786969,reyansh.iyer1265@swiggy.com,F,18,3,Hyderabad,2025-08-20 00:00:00,ONE_LITE
1266,Riya Pillai,8656535568,riya.pillai1266@swiggy.com,M,20,9,Hyderabad,2024-09-21 00:00:00,NONE
1267,Anika Jain,7801151879,anika.jain1267@swiggy.com,F,49,6,Hyderabad,2024-12-14 00:00:00,NONE
1268,Akash Nair,9300608578,akash.nair1268@swiggy.com,F,40,4,Hyderabad,2023-12-15 00:00:00,ONE
1269,Ananya Khan,6961535300,ananya.khan1269@swiggy.com,F,22,4,Hyderabad,2024-09-22 00:00:00,NONE
1270,Neha Naidu,7551233877,neha.naidu1270@swiggy.com,F,30,10,Hyderabad,2025-01-23 00:00:00,ONE_LITE
1271,Ira Das,6434189384,ira.das1271@swiggy.com,M,29,9,Hyderabad,2024-03-09 00:00:00,NONE
1272,Meera Reddy,6733278018,meera.reddy1272@swiggy.com,F,29,8,Hyderabad,2024-12-14 00:00:00,NONE
1273,Neha Nair,6781470336,neha.nair1273@swiggy.com,F,34,6,Hyderabad,2025-03-08 00:00:00,NONE
1274,Aarav Das,8811174946,aarav.das1274@swiggy.com,M,43,4,Hyderabad,2025-10-04 00:00:00,ONE
1275,Arjun Kulkarni,9311703959,arjun.kulkarni1275@swiggy.com,F,34,5,Hyderabad,2024-10-13 00:00:00,NONE
1276,Kiara Nair,9095159445,kiara.nair1276@swiggy.com,F,35,9,Hyderabad,2023-09-03 00:00:00,NONE
1277,Sai Bose,7470849421,sai.bose1277@swiggy.com,F,33,4,Hyderabad,2025-09-07 00:00:00,NONE
1278,Arjun Patel,8052742353,arjun.patel1278@swiggy.com,F,18,7,Hyderabad,2025-09-11 00:00:00,ONE_LITE
1279,Myra Pillai,7963253157,myra.pillai1279@swiggy.com,M,23,9,Hyderabad,2025-10-09 00:00:00,ONE_LITE
1280,Varun Jain,7792092624,varun.jain1280@swiggy.com,F,26,9,Hyderabad,2024-12-30 00:00:00,NONE
1281,Sneha Iyer,9119925774,sneha.iyer1281@swiggy.com,M,37,3,Hyderabad,2025-05-10 00:00:00,NONE
1282,Pooja Iyer,6477226740,pooja.iyer1282@swiggy.com,M,31,10,Hyderabad,2023-11-07 00:00:00,NONE
1283,Diya Shetty,9830580798,diya.shetty1283@swiggy.com,M,33,9,Hyderabad,2024-05-25 00:00:00,NONE
1284,Kiran Gupta,9399358283,kiran.gupta1284@swiggy.com,M,33,5,Hyderabad,2024-12-26 00:00:00,ONE_LITE
1285,Aarav Sharma,9573429831,aarav.sharma1285@swiggy.com,F,33,4,Hyderabad,2025-01-19 00:00:00,ONE
1286,Akash Desai,7205886464,akash.desai1286@swiggy.com,F,39,5,Hyderabad,2025-03-12 00:00:00,ONE
1287,Aarav Kulkarni,8615952536,aarav.kulkarni1287@swiggy.com,F,50,9,Hyderabad,2025-08-10 00:00:00,NONE
1288,Anika Chowdhury,8875394781,anika.chowdhury1288@swiggy.com,F,38,10,Hyderabad,2024-09-18 00:00:00,NONE
1289,Arjun Jain,6288959711,arjun.jain1289@swiggy.com,M,31,8,Hyderabad,2023-12-31 00:00:00,ONE_LITE
1290,Meera Khan,6125199643,meera.khan1290@swiggy.com,F,24,4,Hyderabad,2023-07-30 00:00:00,ONE
1291,Krishna Shetty,9752101110,krishna.shetty1291@swiggy.com,F,28,3,Hyderabad,2024-04-26 00:00:00,NONE
1292,Kiara Nair,6419566584,kiara.nair1292@swiggy.com,M,22,2,Hyderabad,2023-12-20 00:00:00,NONE
1293,Aarav Pillai,9813007823,aarav.pillai1293@swiggy.com,M,28,7,Hyderabad,2025-07-26 00:00:00,NONE
1294,Aditya Bose,9727751349,aditya.bose1294@swiggy.com,M,24,4,Hyderabad,2024-02-10 00:00:00,NONE
1295,Rohit Patel,9079479082,rohit.patel1295@swiggy.com,F,30,6,Hyderabad,2023-07-29 00:00:00,NONE
1296,Anika Nair,6839048320,anika.nair1296@swiggy.com,M,19,6,Hyderabad,2023-10-29 00:00:00,NONE
1297,Dhruv Iyer,9789904338,dhruv.iyer1297@swiggy.com,F,31,7,Hyderabad,2024-11-13 00:00:00,ONE_LITE
1298,Nikhil Gowda,6063514253,nikhil.gowda1298@swiggy.com,M,39,10,Hyderabad,2025-02-25 00:00:00,ONE_PLUS
1299,Riya Nair,8340245854,riya.nair1299@swiggy.com,M,31,10,Hyderabad,2024-04-28 00:00:00,NONE
1300,Riya Iyer,7084385805,riya.iyer1300@swiggy.com,M,18,8,Hyderabad,2023-09-19 00:00:00,ONE_LITE
1301,Aditya Naidu,6873865810,aditya.naidu1301@swiggy.com,F,25,3,Hyderabad,2025-11-05 00:00:00,ONE
1302,Sneha Reddy,7997359142,sneha.reddy1302@swiggy.com,M,28,2,Hyderabad,2024-05-10 00:00:00,NONE
1303,Suresh Naidu,6267068526,suresh.naidu1303@swiggy.com,M,23,2,Hyderabad,2024-01-10 00:00:00,NONE
1304,Arjun Das,7119354889,arjun.das1304@swiggy.com,F,18,10,Hyderabad,2024-10-11 00:00:00,ONE_PLUS
1305,Suresh Desai,7915638045,suresh.desai1305@swiggy.com,M,38,5,Hyderabad,2023-11-20 00:00:00,ONE
1306,Anika Naidu,8838707039,anika.naidu1306@swiggy.com,M,18,1,Hyderabad,2023-07-16 00:00:00,NONE
1307,Reyansh Sharma,6182895968,reyansh.sharma1307@swiggy.com,F,27,6,Hyderabad,2024-10-04 00:00:00,ONE_LITE
1308,Vivaan Iyer,6598167214,vivaan.iyer1308@swiggy.com,M,18,5,Hyderabad,2025-11-22 00:00:00,NONE
1309,Akash Desai,9403569059,akash.desai1309@swiggy.com,M,43,7,Hyderabad,2024-05-21 00:00:00,NONE
1310,Sneha Rao,9963470398,sneha.rao1310@swiggy.com,M,35,10,Hyderabad,2025-05-29 00:00:00,NONE
1311,Pooja Bose,8100430927,pooja.bose1311@swiggy.com,M,34,8,Hyderabad,2025-10-04 00:00:00,NONE
1312,Anika Mehta,7626754528,anika.mehta1312@swiggy.com,F,25,2,Hyderabad,2024-06-29 00:00:00,ONE_LITE
1313,Riya Jain,7974797514,riya.jain1313@swiggy.com,F,28,6,Hyderabad,2025-07-16 00:00:00,NONE
1314,Meera Iyer,8970203562,meera.iyer1314@swiggy.com,F,26,5,Hyderabad,2023-08-20 00:00:00,NONE
1315,Myra Mehta,8977458281,myra.mehta1315@swiggy.com,M,30,3,Hyderabad,2025-09-18 00:00:00,ONE_PLUS
1316,Diya Jain,6041599895,diya.jain1316@swiggy.com,M,30,9,Hyderabad,2025-09-27 00:00:00,NONE
1317,Sai Kulkarni,8399929530,sai.kulkarni1317@swiggy.com,F,34,9,Hyderabad,2025-01-21 00:00:00,NONE
1318,Kiran Sharma,6363332185,kiran.sharma1318@swiggy.com,F,25,8,Hyderabad,2025-02-17 00:00:00,NONE
1319,Varun Kulkarni,9063091299,varun.kulkarni1319@swiggy.com,F,33,9,Hyderabad,2024-12-21 00:00:00,NONE
1320,Kiara Nair,9661874361,kiara.nair1320@swiggy.com,M,34,8,Hyderabad,2023-09-22 00:00:00,ONE
1321,Kiran Gowda,7939296986,kiran.gowda1321@swiggy.com,M,41,1,Hyderabad,2024-10-08 00:00:00,ONE_LITE
1322,Varun Kulkarni,7801489012,varun.kulkarni1322@swiggy.com,M,18,3,Hyderabad,2024-09-05 00:00:00,NONE
1323,Neha Bose,7483408041,neha.bose1323@swiggy.com,M,21,3,Hyderabad,2024-12-07 00:00:00,ONE_PLUS
1324,Riya Pillai,9975302700,riya.pillai1324@swiggy.com,M,44,3,Hyderabad,2024-08-10 00:00:00,NONE
1325,Rohit Gowda,8970650398,rohit.gowda1325@swiggy.com,F,24,7,Hyderabad,2025-02-06 00:00:00,ONE
1326,Kiara Gowda,7056999368,kiara.gowda1326@swiggy.com,M,19,7,Hyderabad,2025-10-12 00:00:00,ONE_LITE
1327,Aadhya Khan,7630304490,aadhya.khan1327@swiggy.com,M,43,9,Hyderabad,2024-11-25 00:00:00,NONE
1328,Anika Das,9034278956,anika.das1328@swiggy.com,M,46,1,Hyderabad,2024-10-16 00:00:00,NONE
1329,Varun Gupta,8525932043,varun.gupta1329@swiggy.com,F,36,3,Hyderabad,2023-11-25 00:00:00,ONE_LITE
1330,Ananya Reddy,8130493132,ananya.reddy1330@swiggy.com,M,22,3,Hyderabad,2024-12-20 00:00:00,NONE
1331,Reyansh Shetty,9665722300,reyansh.shetty1331@swiggy.com,F,37,8,Hyderabad,2024-05-26 00:00:00,ONE
1332,Vivaan Das,9307595219,vivaan.das1332@swiggy.com,F,20,1,Hyderabad,2024-04-21 00:00:00,ONE_LITE
1333,Diya Rao,8760839938,diya.rao1333@swiggy.com,F,19,2,Hyderabad,2024-10-30 00:00:00,ONE_LITE
1334,Neha Pillai,6351177332,neha.pillai1334@swiggy.com,M,29,10,Hyderabad,2024-05-07 00:00:00,NONE
1335,Rohit Shetty,9813504405,rohit.shetty1335@swiggy.com,M,18,4,Hyderabad,2024-09-24 00:00:00,ONE_LITE
1336,Vihaan Iyer,7827017166,vihaan.iyer1336@swiggy.com,M,29,1,Hyderabad,2024-08-29 00:00:00,ONE_LITE
1337,Aadhya Chowdhury,9597654752,aadhya.chowdhury1337@swiggy.com,F,28,3,Hyderabad,2025-09-19 00:00:00,ONE_LITE
1338,Meera Pillai,9785491635,meera.pillai1338@swiggy.com,F,18,6,Hyderabad,2024-12-22 00:00:00,NONE
1339,Nikhil Kulkarni,8476809619,nikhil.kulkarni1339@swiggy.com,M,38,1,Hyderabad,2023-10-21 00:00:00,ONE_LITE
1340,Neha Chowdhury,7388691740,neha.chowdhury1340@swiggy.com,M,30,8,Hyderabad,2025-06-04 00:00:00,NONE
1341,Krishna Gowda,7568261224,krishna.gowda1341@swiggy.com,F,32,3,Hyderabad,2024-05-12 00:00:00,ONE
1342,Krishna Naidu,9099577677,krishna.naidu1342@swiggy.com,M,38,5,Hyderabad,2024-01-27 00:00:00,ONE
1343,Rahul Gupta,9271814396,rahul.gupta1343@swiggy.com,F,18,3,Hyderabad,2025-10-22 00:00:00,ONE_LITE
1344,Aadhya Gupta,9875484309,aadhya.gupta1344@swiggy.com,M,32,2,Hyderabad,2025-03-23 00:00:00,NONE
1345,Kiran Gowda,8944356276,kiran.gowda1345@swiggy.com,M,49,1,Hyderabad,2024-12-10 00:00:00,NONE
1346,Aditya Das,9436817517,aditya.das1346@swiggy.com,F,41,3,Hyderabad,2024-03-25 00:00:00,NONE
1347,Pooja Pillai,7031582145,pooja.pillai1347@swiggy.com,M,30,5,Hyderabad,2025-03-19 00:00:00,NONE
1348,Meera Desai,6894783790,meera.desai1348@swiggy.com,M,18,6,Hyderabad,2024-10-08 00:00:00,NONE
1349,Diya Desai,7057730931,diya.desai1349@swiggy.com,F,39,9,Hyderabad,2023-08-27 00:00:00,NONE
1350,Nikhil Gupta,8533611834,nikhil.gupta1350@swiggy.com,M,35,5,Hyderabad,2024-03-18 00:00:00,ONE
1351,Dhruv Naidu,7241836621,dhruv.naidu1351@swiggy.com,F,50,2,Hyderabad,2025-08-29 00:00:00,NONE
1352,Kiara Sharma,6956064679,kiara.sharma1352@swiggy.com,F,18,9,Hyderabad,2023-07-11 00:00:00,ONE_LITE
1353,Riya Bose,6223219999,riya.bose1353@swiggy.com,O,21,2,Hyderabad,2024-01-24 00:00:00,ONE
1354,Rohit Sharma,7522288208,rohit.sharma1354@swiggy.com,M,39,3,Hyderabad,2024-11-18 00:00:00,ONE
1355,Diya Reddy,7928736647,diya.reddy1355@swiggy.com,F,22,9,Hyderabad,2024-07-04 00:00:00,NONE
1356,Kiran Jain,7932348395,kiran.jain1356@swiggy.com,F,23,7,Hyderabad,2024-04-06 00:00:00,NONE
1357,Neha Iyer,6220335959,neha.iyer1357@swiggy.com,F,37,9,Hyderabad,2024-11-01 00:00:00,NONE
1358,Kiara Iyer,7131733341,kiara.iyer1358@swiggy.com,M,22,10,Hyderabad,2025-01-18 00:00:00,ONE
1359,Myra Jain,8275111806,myra.jain1359@swiggy.com,M,30,4,Hyderabad,2025-11-14 00:00:00,NONE
1360,Meera Bose,8289833370,meera.bose1360@swiggy.com,M,31,5,Hyderabad,2024-01-31 00:00:00,ONE
1361,Ishaan Rao,8199067453,ishaan.rao1361@swiggy.com,F,21,10,Hyderabad,2024-10-01 00:00:00,ONE
1362,Akash Patel,9350921392,akash.patel1362@swiggy.com,F,27,3,Hyderabad,2025-07-05 00:00:00,ONE_LITE
1363,Varun Chowdhury,6286604616,varun.chowdhury1363@swiggy.com,M,18,3,Hyderabad,2024-09-10 00:00:00,ONE_LITE
1364,Kiara Das,7882445431,kiara.das1364@swiggy.com,F,30,1,Hyderabad,2023-12-20 00:00:00,NONE
1365,Vihaan Jain,9607788909,vihaan.jain1365@swiggy.com,M,18,8,Hyderabad,2025-11-24 00:00:00,ONE_LITE
1366,Rahul Chowdhury,9094670148,rahul.chowdhury1366@swiggy.com,F,24,6,Hyderabad,2024-12-29 00:00:00,NONE
1367,Ira Reddy,7257723864,ira.reddy1367@swiggy.com,M,33,4,Hyderabad,2025-07-28 00:00:00,ONE
1368,Krishna Patel,8337539065,krishna.patel1368@swiggy.com,M,32,3,Hyderabad,2025-10-23 00:00:00,ONE
1369,Ishaan Desai,8793862216,ishaan.desai1369@swiggy.com,M,25,8,Hyderabad,2023-09-17 00:00:00,ONE_PLUS
1370,Kiran Gowda,8861286872,kiran.gowda1370@swiggy.com,M,28,8,Hyderabad,2025-04-09 00:00:00,NONE
1371,Arjun Khan,6459400901,arjun.khan1371@swiggy.com,M,32,6,Hyderabad,2025-04-11 00:00:00,NONE
1372,Neha Patel,8810013388,neha.patel1372@swiggy.com,F,31,10,Hyderabad,2024-07-06 00:00:00,NONE
1373,Varun Pillai,8794769752,varun.pillai1373@swiggy.com,F,34,9,Hyderabad,2025-04-14 00:00:00,ONE
1374,Krishna Kulkarni,6712926199,krishna.kulkarni1374@swiggy.com,F,22,7,Hyderabad,2024-07-26 00:00:00,ONE
1375,Rahul Patel,7215671896,rahul.patel1375@swiggy.com,M,31,9,Hyderabad,2025-11-10 00:00:00,NONE
1376,Suresh Desai,6018933038,suresh.desai1376@swiggy.com,M,49,3,Hyderabad,2025-05-29 00:00:00,NONE
1377,Ishaan Iyer,9526412438,ishaan.iyer1377@swiggy.com,F,40,8,Hyderabad,2023-09-02 00:00:00,ONE
1378,Vihaan Pillai,7180716523,vihaan.pillai1378@swiggy.com,F,18,5,Hyderabad,2023-09-29 00:00:00,ONE
1379,Suresh Singh,7332432016,suresh.singh1379@swiggy.com,M,39,10,Hyderabad,2023-08-02 00:00:00,ONE
1380,Aditya Das,7059340907,aditya.das1380@swiggy.com,M,37,2,Hyderabad,2024-11-15 00:00:00,ONE_LITE
1381,Anika Kulkarni,6531401241,anika.kulkarni1381@swiggy.com,M,30,10,Hyderabad,2025-04-25 00:00:00,ONE
1382,Riya Singh,9161022796,riya.singh1382@swiggy.com,F,28,1,Hyderabad,2025-09-16 00:00:00,NONE
1383,Anika Rao,6094048279,anika.rao1383@swiggy.com,M,31,8,Hyderabad,2024-06-01 00:00:00,NONE
1384,Myra Nair,9435566426,myra.nair1384@swiggy.com,F,41,3,Hyderabad,2025-07-15 00:00:00,NONE
1385,Rohit Bose,7266330575,rohit.bose1385@swiggy.com,F,41,4,Hyderabad,2024-02-20 00:00:00,NONE
1386,Ishaan Patel,8010874395,ishaan.patel1386@swiggy.com,F,28,6,Hyderabad,2025-05-25 00:00:00,ONE
1387,Akash Mehta,6001943574,akash.mehta1387@swiggy.com,F,40,8,Hyderabad,2023-09-01 00:00:00,NONE
1388,Myra Bose,6980833608,myra.bose1388@swiggy.com,F,39,5,Hyderabad,2024-04-20 00:00:00,NONE
1389,Ira Khan,7321532414,ira.khan1389@swiggy.com,M,38,1,Hyderabad,2025-11-04 00:00:00,ONE_LITE
1390,Varun Bose,7162265713,varun.bose1390@swiggy.com,F,27,2,Hyderabad,2025-08-07 00:00:00,NONE
1391,Sai Rao,6642032588,sai.rao1391@swiggy.com,F,21,3,Hyderabad,2024-06-04 00:00:00,ONE_LITE
1392,Diya Desai,7442329973,diya.desai1392@swiggy.com,M,22,6,Hyderabad,2024-03-11 00:00:00,ONE
1393,Aditya Mehta,9395727824,aditya.mehta1393@swiggy.com,M,33,5,Hyderabad,2023-09-15 00:00:00,ONE
1394,Varun Jain,6256651034,varun.jain1394@swiggy.com,M,30,4,Hyderabad,2024-04-18 00:00:00,NONE
1395,Saanvi Gupta,7019974018,saanvi.gupta1395@swiggy.com,F,39,10,Hyderabad,2023-11-18 00:00:00,NONE
1396,Ananya Mehta,7167345812,ananya.mehta1396@swiggy.com,M,28,1,Hyderabad,2024-07-25 00:00:00,NONE
1397,Reyansh Bose,6830720088,reyansh.bose1397@swiggy.com,F,28,1,Hyderabad,2025-01-22 00:00:00,NONE
1398,Nikhil Patel,8748855156,nikhil.patel1398@swiggy.com,F,29,2,Hyderabad,2025-07-11 00:00:00,ONE_LITE
1399,Meera Das,9969232233,meera.das1399@swiggy.com,M,24,8,Hyderabad,2025-11-25 00:00:00,NONE
1400,Ishaan Pillai,7028149702,ishaan.pillai1400@swiggy.com,F,35,2,Hyderabad,2025-09-14 00:00:00,ONE
1401,Dhruv Shetty,7460245568,dhruv.shetty1401@swiggy.com,M,37,5,Hyderabad,2024-08-16 00:00:00,NONE
1402,Pooja Pillai,9079678527,pooja.pillai1402@swiggy.com,M,22,7,Hyderabad,2023-09-19 00:00:00,NONE
1403,Varun Iyer,6424102315,varun.iyer1403@swiggy.com,O,37,1,Hyderabad,2025-06-24 00:00:00,ONE_LITE
1404,Sai Shetty,7434389125,sai.shetty1404@swiggy.com,M,28,6,Hyderabad,2025-10-10 00:00:00,NONE
1405,Neha Khan,9114928222,neha.khan1405@swiggy.com,M,23,3,Hyderabad,2024-02-28 00:00:00,NONE
1406,Aditya Patel,6738447638,aditya.patel1406@swiggy.com,M,34,8,Hyderabad,2024-09-02 00:00:00,NONE
1407,Vivaan Shetty,7620997524,vivaan.shetty1407@swiggy.com,F,21,4,Hyderabad,2023-10-23 00:00:00,ONE_LITE
1408,Krishna Jain,8054978790,krishna.jain1408@swiggy.com,M,28,4,Hyderabad,2025-10-29 00:00:00,NONE
1409,Sai Shetty,8280879284,sai.shetty1409@swiggy.com,F,24,8,Hyderabad,2023-11-24 00:00:00,NONE
1410,Akash Singh,6321768903,akash.singh1410@swiggy.com,O,32,2,Hyderabad,2023-07-30 00:00:00,NONE
1411,Meera Rao,8741591309,meera.rao1411@swiggy.com,M,41,9,Hyderabad,2025-04-09 00:00:00,NONE
1412,Diya Pillai,7797122159,diya.pillai1412@swiggy.com,M,25,6,Hyderabad,2024-10-29 00:00:00,NONE
1413,Arjun Iyer,9914523649,arjun.iyer1413@swiggy.com,M,32,3,Hyderabad,2025-08-17 00:00:00,ONE_LITE
1414,Rohit Iyer,6884679535,rohit.iyer1414@swiggy.com,F,29,10,Hyderabad,2025-10-07 00:00:00,NONE
1415,Reyansh Desai,8578111997,reyansh.desai1415@swiggy.com,M,32,10,Hyderabad,2024-03-05 00:00:00,ONE
1416,Meera Rao,8132133385,meera.rao1416@swiggy.com,M,30,4,Hyderabad,2025-04-16 00:00:00,ONE
1417,Krishna Gupta,9682238838,krishna.gupta1417@swiggy.com,M,35,7,Hyderabad,2023-07-11 00:00:00,ONE_LITE
1418,Riya Bose,7048036760,riya.bose1418@swiggy.com,F,25,8,Hyderabad,2024-06-25 00:00:00,NONE
1419,Neha Rao,6271461874,neha.rao1419@swiggy.com,M,22,6,Hyderabad,2025-05-17 00:00:00,NONE
1420,Myra Singh,6319500351,myra.singh1420@swiggy.com,M,23,5,Hyderabad,2025-05-22 00:00:00,NONE
1421,Aarav Desai,8120997213,aarav.desai1421@swiggy.com,M,18,10,Hyderabad,2025-07-13 00:00:00,ONE_LITE
1422,Ishaan Das,8471487690,ishaan.das1422@swiggy.com,F,18,10,Hyderabad,2024-10-12 00:00:00,ONE
1423,Ananya Jain,9650216702,ananya.jain1423@swiggy.com,M,28,7,Hyderabad,2025-09-11 00:00:00,NONE
1424,Kiran Shetty,9808087326,kiran.shetty1424@swiggy.com,M,27,9,Hyderabad,2025-04-12 00:00:00,NONE
1425,Aadhya Pillai,8855920713,aadhya.pillai1425@swiggy.com,F,32,2,Hyderabad,2023-11-30 00:00:00,NONE
1426,Vivaan Nair,7978603559,vivaan.nair1426@swiggy.com,M,22,9,Hyderabad,2024-05-26 00:00:00,NONE
1427,Kiara Singh,8857962877,kiara.singh1427@swiggy.com,M,31,8,Hyderabad,2024-02-13 00:00:00,ONE
1428,Ira Naidu,8216741013,ira.naidu1428@swiggy.com,F,41,2,Hyderabad,2024-03-27 00:00:00,NONE
1429,Dhruv Shetty,7571799588,dhruv.shetty1429@swiggy.com,F,32,2,Hyderabad,2025-10-12 00:00:00,NONE
1430,Sneha Gowda,6175565565,sneha.gowda1430@swiggy.com,M,27,2,Hyderabad,2024-08-02 00:00:00,NONE
1431,Suresh Pillai,9084061009,suresh.pillai1431@swiggy.com,F,28,4,Hyderabad,2025-08-06 00:00:00,ONE
1432,Ananya Gupta,6103082885,ananya.gupta1432@swiggy.com,M,31,3,Hyderabad,2024-05-24 00:00:00,NONE
1433,Meera Shetty,6866560361,meera.shetty1433@swiggy.com,M,19,1,Hyderabad,2024-11-29 00:00:00,NONE
1434,Ira Khan,8158858682,ira.khan1434@swiggy.com,M,31,8,Hyderabad,2023-10-15 00:00:00,ONE_LITE
1435,Varun Iyer,7689977142,varun.iyer1435@swiggy.com,M,35,8,Hyderabad,2024-10-06 00:00:00,NONE
1436,Nikhil Patel,9916722605,nikhil.patel1436@swiggy.com,M,37,9,Hyderabad,2025-01-19 00:00:00,ONE_LITE
1437,Ishaan Desai,8468539774,ishaan.desai1437@swiggy.com,M,18,9,Hyderabad,2023-11-10 00:00:00,NONE
1438,Diya Patel,9463508516,diya.patel1438@swiggy.com,M,18,8,Hyderabad,2024-07-11 00:00:00,NONE
1439,Nikhil Iyer,8444451948,nikhil.iyer1439@swiggy.com,F,26,5,Hyderabad,2025-03-19 00:00:00,ONE_PLUS
1440,Kiran Mehta,7616981339,kiran.mehta1440@swiggy.com,M,28,4,Hyderabad,2024-05-22 00:00:00,NONE
1441,Diya Shetty,7503265813,diya.shetty1441@swiggy.com,M,26,7,Hyderabad,2024-05-30 00:00:00,ONE
1442,Rohit Das,9778564616,rohit.das1442@swiggy.com,M,32,10,Hyderabad,2025-02-21 00:00:00,ONE_PLUS
1443,Dhruv Iyer,6530074645,dhruv.iyer1443@swiggy.com,M,19,7,Hyderabad,2024-04-02 00:00:00,ONE
1444,Dhruv Nair,7058881424,dhruv.nair1444@swiggy.com,F,34,10,Hyderabad,2024-04-22 00:00:00,NONE
1445,Diya Bose,9925020665,diya.bose1445@swiggy.com,F,40,6,Hyderabad,2025-04-30 00:00:00,ONE
1446,Ananya Shetty,9891143260,ananya.shetty1446@swiggy.com,M,34,7,Hyderabad,2025-11-17 00:00:00,NONE
1447,Reyansh Pillai,7312555883,reyansh.pillai1447@swiggy.com,F,21,9,Hyderabad,2025-05-28 00:00:00,NONE
1448,Pooja Pillai,8672895480,pooja.pillai1448@swiggy.com,F,26,5,Hyderabad,2024-01-15 00:00:00,ONE_LITE
1449,Aadhya Reddy,9003361873,aadhya.reddy1449@swiggy.com,M,24,8,Hyderabad,2023-09-12 00:00:00,NONE
1450,Akash Desai,6257145894,akash.desai1450@swiggy.com,F,23,4,Hyderabad,2025-11-10 00:00:00,NONE
1451,Kiara Singh,9651880623,kiara.singh1451@swiggy.com,F,39,10,Hyderabad,2025-10-05 00:00:00,ONE_LITE
1452,Ishaan Jain,7391504695,ishaan.jain1452@swiggy.com,M,25,2,Hyderabad,2025-10-10 00:00:00,NONE
1453,Akash Desai,8301719644,akash.desai1453@swiggy.com,M,41,7,Hyderabad,2023-08-12 00:00:00,ONE
1454,Nikhil Shetty,8916326640,nikhil.shetty1454@swiggy.com,F,20,6,Hyderabad,2024-09-18 00:00:00,NONE
1455,Saanvi Nair,7563563082,saanvi.nair1455@swiggy.com,M,18,8,Hyderabad,2025-01-17 00:00:00,NONE
1456,Aarav Singh,9927218807,aarav.singh1456@swiggy.com,M,35,4,Hyderabad,2025-01-11 00:00:00,NONE
1457,Rohit Shetty,9907496641,rohit.shetty1457@swiggy.com,M,29,7,Hyderabad,2025-07-20 00:00:00,NONE
1458,Rahul Pillai,8657331618,rahul.pillai1458@swiggy.com,M,28,5,Hyderabad,2024-05-28 00:00:00,NONE
1459,Sneha Kulkarni,9493300308,sneha.kulkarni1459@swiggy.com,M,32,3,Hyderabad,2023-11-29 00:00:00,ONE
1460,Dhruv Gowda,9242232728,dhruv.gowda1460@swiggy.com,F,44,1,Hyderabad,2024-11-21 00:00:00,ONE
1461,Pooja Rao,9338512923,pooja.rao1461@swiggy.com,M,20,5,Hyderabad,2025-08-05 00:00:00,NONE
1462,Meera Reddy,8154802856,meera.reddy1462@swiggy.com,M,18,8,Hyderabad,2024-06-23 00:00:00,ONE
1463,Akash Sharma,6588531512,akash.sharma1463@swiggy.com,F,38,3,Hyderabad,2024-09-16 00:00:00,ONE_PLUS
1464,Sai Kulkarni,9316482328,sai.kulkarni1464@swiggy.com,M,32,9,Hyderabad,2024-09-08 00:00:00,NONE
1465,Vihaan Chowdhury,9361230479,vihaan.chowdhury1465@swiggy.com,M,32,9,Hyderabad,2025-10-07 00:00:00,NONE
1466,Diya Bose,9928162372,diya.bose1466@swiggy.com,M,31,10,Hyderabad,2023-08-22 00:00:00,NONE
1467,Riya Bose,9615545529,riya.bose1467@swiggy.com,M,18,6,Hyderabad,2025-10-05 00:00:00,ONE_PLUS
1468,Vihaan Iyer,6622637556,vihaan.iyer1468@swiggy.com,F,28,6,Hyderabad,2025-06-13 00:00:00,ONE
1469,Myra Bose,7458883735,myra.bose1469@swiggy.com,F,22,10,Hyderabad,2023-11-17 00:00:00,ONE
1470,Vihaan Bose,9107456660,vihaan.bose1470@swiggy.com,M,18,9,Hyderabad,2023-10-30 00:00:00,ONE
1471,Kiara Pillai,8694003529,kiara.pillai1471@swiggy.com,F,42,3,Hyderabad,2025-01-25 00:00:00,ONE
1472,Vihaan Jain,8471991120,vihaan.jain1472@swiggy.com,F,36,6,Hyderabad,2023-08-20 00:00:00,ONE
1473,Ananya Das,9756980930,ananya.das1473@swiggy.com,M,45,9,Hyderabad,2024-07-01 00:00:00,NONE
1474,Neha Gowda,8845318952,neha.gowda1474@swiggy.com,F,21,1,Hyderabad,2023-11-03 00:00:00,NONE
1475,Rahul Kulkarni,9747761607,rahul.kulkarni1475@swiggy.com,F,35,6,Hyderabad,2025-08-28 00:00:00,NONE
1476,Ishaan Bose,9095893631,ishaan.bose1476@swiggy.com,M,23,2,Hyderabad,2024-04-17 00:00:00,NONE
1477,Anika Sharma,7878703827,anika.sharma1477@swiggy.com,F,18,7,Hyderabad,2025-10-15 00:00:00,NONE
1478,Aditya Kulkarni,6271423742,aditya.kulkarni1478@swiggy.com,F,29,4,Hyderabad,2024-10-13 00:00:00,ONE_PLUS
1479,Neha Gowda,9765998439,neha.gowda1479@swiggy.com,M,38,6,Hyderabad,2025-03-25 00:00:00,ONE_PLUS
1480,Ishaan Iyer,7882413812,ishaan.iyer1480@swiggy.com,F,29,8,Hyderabad,2024-01-16 00:00:00,NONE
1481,Riya Sharma,8894101596,riya.sharma1481@swiggy.com,M,27,7,Hyderabad,2024-01-02 00:00:00,NONE
1482,Ananya Khan,7108286086,ananya.khan1482@swiggy.com,M,26,7,Hyderabad,2025-11-23 00:00:00,NONE
1483,Rahul Gupta,7589429906,rahul.gupta1483@swiggy.com,M,38,8,Hyderabad,2024-12-31 00:00:00,ONE_PLUS
1484,Arjun Singh,8014495166,arjun.singh1484@swiggy.com,M,34,9,Hyderabad,2025-11-26 00:00:00,ONE_LITE
1485,Kiara Bose,8579550427,kiara.bose1485@swiggy.com,F,37,8,Hyderabad,2025-08-01 00:00:00,ONE_LITE
1486,Kiran Reddy,8158957873,kiran.reddy1486@swiggy.com,F,36,10,Hyderabad,2024-02-25 00:00:00,ONE_PLUS
1487,Pooja Kulkarni,6144809899,pooja.kulkarni1487@swiggy.com,F,26,4,Hyderabad,2023-07-30 00:00:00,NONE
1488,Diya Jain,9295795246,diya.jain1488@swiggy.com,F,23,2,Hyderabad,2023-10-14 00:00:00,ONE
1489,Ishaan Khan,8474807661,ishaan.khan1489@swiggy.com,M,26,6,Hyderabad,2024-06-21 00:00:00,NONE
1490,Kiara Das,9111210261,kiara.das1490@swiggy.com,M,38,6,Hyderabad,2025-05-14 00:00:00,ONE
1491,Riya Sharma,7412207457,riya.sharma1491@swiggy.com,F,27,4,Hyderabad,2025-09-01 00:00:00,ONE
1492,Krishna Shetty,7378604606,krishna.shetty1492@swiggy.com,F,18,2,Hyderabad,2024-04-28 00:00:00,NONE
1493,Nikhil Jain,6075132941,nikhil.jain1493@swiggy.com,F,24,3,Hyderabad,2025-07-03 00:00:00,NONE
1494,Saanvi Mehta,8108661056,saanvi.mehta1494@swiggy.com,M,24,6,Hyderabad,2025-09-08 00:00:00,NONE
1495,Dhruv Nair,6030054609,dhruv.nair1495@swiggy.com,F,23,1,Hyderabad,2025-05-14 00:00:00,ONE_LITE
1496,Riya Kulkarni,8387034503,riya.kulkarni1496@swiggy.com,F,47,1,Hyderabad,2025-10-26 00:00:00,ONE_PLUS
1497,Ananya Reddy,9023790460,ananya.reddy1497@swiggy.com,F,24,8,Hyderabad,2024-03-18 00:00:00,ONE
1498,Myra Shetty,8028574031,myra.shetty1498@swiggy.com,F,33,1,Hyderabad,2024-01-27 00:00:00,NONE
1499,Neha Jain,7872414559,neha.jain1499@swiggy.com,F,26,2,Hyderabad,2025-11-02 00:00:00,ONE_LITE
1500,Pooja Reddy,6220987279,pooja.reddy1500@swiggy.com,F,20,2,Hyderabad,2024-07-30 00:00:00,ONE_LITE
1501,Arjun Iyer,6032571797,arjun.iyer1501@swiggy.com,F,34,3,Hyderabad,2024-11-23 00:00:00,ONE_LITE
1502,Dhruv Rao,6830646321,dhruv.rao1502@swiggy.com,F,43,10,Hyderabad,2025-02-22 00:00:00,NONE
1503,Rahul Rao,7709198351,rahul.rao1503@swiggy.com,F,58,7,Hyderabad,2025-09-08 00:00:00,ONE_LITE
1504,Vihaan Patel,9395814897,vihaan.patel1504@swiggy.com,M,19,1,Hyderabad,2025-07-16 00:00:00,NONE
1505,Meera Das,7448961499,meera.das1505@swiggy.com,F,47,10,Hyderabad,2023-08-29 00:00:00,NONE
1506,Reyansh Mehta,6252850554,reyansh.mehta1506@swiggy.com,M,23,9,Hyderabad,2024-06-07 00:00:00,NONE
1507,Anika Naidu,9404779792,anika.naidu1507@swiggy.com,M,18,10,Hyderabad,2023-07-15 00:00:00,ONE_LITE
1508,Rahul Naidu,8792244951,rahul.naidu1508@swiggy.com,M,30,10,Hyderabad,2023-11-11 00:00:00,ONE_LITE
1509,Ira Kulkarni,7418191767,ira.kulkarni1509@swiggy.com,M,44,10,Hyderabad,2024-06-05 00:00:00,NONE
1510,Varun Kulkarni,9870053779,varun.kulkarni1510@swiggy.com,M,33,1,Hyderabad,2024-11-25 00:00:00,NONE
1511,Anika Patel,9057502405,anika.patel1511@swiggy.com,M,18,8,Hyderabad,2025-03-27 00:00:00,ONE_PLUS
1512,Anika Naidu,8149755777,anika.naidu1512@swiggy.com,M,35,2,Hyderabad,2024-10-30 00:00:00,NONE
1513,Diya Reddy,7399985422,diya.reddy1513@swiggy.com,M,25,10,Hyderabad,2025-10-13 00:00:00,NONE
1514,Akash Gowda,7621089008,akash.gowda1514@swiggy.com,M,35,1,Hyderabad,2025-11-04 00:00:00,NONE
1515,Rohit Gowda,7631581068,rohit.gowda1515@swiggy.com,M,21,6,Hyderabad,2025-08-25 00:00:00,ONE
1516,Aadhya Gupta,7724435528,aadhya.gupta1516@swiggy.com,M,31,1,Hyderabad,2025-09-18 00:00:00,NONE
1517,Ira Rao,8705260179,ira.rao1517@swiggy.com,M,29,5,Hyderabad,2024-10-09 00:00:00,ONE
1518,Akash Naidu,8557918155,akash.naidu1518@swiggy.com,M,24,9,Hyderabad,2025-06-25 00:00:00,ONE
1519,Reyansh Kulkarni,8473941934,reyansh.kulkarni1519@swiggy.com,M,49,2,Hyderabad,2024-07-07 00:00:00,NONE
1520,Aditya Shetty,9951711401,aditya.shetty1520@swiggy.com,M,18,1,Hyderabad,2025-01-30 00:00:00,ONE_LITE
1521,Anika Reddy,7681041040,anika.reddy1521@swiggy.com,M,22,6,Hyderabad,2024-12-08 00:00:00,NONE
1522,Meera Khan,8407719179,meera.khan1522@swiggy.com,F,27,2,Hyderabad,2025-07-20 00:00:00,ONE
1523,Aadhya Iyer,8099707439,aadhya.iyer1523@swiggy.com,F,44,7,Hyderabad,2025-09-18 00:00:00,ONE_PLUS
1524,Diya Sharma,7689426391,diya.sharma1524@swiggy.com,F,37,5,Hyderabad,2025-01-12 00:00:00,NONE
1525,Ishaan Reddy,7476274125,ishaan.reddy1525@swiggy.com,M,22,2,Hyderabad,2024-12-22 00:00:00,NONE
1526,Saanvi Das,8131686140,saanvi.das1526@swiggy.com,F,38,7,Hyderabad,2025-09-03 00:00:00,NONE
1527,Ira Nair,7979820988,ira.nair1527@swiggy.com,M,31,7,Hyderabad,2023-07-14 00:00:00,NONE
1528,Myra Chowdhury,7724010204,myra.chowdhury1528@swiggy.com,M,36,7,Hyderabad,2024-05-18 00:00:00,NONE
1529,Kiara Mehta,6991322078,kiara.mehta1529@swiggy.com,F,36,2,Hyderabad,2023-08-25 00:00:00,NONE
1530,Arjun Patel,8074273351,arjun.patel1530@swiggy.com,M,55,7,Hyderabad,2024-05-16 00:00:00,NONE
1531,Kiran Jain,7601667501,kiran.jain1531@swiggy.com,M,23,7,Hyderabad,2024-01-22 00:00:00,ONE_PLUS
1532,Sneha Das,8335285105,sneha.das1532@swiggy.com,F,31,4,Hyderabad,2025-11-25 00:00:00,ONE_LITE
1533,Ira Pillai,9948088911,ira.pillai1533@swiggy.com,M,43,10,Hyderabad,2023-08-30 00:00:00,ONE_LITE
1534,Krishna Jain,9818143750,krishna.jain1534@swiggy.com,F,34,6,Hyderabad,2025-01-13 00:00:00,NONE
1535,Arjun Patel,6001925556,arjun.patel1535@swiggy.com,F,21,4,Hyderabad,2024-07-07 00:00:00,ONE_LITE
1536,Aditya Jain,9929411675,aditya.jain1536@swiggy.com,M,32,1,Hyderabad,2025-09-06 00:00:00,NONE
1537,Rahul Pillai,6078781937,rahul.pillai1537@swiggy.com,F,19,8,Hyderabad,2023-10-09 00:00:00,ONE
1538,Kiara Jain,9529458960,kiara.jain1538@swiggy.com,F,39,1,Hyderabad,2023-11-19 00:00:00,NONE
1539,Ishaan Kulkarni,8709568501,ishaan.kulkarni1539@swiggy.com,M,25,8,Hyderabad,2024-12-14 00:00:00,NONE
1540,Nikhil Sharma,8491061691,nikhil.sharma1540@swiggy.com,M,31,8,Hyderabad,2024-03-24 00:00:00,NONE
1541,Riya Bose,6241132448,riya.bose1541@swiggy.com,F,26,4,Hyderabad,2024-01-04 00:00:00,NONE
1542,Neha Mehta,9673385066,neha.mehta1542@swiggy.com,F,27,1,Hyderabad,2025-05-25 00:00:00,NONE
1543,Neha Naidu,8891830967,neha.naidu1543@swiggy.com,F,41,5,Hyderabad,2025-05-13 00:00:00,NONE
1544,Sneha Rao,7343460615,sneha.rao1544@swiggy.com,M,27,9,Hyderabad,2024-12-02 00:00:00,ONE
1545,Suresh Naidu,9378883092,suresh.naidu1545@swiggy.com,F,40,6,Hyderabad,2023-12-15 00:00:00,NONE
1546,Pooja Chowdhury,7818766852,pooja.chowdhury1546@swiggy.com,F,26,6,Hyderabad,2025-10-11 00:00:00,NONE
1547,Aditya Khan,9097688321,aditya.khan1547@swiggy.com,F,20,5,Hyderabad,2024-06-30 00:00:00,ONE
1548,Diya Singh,7779647286,diya.singh1548@swiggy.com,M,42,6,Hyderabad,2025-09-16 00:00:00,ONE
1549,Dhruv Pillai,9038824294,dhruv.pillai1549@swiggy.com,F,35,6,Hyderabad,2025-04-03 00:00:00,NONE
1550,Ira Patel,7453781799,ira.patel1550@swiggy.com,M,24,10,Hyderabad,2023-09-13 00:00:00,ONE_LITE
1551,Vihaan Naidu,8574031867,vihaan.naidu1551@swiggy.com,M,42,6,Hyderabad,2023-08-24 00:00:00,NONE
1552,Sai Khan,6022783274,sai.khan1552@swiggy.com,M,37,10,Hyderabad,2024-08-12 00:00:00,ONE_PLUS
1553,Aditya Rao,9028438749,aditya.rao1553@swiggy.com,M,28,1,Hyderabad,2024-11-26 00:00:00,ONE
1554,Rohit Sharma,8039578203,rohit.sharma1554@swiggy.com,M,32,4,Hyderabad,2024-07-23 00:00:00,ONE
1555,Myra Shetty,6053735981,myra.shetty1555@swiggy.com,F,44,6,Hyderabad,2023-12-06 00:00:00,NONE
1556,Dhruv Sharma,6420632408,dhruv.sharma1556@swiggy.com,F,18,9,Hyderabad,2023-07-28 00:00:00,NONE
1557,Krishna Pillai,6463184540,krishna.pillai1557@swiggy.com,M,27,4,Hyderabad,2024-12-16 00:00:00,NONE
1558,Reyansh Chowdhury,6520332076,reyansh.chowdhury1558@swiggy.com,M,18,1,Hyderabad,2023-09-03 00:00:00,NONE
1559,Arjun Singh,8579384201,arjun.singh1559@swiggy.com,M,38,10,Hyderabad,2023-09-29 00:00:00,NONE
1560,Myra Sharma,6584324070,myra.sharma1560@swiggy.com,F,31,6,Hyderabad,2024-10-02 00:00:00,NONE
1561,Arjun Shetty,6248420191,arjun.shetty1561@swiggy.com,M,23,9,Hyderabad,2025-03-07 00:00:00,ONE_LITE
1562,Nikhil Iyer,6864691171,nikhil.iyer1562@swiggy.com,M,44,2,Hyderabad,2025-08-11 00:00:00,NONE
1563,Vihaan Mehta,7845011452,vihaan.mehta1563@swiggy.com,F,29,9,Hyderabad,2024-11-12 00:00:00,ONE_LITE
1564,Aarav Shetty,6997098134,aarav.shetty1564@swiggy.com,M,26,3,Hyderabad,2025-05-20 00:00:00,ONE_PLUS
1565,Ira Pillai,9848798094,ira.pillai1565@swiggy.com,F,35,2,Hyderabad,2025-09-26 00:00:00,NONE
1566,Rohit Reddy,9211819321,rohit.reddy1566@swiggy.com,F,44,1,Hyderabad,2024-12-12 00:00:00,ONE
1567,Anika Jain,6425590392,anika.jain1567@swiggy.com,M,33,8,Hyderabad,2025-06-17 00:00:00,NONE
1568,Riya Gowda,7167241718,riya.gowda1568@swiggy.com,M,29,3,Hyderabad,2024-12-04 00:00:00,ONE_LITE
1569,Vihaan Nair,8309541443,vihaan.nair1569@swiggy.com,M,30,3,Hyderabad,2024-04-20 00:00:00,ONE
1570,Sai Rao,8539527507,sai.rao1570@swiggy.com,F,23,6,Hyderabad,2023-08-07 00:00:00,NONE
1571,Ira Mehta,9443481569,ira.mehta1571@swiggy.com,F,24,9,Hyderabad,2024-05-17 00:00:00,NONE
1572,Sneha Shetty,9179798202,sneha.shetty1572@swiggy.com,M,30,10,Hyderabad,2023-07-19 00:00:00,ONE_PLUS
1573,Anika Khan,8831201308,anika.khan1573@swiggy.com,M,26,10,Hyderabad,2025-10-23 00:00:00,NONE
1574,Sneha Sharma,9679276085,sneha.sharma1574@swiggy.com,M,37,6,Hyderabad,2024-12-10 00:00:00,NONE
1575,Meera Mehta,8672822951,meera.mehta1575@swiggy.com,F,18,9,Hyderabad,2023-08-23 00:00:00,NONE
1576,Aadhya Bose,8187708077,aadhya.bose1576@swiggy.com,M,28,9,Hyderabad,2025-10-31 00:00:00,NONE
1577,Akash Gowda,8912414331,akash.gowda1577@swiggy.com,M,29,7,Hyderabad,2025-01-11 00:00:00,ONE
1578,Sai Gowda,7659390130,sai.gowda1578@swiggy.com,F,32,1,Hyderabad,2024-10-30 00:00:00,NONE
1579,Saanvi Desai,8714941863,saanvi.desai1579@swiggy.com,F,32,4,Hyderabad,2025-08-17 00:00:00,NONE
1580,Varun Naidu,9844705175,varun.naidu1580@swiggy.com,M,25,7,Hyderabad,2025-08-14 00:00:00,NONE
1581,Sneha Naidu,7011323002,sneha.naidu1581@swiggy.com,M,25,5,Hyderabad,2025-01-09 00:00:00,NONE
1582,Anika Patel,7285494149,anika.patel1582@swiggy.com,F,33,3,Hyderabad,2025-08-17 00:00:00,NONE
1583,Suresh Jain,8105727397,suresh.jain1583@swiggy.com,M,33,6,Hyderabad,2023-12-19 00:00:00,NONE
1584,Suresh Reddy,7740435987,suresh.reddy1584@swiggy.com,F,32,10,Hyderabad,2025-05-27 00:00:00,NONE
1585,Meera Das,7089145240,meera.das1585@swiggy.com,M,39,10,Hyderabad,2024-04-03 00:00:00,NONE
1586,Rahul Chowdhury,7758593471,rahul.chowdhury1586@swiggy.com,F,18,9,Hyderabad,2024-12-21 00:00:00,ONE
1587,Suresh Chowdhury,7315132787,suresh.chowdhury1587@swiggy.com,M,32,3,Hyderabad,2025-11-09 00:00:00,NONE
1588,Anika Nair,8518011766,anika.nair1588@swiggy.com,M,20,2,Hyderabad,2023-09-15 00:00:00,NONE
1589,Varun Mehta,6145210811,varun.mehta1589@swiggy.com,O,30,3,Hyderabad,2023-10-14 00:00:00,NONE
1590,Dhruv Bose,8576638413,dhruv.bose1590@swiggy.com,M,24,5,Hyderabad,2025-08-30 00:00:00,NONE
1591,Varun Kulkarni,9931086020,varun.kulkarni1591@swiggy.com,M,22,5,Hyderabad,2023-07-31 00:00:00,NONE
1592,Ishaan Khan,7751180928,ishaan.khan1592@swiggy.com,M,19,2,Hyderabad,2024-04-18 00:00:00,NONE
1593,Aarav Chowdhury,8463216484,aarav.chowdhury1593@swiggy.com,F,37,1,Hyderabad,2024-09-24 00:00:00,ONE_PLUS
1594,Diya Mehta,8773034144,diya.mehta1594@swiggy.com,M,18,7,Hyderabad,2025-07-18 00:00:00,ONE
1595,Arjun Khan,9281409620,arjun.khan1595@swiggy.com,F,30,7,Hyderabad,2024-01-23 00:00:00,ONE
1596,Arjun Gupta,9328174463,arjun.gupta1596@swiggy.com,M,35,7,Hyderabad,2025-01-25 00:00:00,NONE
1597,Ira Sharma,6822260240,ira.sharma1597@swiggy.com,F,32,6,Hyderabad,2024-07-27 00:00:00,NONE
1598,Vihaan Chowdhury,6008651601,vihaan.chowdhury1598@swiggy.com,M,18,6,Hyderabad,2024-12-14 00:00:00,NONE
1599,Myra Mehta,7704237753,myra.mehta1599@swiggy.com,F,29,9,Hyderabad,2025-04-17 00:00:00,NONE
1600,Anika Reddy,8325737452,anika.reddy1600@swiggy.com,M,40,5,Hyderabad,2024-08-25 00:00:00,ONE_LITE
1601,Krishna Chowdhury,6726903538,krishna.chowdhury1601@swiggy.com,F,32,8,Hyderabad,2025-06-03 00:00:00,NONE
1602,Reyansh Shetty,9323507525,reyansh.shetty1602@swiggy.com,M,30,8,Hyderabad,2023-10-30 00:00:00,ONE_LITE
1603,Ira Sharma,7464025922,ira.sharma1603@swiggy.com,M,18,5,Hyderabad,2024-01-09 00:00:00,ONE
1604,Suresh Nair,9546882446,suresh.nair1604@swiggy.com,F,19,1,Hyderabad,2024-10-18 00:00:00,NONE
1605,Ishaan Nair,9326587591,ishaan.nair1605@swiggy.com,F,18,7,Hyderabad,2023-10-16 00:00:00,NONE
1606,Sai Bose,9053668322,sai.bose1606@swiggy.com,M,38,8,Hyderabad,2023-12-16 00:00:00,ONE
1607,Varun Das,9307495204,varun.das1607@swiggy.com,M,31,7,Hyderabad,2023-10-19 00:00:00,NONE
1608,Krishna Reddy,6479517484,krishna.reddy1608@swiggy.com,F,49,8,Hyderabad,2024-01-16 00:00:00,NONE
1609,Reyansh Iyer,9746427680,reyansh.iyer1609@swiggy.com,F,31,10,Hyderabad,2024-02-09 00:00:00,ONE_LITE
1610,Krishna Bose,6261568790,krishna.bose1610@swiggy.com,F,20,8,Hyderabad,2023-10-20 00:00:00,ONE
1611,Rahul Kulkarni,9865114284,rahul.kulkarni1611@swiggy.com,M,29,6,Hyderabad,2023-09-02 00:00:00,ONE_LITE
1612,Sneha Nair,6031007598,sneha.nair1612@swiggy.com,F,22,2,Hyderabad,2024-05-18 00:00:00,NONE
1613,Krishna Bose,8756655111,krishna.bose1613@swiggy.com,F,36,1,Hyderabad,2024-07-30 00:00:00,NONE
1614,Krishna Khan,6079583242,krishna.khan1614@swiggy.com,M,27,6,Hyderabad,2023-10-02 00:00:00,ONE_PLUS
1615,Kiran Bose,8907939602,kiran.bose1615@swiggy.com,F,19,1,Hyderabad,2025-04-30 00:00:00,NONE
1616,Ira Rao,9950351395,ira.rao1616@swiggy.com,M,38,10,Hyderabad,2024-03-12 00:00:00,ONE_LITE
1617,Meera Chowdhury,7620186745,meera.chowdhury1617@swiggy.com,M,18,5,Hyderabad,2025-04-04 00:00:00,NONE
1618,Kiara Reddy,6692218587,kiara.reddy1618@swiggy.com,M,20,7,Hyderabad,2024-08-02 00:00:00,NONE
1619,Diya Jain,8960097105,diya.jain1619@swiggy.com,M,29,1,Hyderabad,2025-08-14 00:00:00,NONE
1620,Rahul Mehta,9400606884,rahul.mehta1620@swiggy.com,F,33,3,Hyderabad,2024-10-01 00:00:00,NONE
1621,Kiara Shetty,6567883960,kiara.shetty1621@swiggy.com,M,40,7,Hyderabad,2025-06-27 00:00:00,ONE_PLUS
1622,Kiara Bose,7916604096,kiara.bose1622@swiggy.com,M,38,3,Hyderabad,2024-06-17 00:00:00,ONE_LITE
1623,Sneha Patel,8741558210,sneha.patel1623@swiggy.com,M,43,10,Hyderabad,2024-10-29 00:00:00,ONE_LITE
1624,Krishna Jain,7235612968,krishna.jain1624@swiggy.com,F,35,3,Hyderabad,2024-09-22 00:00:00,NONE
1625,Sai Reddy,7891182559,sai.reddy1625@swiggy.com,F,18,1,Hyderabad,2025-09-05 00:00:00,NONE
1626,Myra Desai,8052489066,myra.desai1626@swiggy.com,F,28,3,Hyderabad,2025-04-13 00:00:00,NONE
1627,Arjun Mehta,8317603645,arjun.mehta1627@swiggy.com,M,40,8,Hyderabad,2025-11-27 00:00:00,NONE
1628,Meera Rao,7720247885,meera.rao1628@swiggy.com,M,18,2,Hyderabad,2023-12-12 00:00:00,NONE
1629,Sneha Bose,6923941114,sneha.bose1629@swiggy.com,M,26,2,Hyderabad,2024-12-02 00:00:00,NONE
1630,Neha Rao,6203389861,neha.rao1630@swiggy.com,M,18,7,Hyderabad,2024-10-11 00:00:00,ONE_LITE
1631,Sai Gowda,6195133995,sai.gowda1631@swiggy.com,M,24,1,Hyderabad,2025-03-10 00:00:00,NONE
1632,Krishna Desai,6658685777,krishna.desai1632@swiggy.com,M,36,7,Hyderabad,2025-05-30 00:00:00,NONE
1633,Ananya Pillai,6835741943,ananya.pillai1633@swiggy.com,M,34,4,Hyderabad,2025-04-21 00:00:00,NONE
1634,Kiara Shetty,9582623679,kiara.shetty1634@swiggy.com,M,33,4,Hyderabad,2025-03-12 00:00:00,ONE
1635,Arjun Naidu,6000266438,arjun.naidu1635@swiggy.com,M,31,10,Hyderabad,2025-09-02 00:00:00,ONE_LITE
1636,Dhruv Khan,9875212841,dhruv.khan1636@swiggy.com,M,26,2,Hyderabad,2023-09-08 00:00:00,NONE
1637,Arjun Sharma,6683179193,arjun.sharma1637@swiggy.com,F,23,9,Hyderabad,2024-08-03 00:00:00,NONE
1638,Kiara Shetty,8325446862,kiara.shetty1638@swiggy.com,M,39,3,Hyderabad,2025-10-02 00:00:00,ONE
1639,Arjun Bose,9684104360,arjun.bose1639@swiggy.com,F,36,10,Hyderabad,2024-10-13 00:00:00,NONE
1640,Ira Patel,6591796780,ira.patel1640@swiggy.com,F,19,10,Hyderabad,2024-10-05 00:00:00,ONE_LITE
1641,Dhruv Singh,7112016340,dhruv.singh1641@swiggy.com,F,18,4,Hyderabad,2023-09-05 00:00:00,NONE
1642,Saanvi Gupta,8093205691,saanvi.gupta1642@swiggy.com,M,34,8,Hyderabad,2024-07-14 00:00:00,NONE
1643,Riya Bose,9551417883,riya.bose1643@swiggy.com,F,47,6,Hyderabad,2023-07-28 00:00:00,ONE_LITE
1644,Meera Gowda,9740758730,meera.gowda1644@swiggy.com,M,39,8,Hyderabad,2025-02-07 00:00:00,NONE
1645,Pooja Singh,6376769689,pooja.singh1645@swiggy.com,M,21,1,Hyderabad,2023-12-20 00:00:00,NONE
1646,Kiran Khan,8850312607,kiran.khan1646@swiggy.com,M,24,2,Hyderabad,2024-07-21 00:00:00,NONE
1647,Aadhya Desai,9783827662,aadhya.desai1647@swiggy.com,M,33,9,Hyderabad,2025-11-26 00:00:00,NONE
1648,Vivaan Singh,6025887335,vivaan.singh1648@swiggy.com,F,36,2,Hyderabad,2024-10-16 00:00:00,NONE
1649,Ishaan Gowda,8180237770,ishaan.gowda1649@swiggy.com,F,32,1,Hyderabad,2023-10-10 00:00:00,ONE
1650,Akash Pillai,6629765031,akash.pillai1650@swiggy.com,F,22,9,Hyderabad,2024-11-12 00:00:00,ONE
1651,Varun Nair,7672227101,varun.nair1651@swiggy.com,M,25,6,Hyderabad,2025-08-27 00:00:00,ONE_LITE
1652,Reyansh Reddy,9784595901,reyansh.reddy1652@swiggy.com,M,30,8,Hyderabad,2025-01-24 00:00:00,ONE_LITE
1653,Kiran Gowda,9576822069,kiran.gowda1653@swiggy.com,M,20,2,Hyderabad,2024-03-24 00:00:00,NONE
1654,Vihaan Patel,7555382616,vihaan.patel1654@swiggy.com,F,31,7,Hyderabad,2024-11-05 00:00:00,ONE_LITE
1655,Myra Shetty,8029649324,myra.shetty1655@swiggy.com,M,18,1,Hyderabad,2025-01-29 00:00:00,NONE
1656,Rohit Naidu,8072785754,rohit.naidu1656@swiggy.com,F,48,1,Hyderabad,2024-06-01 00:00:00,NONE
1657,Diya Das,8813730207,diya.das1657@swiggy.com,F,23,8,Hyderabad,2023-08-27 00:00:00,ONE
1658,Meera Mehta,9145423438,meera.mehta1658@swiggy.com,M,31,2,Hyderabad,2023-11-01 00:00:00,NONE
1659,Vivaan Nair,6283156648,vivaan.nair1659@swiggy.com,M,23,7,Hyderabad,2025-03-30 00:00:00,NONE
1660,Anika Patel,9855907611,anika.patel1660@swiggy.com,F,18,10,Hyderabad,2024-05-18 00:00:00,ONE
1661,Ananya Shetty,8743452161,ananya.shetty1661@swiggy.com,F,32,10,Hyderabad,2025-03-04 00:00:00,ONE
1662,Vivaan Gowda,6084999622,vivaan.gowda1662@swiggy.com,F,25,7,Hyderabad,2025-10-16 00:00:00,NONE
1663,Vivaan Kulkarni,7792235105,vivaan.kulkarni1663@swiggy.com,O,21,10,Hyderabad,2025-07-10 00:00:00,NONE
1664,Diya Desai,7528239117,diya.desai1664@swiggy.com,M,21,9,Hyderabad,2024-03-28 00:00:00,ONE
1665,Vihaan Singh,6063281415,vihaan.singh1665@swiggy.com,F,34,6,Hyderabad,2025-06-28 00:00:00,ONE_LITE
1666,Aarav Mehta,6814901705,aarav.mehta1666@swiggy.com,M,39,1,Hyderabad,2024-08-26 00:00:00,ONE_LITE
1667,Aadhya Gupta,9027948305,aadhya.gupta1667@swiggy.com,F,28,1,Hyderabad,2025-09-16 00:00:00,ONE_LITE
1668,Aadhya Naidu,8202342797,aadhya.naidu1668@swiggy.com,M,37,10,Hyderabad,2025-09-25 00:00:00,NONE
1669,Vihaan Kulkarni,6534577965,vihaan.kulkarni1669@swiggy.com,F,23,6,Hyderabad,2025-04-23 00:00:00,ONE
1670,Akash Mehta,6543128746,akash.mehta1670@swiggy.com,M,29,7,Hyderabad,2023-10-28 00:00:00,NONE
1671,Diya Pillai,9347996880,diya.pillai1671@swiggy.com,F,32,9,Hyderabad,2024-08-13 00:00:00,ONE
1672,Sneha Reddy,9516421866,sneha.reddy1672@swiggy.com,F,18,5,Hyderabad,2025-03-22 00:00:00,NONE
1673,Neha Naidu,8582089378,neha.naidu1673@swiggy.com,M,42,8,Hyderabad,2025-04-24 00:00:00,NONE
1674,Riya Bose,8249672531,riya.bose1674@swiggy.com,F,20,8,Hyderabad,2024-11-07 00:00:00,ONE_LITE
1675,Rohit Shetty,9529062752,rohit.shetty1675@swiggy.com,M,33,3,Hyderabad,2025-03-28 00:00:00,NONE
1676,Saanvi Iyer,8806330861,saanvi.iyer1676@swiggy.com,F,22,4,Hyderabad,2025-01-27 00:00:00,NONE
1677,Akash Rao,7466291087,akash.rao1677@swiggy.com,F,18,7,Hyderabad,2025-09-30 00:00:00,ONE
1678,Rohit Naidu,8746794429,rohit.naidu1678@swiggy.com,F,18,4,Hyderabad,2025-04-23 00:00:00,NONE
1679,Kiara Sharma,6424942327,kiara.sharma1679@swiggy.com,M,40,7,Hyderabad,2023-11-15 00:00:00,ONE
1680,Ananya Shetty,7127047714,ananya.shetty1680@swiggy.com,M,27,6,Hyderabad,2024-03-08 00:00:00,ONE
1681,Rahul Das,6731415098,rahul.das1681@swiggy.com,M,34,1,Hyderabad,2024-01-06 00:00:00,ONE_LITE
1682,Vivaan Khan,6159679879,vivaan.khan1682@swiggy.com,F,36,1,Hyderabad,2023-07-19 00:00:00,NONE
1683,Anika Rao,7345199654,anika.rao1683@swiggy.com,M,22,2,Hyderabad,2025-02-11 00:00:00,NONE
1684,Meera Jain,9295078802,meera.jain1684@swiggy.com,F,30,10,Hyderabad,2023-07-23 00:00:00,ONE
1685,Pooja Das,6217923115,pooja.das1685@swiggy.com,M,40,4,Hyderabad,2025-07-04 00:00:00,NONE
1686,Rahul Iyer,9329206147,rahul.iyer1686@swiggy.com,M,32,9,Hyderabad,2023-08-26 00:00:00,NONE
1687,Akash Gupta,7938913454,akash.gupta1687@swiggy.com,F,19,3,Hyderabad,2025-07-10 00:00:00,ONE_LITE
1688,Kiara Chowdhury,8914660692,kiara.chowdhury1688@swiggy.com,M,18,9,Hyderabad,2023-09-27 00:00:00,ONE_LITE
1689,Vivaan Nair,9917533755,vivaan.nair1689@swiggy.com,F,40,7,Hyderabad,2024-06-11 00:00:00,NONE
1690,Aarav Kulkarni,6665716206,aarav.kulkarni1690@swiggy.com,F,46,5,Hyderabad,2024-10-23 00:00:00,ONE_LITE
1691,Krishna Nair,9055104043,krishna.nair1691@swiggy.com,M,37,8,Hyderabad,2025-06-23 00:00:00,NONE
1692,Myra Chowdhury,6936533783,myra.chowdhury1692@swiggy.com,F,33,6,Hyderabad,2023-11-08 00:00:00,ONE_PLUS
1693,Saanvi Das,7005374516,saanvi.das1693@swiggy.com,M,32,3,Hyderabad,2025-03-12 00:00:00,NONE
1694,Ira Nair,7211230569,ira.nair1694@swiggy.com,F,41,6,Hyderabad,2025-09-15 00:00:00,ONE_LITE
1695,Neha Gupta,8599078887,neha.gupta1695@swiggy.com,F,25,1,Hyderabad,2025-07-03 00:00:00,ONE_LITE
1696,Ishaan Das,8068295417,ishaan.das1696@swiggy.com,M,36,8,Hyderabad,2025-11-07 00:00:00,ONE_LITE
1697,Vivaan Pillai,8068726076,vivaan.pillai1697@swiggy.com,M,19,6,Hyderabad,2023-11-10 00:00:00,ONE_PLUS
1698,Riya Singh,6129513652,riya.singh1698@swiggy.com,M,32,10,Hyderabad,2024-07-28 00:00:00,ONE_LITE
1699,Krishna Desai,6749903695,krishna.desai1699@swiggy.com,M,33,1,Hyderabad,2024-08-09 00:00:00,NONE
1700,Anika Pillai,9190721888,anika.pillai1700@swiggy.com,F,24,1,Hyderabad,2024-12-18 00:00:00,NONE
1701,Akash Chowdhury,8328013007,akash.chowdhury1701@swiggy.com,F,24,2,Hyderabad,2024-11-30 00:00:00,NONE
1702,Dhruv Pillai,6469135429,dhruv.pillai1702@swiggy.com,F,25,8,Hyderabad,2024-08-02 00:00:00,ONE_LITE
1703,Sai Gupta,9571675359,sai.gupta1703@swiggy.com,M,18,9,Hyderabad,2023-11-20 00:00:00,ONE
1704,Ira Shetty,8629473577,ira.shetty1704@swiggy.com,M,19,2,Hyderabad,2024-04-22 00:00:00,ONE_PLUS
1705,Ira Singh,7928463156,ira.singh1705@swiggy.com,M,18,3,Hyderabad,2024-08-14 00:00:00,NONE
1706,Aditya Chowdhury,9452133336,aditya.chowdhury1706@swiggy.com,M,33,2,Hyderabad,2024-11-12 00:00:00,ONE
1707,Aarav Das,8241616901,aarav.das1707@swiggy.com,M,36,10,Hyderabad,2023-07-25 00:00:00,ONE
1708,Saanvi Bose,9087488764,saanvi.bose1708@swiggy.com,F,32,3,Hyderabad,2025-04-08 00:00:00,NONE
1709,Neha Rao,6570743259,neha.rao1709@swiggy.com,F,19,9,Hyderabad,2025-02-13 00:00:00,NONE
1710,Riya Sharma,6740536535,riya.sharma1710@swiggy.com,M,39,9,Hyderabad,2024-05-23 00:00:00,NONE
1711,Kiran Nair,8455542010,kiran.nair1711@swiggy.com,M,28,10,Hyderabad,2023-10-09 00:00:00,NONE
1712,Aditya Naidu,8561976630,aditya.naidu1712@swiggy.com,M,21,8,Hyderabad,2024-10-15 00:00:00,ONE
1713,Arjun Bose,6870780804,arjun.bose1713@swiggy.com,F,25,9,Hyderabad,2025-08-17 00:00:00,NONE
1714,Sneha Patel,9414153622,sneha.patel1714@swiggy.com,F,39,10,Hyderabad,2025-10-21 00:00:00,ONE_LITE
1715,Akash Das,7640704468,akash.das1715@swiggy.com,F,18,9,Hyderabad,2024-01-19 00:00:00,ONE_LITE
1716,Ananya Desai,6042118823,ananya.desai1716@swiggy.com,M,36,4,Hyderabad,2025-05-16 00:00:00,NONE
1717,Vivaan Kulkarni,6601046822,vivaan.kulkarni1717@swiggy.com,F,34,6,Hyderabad,2024-02-19 00:00:00,ONE
1718,Vivaan Mehta,7951008967,vivaan.mehta1718@swiggy.com,F,22,5,Hyderabad,2025-03-03 00:00:00,ONE_LITE
1719,Rahul Kulkarni,9154378767,rahul.kulkarni1719@swiggy.com,F,36,3,Hyderabad,2025-04-09 00:00:00,ONE_PLUS
1720,Myra Rao,6581637242,myra.rao1720@swiggy.com,F,24,10,Hyderabad,2024-02-12 00:00:00,NONE
1721,Anika Mehta,9998489802,anika.mehta1721@swiggy.com,M,20,7,Hyderabad,2024-07-31 00:00:00,ONE
1722,Ananya Singh,8752154496,ananya.singh1722@swiggy.com,M,47,3,Hyderabad,2024-03-10 00:00:00,NONE
1723,Myra Khan,9597205059,myra.khan1723@swiggy.com,F,33,3,Hyderabad,2024-01-19 00:00:00,ONE
1724,Sai Khan,8108703755,sai.khan1724@swiggy.com,M,35,5,Hyderabad,2024-02-09 00:00:00,NONE
1725,Myra Gupta,7234211755,myra.gupta1725@swiggy.com,F,42,7,Hyderabad,2025-11-03 00:00:00,NONE
1726,Saanvi Jain,9443980645,saanvi.jain1726@swiggy.com,F,37,2,Hyderabad,2024-02-24 00:00:00,NONE
1727,Ishaan Mehta,7638725682,ishaan.mehta1727@swiggy.com,M,20,5,Hyderabad,2025-08-18 00:00:00,NONE
1728,Neha Naidu,6262298483,neha.naidu1728@swiggy.com,M,33,3,Hyderabad,2024-04-01 00:00:00,ONE
1729,Suresh Bose,6715134534,suresh.bose1729@swiggy.com,M,21,1,Hyderabad,2024-04-18 00:00:00,ONE_LITE
1730,Aarav Naidu,7792891816,aarav.naidu1730@swiggy.com,F,31,7,Hyderabad,2025-09-09 00:00:00,NONE
1731,Riya Bose,9097958460,riya.bose1731@swiggy.com,F,37,4,Hyderabad,2025-02-25 00:00:00,NONE
1732,Riya Iyer,7138126273,riya.iyer1732@swiggy.com,F,18,8,Hyderabad,2024-08-21 00:00:00,ONE_PLUS
1733,Sneha Nair,7438305273,sneha.nair1733@swiggy.com,F,24,8,Hyderabad,2025-01-20 00:00:00,NONE
1734,Anika Desai,6863764482,anika.desai1734@swiggy.com,F,27,2,Hyderabad,2024-04-25 00:00:00,NONE
1735,Riya Sharma,9287839730,riya.sharma1735@swiggy.com,M,19,2,Hyderabad,2025-01-26 00:00:00,NONE
1736,Akash Jain,7925419204,akash.jain1736@swiggy.com,F,46,4,Hyderabad,2023-07-30 00:00:00,NONE
1737,Aditya Jain,7276345131,aditya.jain1737@swiggy.com,M,31,4,Hyderabad,2025-04-02 00:00:00,ONE
1738,Kiara Chowdhury,6530800324,kiara.chowdhury1738@swiggy.com,M,21,10,Hyderabad,2024-08-16 00:00:00,ONE
1739,Vihaan Chowdhury,8053006423,vihaan.chowdhury1739@swiggy.com,M,39,7,Hyderabad,2024-09-18 00:00:00,ONE
1740,Ananya Iyer,9245118455,ananya.iyer1740@swiggy.com,M,38,10,Hyderabad,2025-09-02 00:00:00,NONE
1741,Riya Nair,7417845814,riya.nair1741@swiggy.com,M,34,2,Hyderabad,2025-10-12 00:00:00,ONE_LITE
1742,Krishna Khan,9327140115,krishna.khan1742@swiggy.com,M,18,10,Hyderabad,2024-01-25 00:00:00,ONE_PLUS
1743,Kiran Kulkarni,9691202144,kiran.kulkarni1743@swiggy.com,M,33,6,Hyderabad,2024-02-04 00:00:00,ONE
1744,Aditya Jain,7750948271,aditya.jain1744@swiggy.com,M,41,2,Hyderabad,2025-01-09 00:00:00,ONE
1745,Reyansh Sharma,9929160360,reyansh.sharma1745@swiggy.com,F,20,3,Hyderabad,2025-07-11 00:00:00,ONE_LITE
1746,Vivaan Iyer,9723212113,vivaan.iyer1746@swiggy.com,M,27,10,Hyderabad,2023-10-14 00:00:00,NONE
1747,Krishna Shetty,8728421352,krishna.shetty1747@swiggy.com,M,36,2,Hyderabad,2023-09-04 00:00:00,ONE
1748,Myra Das,9154110892,myra.das1748@swiggy.com,M,22,5,Hyderabad,2024-03-13 00:00:00,NONE
1749,Rohit Singh,8256368380,rohit.singh1749@swiggy.com,F,42,8,Hyderabad,2024-02-15 00:00:00,NONE
1750,Diya Desai,7504893260,diya.desai1750@swiggy.com,M,25,3,Hyderabad,2024-10-31 00:00:00,NONE
1751,Dhruv Patel,7492453249,dhruv.patel1751@swiggy.com,F,40,7,Hyderabad,2024-09-27 00:00:00,NONE
1752,Diya Das,7635664785,diya.das1752@swiggy.com,M,18,5,Hyderabad,2023-10-06 00:00:00,NONE
1753,Ishaan Naidu,7297391141,ishaan.naidu1753@swiggy.com,M,22,6,Hyderabad,2023-10-24 00:00:00,ONE_LITE
1754,Kiran Das,8752292554,kiran.das1754@swiggy.com,F,36,8,Hyderabad,2024-02-06 00:00:00,ONE
1755,Ira Patel,6715526856,ira.patel1755@swiggy.com,M,39,10,Hyderabad,2025-11-01 00:00:00,NONE
1756,Aadhya Khan,9185140084,aadhya.khan1756@swiggy.com,M,33,7,Hyderabad,2025-08-21 00:00:00,NONE
1757,Saanvi Shetty,9926899083,saanvi.shetty1757@swiggy.com,F,23,7,Hyderabad,2025-09-28 00:00:00,ONE
1758,Krishna Patel,8993177416,krishna.patel1758@swiggy.com,F,18,5,Hyderabad,2024-04-19 00:00:00,NONE
1759,Anika Shetty,6827285475,anika.shetty1759@swiggy.com,O,18,3,Hyderabad,2023-10-23 00:00:00,NONE
1760,Varun Mehta,9282806149,varun.mehta1760@swiggy.com,F,18,10,Hyderabad,2024-02-21 00:00:00,ONE_LITE
1761,Myra Iyer,6464823609,myra.iyer1761@swiggy.com,M,35,5,Hyderabad,2024-04-26 00:00:00,ONE
1762,Aadhya Bose,9172670712,aadhya.bose1762@swiggy.com,M,44,2,Hyderabad,2025-06-07 00:00:00,NONE
1763,Saanvi Das,6626510572,saanvi.das1763@swiggy.com,M,27,5,Hyderabad,2025-04-21 00:00:00,NONE
1764,Sneha Das,6609904957,sneha.das1764@swiggy.com,F,35,1,Hyderabad,2025-09-16 00:00:00,ONE_PLUS
1765,Aarav Sharma,7698058441,aarav.sharma1765@swiggy.com,F,27,2,Hyderabad,2023-09-29 00:00:00,ONE_LITE
1766,Suresh Iyer,9219728932,suresh.iyer1766@swiggy.com,F,21,9,Hyderabad,2025-10-25 00:00:00,NONE
1767,Krishna Kulkarni,8004908909,krishna.kulkarni1767@swiggy.com,F,24,3,Hyderabad,2025-09-27 00:00:00,NONE
1768,Aditya Kulkarni,6070421753,aditya.kulkarni1768@swiggy.com,F,25,7,Hyderabad,2025-09-28 00:00:00,NONE
1769,Dhruv Rao,9195621846,dhruv.rao1769@swiggy.com,M,22,1,Hyderabad,2025-07-12 00:00:00,ONE_LITE
1770,Akash Singh,9769454246,akash.singh1770@swiggy.com,F,30,6,Hyderabad,2025-07-11 00:00:00,ONE_PLUS
1771,Neha Iyer,9946191522,neha.iyer1771@swiggy.com,F,34,4,Hyderabad,2024-05-09 00:00:00,NONE
1772,Aadhya Mehta,9029205463,aadhya.mehta1772@swiggy.com,F,20,3,Hyderabad,2025-07-29 00:00:00,NONE
1773,Reyansh Desai,7137430134,reyansh.desai1773@swiggy.com,F,37,7,Hyderabad,2024-05-15 00:00:00,ONE
1774,Myra Bose,7593325920,myra.bose1774@swiggy.com,M,32,2,Hyderabad,2023-12-04 00:00:00,NONE
1775,Anika Kulkarni,6499235881,anika.kulkarni1775@swiggy.com,F,43,6,Hyderabad,2025-08-11 00:00:00,NONE
1776,Arjun Nair,6164030002,arjun.nair1776@swiggy.com,M,23,2,Hyderabad,2024-08-18 00:00:00,ONE_LITE
1777,Pooja Khan,9936982757,pooja.khan1777@swiggy.com,M,18,5,Hyderabad,2025-08-06 00:00:00,NONE
1778,Aarav Das,6502974504,aarav.das1778@swiggy.com,F,25,2,Hyderabad,2025-11-22 00:00:00,NONE
1779,Suresh Patel,9371251525,suresh.patel1779@swiggy.com,M,38,4,Hyderabad,2024-07-02 00:00:00,ONE_PLUS
1780,Sneha Naidu,8365020726,sneha.naidu1780@swiggy.com,M,34,8,Hyderabad,2024-12-28 00:00:00,NONE
1781,Aadhya Patel,9930871999,aadhya.patel1781@swiggy.com,F,31,2,Hyderabad,2025-04-08 00:00:00,ONE
1782,Rahul Chowdhury,8909269349,rahul.chowdhury1782@swiggy.com,M,25,3,Hyderabad,2023-10-05 00:00:00,NONE
1783,Myra Chowdhury,8090081289,myra.chowdhury1783@swiggy.com,F,35,10,Hyderabad,2023-10-12 00:00:00,ONE
1784,Aditya Gowda,7817706257,aditya.gowda1784@swiggy.com,F,28,4,Hyderabad,2025-01-23 00:00:00,NONE
1785,Varun Naidu,9166923749,varun.naidu1785@swiggy.com,F,24,5,Hyderabad,2023-11-08 00:00:00,NONE
1786,Ishaan Rao,9608694998,ishaan.rao1786@swiggy.com,F,35,1,Hyderabad,2024-01-08 00:00:00,ONE
1787,Anika Reddy,7859975375,anika.reddy1787@swiggy.com,F,51,7,Hyderabad,2024-03-27 00:00:00,NONE
1788,Anika Reddy,6646631650,anika.reddy1788@swiggy.com,M,40,5,Hyderabad,2025-05-20 00:00:00,ONE_LITE
1789,Vivaan Nair,7424240314,vivaan.nair1789@swiggy.com,M,36,2,Hyderabad,2023-11-13 00:00:00,ONE_PLUS
1790,Rohit Pillai,9280365176,rohit.pillai1790@swiggy.com,F,31,4,Hyderabad,2024-09-25 00:00:00,ONE_LITE
1791,Riya Nair,7248818856,riya.nair1791@swiggy.com,F,29,3,Hyderabad,2024-02-11 00:00:00,NONE
1792,Arjun Jain,8257241132,arjun.jain1792@swiggy.com,F,18,4,Hyderabad,2023-10-28 00:00:00,NONE
1793,Vihaan Kulkarni,7329938531,vihaan.kulkarni1793@swiggy.com,F,19,7,Hyderabad,2024-03-23 00:00:00,NONE
1794,Myra Sharma,8926635398,myra.sharma1794@swiggy.com,M,29,3,Hyderabad,2024-11-15 00:00:00,ONE_LITE
1795,Meera Naidu,6229141860,meera.naidu1795@swiggy.com,F,22,6,Hyderabad,2024-02-11 00:00:00,ONE
1796,Saanvi Mehta,8680049116,saanvi.mehta1796@swiggy.com,M,30,3,Hyderabad,2025-08-18 00:00:00,ONE_LITE
1797,Varun Nair,6649021302,varun.nair1797@swiggy.com,F,30,10,Hyderabad,2025-05-31 00:00:00,ONE
1798,Sai Chowdhury,9378014605,sai.chowdhury1798@swiggy.com,F,33,4,Hyderabad,2024-04-06 00:00:00,NONE
1799,Aadhya Gowda,8446061530,aadhya.gowda1799@swiggy.com,F,22,4,Hyderabad,2025-04-25 00:00:00,NONE
1800,Pooja Kulkarni,6767073504,pooja.kulkarni1800@swiggy.com,F,30,3,Hyderabad,2025-05-23 00:00:00,NONE
1801,Varun Naidu,8073827036,varun.naidu1801@swiggy.com,M,27,10,Hyderabad,2023-08-19 00:00:00,ONE
1802,Meera Iyer,7327847127,meera.iyer1802@swiggy.com,M,26,8,Hyderabad,2023-09-19 00:00:00,ONE
1803,Riya Patel,9694440148,riya.patel1803@swiggy.com,M,18,4,Hyderabad,2024-01-04 00:00:00,ONE_LITE
1804,Arjun Reddy,8586406761,arjun.reddy1804@swiggy.com,M,41,7,Hyderabad,2025-09-20 00:00:00,ONE
1805,Rohit Patel,6459064431,rohit.patel1805@swiggy.com,M,36,4,Hyderabad,2025-09-18 00:00:00,ONE_LITE
1806,Saanvi Patel,7501852549,saanvi.patel1806@swiggy.com,F,33,4,Hyderabad,2023-12-28 00:00:00,NONE
1807,Dhruv Naidu,7109287275,dhruv.naidu1807@swiggy.com,M,19,2,Hyderabad,2025-09-03 00:00:00,ONE_LITE
1808,Kiran Iyer,8145683297,kiran.iyer1808@swiggy.com,F,27,3,Hyderabad,2025-03-23 00:00:00,ONE_LITE
1809,Reyansh Patel,6626458325,reyansh.patel1809@swiggy.com,M,35,9,Hyderabad,2023-11-28 00:00:00,NONE
1810,Vihaan Jain,9881424888,vihaan.jain1810@swiggy.com,M,30,1,Hyderabad,2025-08-23 00:00:00,NONE
1811,Neha Naidu,6129282933,neha.naidu1811@swiggy.com,M,20,6,Hyderabad,2025-09-23 00:00:00,ONE
1812,Saanvi Das,7555128231,saanvi.das1812@swiggy.com,F,18,7,Hyderabad,2024-03-09 00:00:00,ONE
1813,Rahul Naidu,7041535318,rahul.naidu1813@swiggy.com,M,54,5,Hyderabad,2024-10-07 00:00:00,NONE
1814,Nikhil Naidu,6871977652,nikhil.naidu1814@swiggy.com,F,27,1,Hyderabad,2024-09-22 00:00:00,NONE
1815,Aditya Naidu,9386917245,aditya.naidu1815@swiggy.com,M,27,5,Hyderabad,2025-07-09 00:00:00,NONE
1816,Akash Desai,6748382642,akash.desai1816@swiggy.com,M,26,1,Hyderabad,2025-02-07 00:00:00,ONE
1817,Arjun Iyer,7469912471,arjun.iyer1817@swiggy.com,M,34,10,Hyderabad,2024-06-03 00:00:00,NONE
1818,Kiran Jain,7094743421,kiran.jain1818@swiggy.com,M,18,1,Hyderabad,2024-04-25 00:00:00,ONE_LITE
1819,Krishna Reddy,9017188875,krishna.reddy1819@swiggy.com,F,18,9,Hyderabad,2024-09-17 00:00:00,NONE
1820,Arjun Nair,7782928639,arjun.nair1820@swiggy.com,M,23,9,Hyderabad,2025-02-26 00:00:00,NONE
1821,Kiran Pillai,6470203662,kiran.pillai1821@swiggy.com,M,42,9,Hyderabad,2025-06-10 00:00:00,ONE
1822,Arjun Reddy,7927081670,arjun.reddy1822@swiggy.com,F,26,7,Hyderabad,2024-03-24 00:00:00,NONE
1823,Aadhya Sharma,9082138786,aadhya.sharma1823@swiggy.com,F,32,10,Hyderabad,2025-04-21 00:00:00,NONE
1824,Krishna Chowdhury,9260023350,krishna.chowdhury1824@swiggy.com,F,27,9,Hyderabad,2025-10-09 00:00:00,NONE
1825,Ananya Gupta,9264430061,ananya.gupta1825@swiggy.com,F,28,4,Hyderabad,2023-07-28 00:00:00,NONE
1826,Akash Kulkarni,6218420908,akash.kulkarni1826@swiggy.com,M,28,7,Hyderabad,2024-06-17 00:00:00,NONE
1827,Varun Gowda,8410394791,varun.gowda1827@swiggy.com,F,29,2,Hyderabad,2024-10-09 00:00:00,NONE
1828,Saanvi Nair,6375610878,saanvi.nair1828@swiggy.com,F,32,10,Hyderabad,2024-04-22 00:00:00,ONE
1829,Krishna Desai,8260337529,krishna.desai1829@swiggy.com,F,37,6,Hyderabad,2024-05-27 00:00:00,NONE
1830,Rahul Bose,8236097306,rahul.bose1830@swiggy.com,M,19,4,Hyderabad,2024-04-14 00:00:00,NONE
1831,Reyansh Das,6562870731,reyansh.das1831@swiggy.com,O,35,9,Hyderabad,2023-08-17 00:00:00,NONE
1832,Saanvi Nair,6582368711,saanvi.nair1832@swiggy.com,M,35,8,Hyderabad,2025-05-28 00:00:00,NONE
1833,Dhruv Das,9905890991,dhruv.das1833@swiggy.com,M,42,9,Hyderabad,2024-11-13 00:00:00,NONE
1834,Myra Khan,8974991851,myra.khan1834@swiggy.com,M,24,1,Hyderabad,2024-02-12 00:00:00,NONE
1835,Suresh Singh,6170400872,suresh.singh1835@swiggy.com,M,36,3,Hyderabad,2023-12-19 00:00:00,NONE
1836,Rohit Mehta,6260748690,rohit.mehta1836@swiggy.com,F,28,4,Hyderabad,2025-01-29 00:00:00,ONE_LITE
1837,Akash Das,9654374744,akash.das1837@swiggy.com,M,24,10,Hyderabad,2023-07-27 00:00:00,NONE
1838,Riya Gowda,6522207198,riya.gowda1838@swiggy.com,M,34,5,Hyderabad,2025-10-17 00:00:00,NONE
1839,Diya Desai,8769185726,diya.desai1839@swiggy.com,F,40,3,Hyderabad,2024-01-07 00:00:00,ONE_LITE
1840,Aarav Desai,7420146193,aarav.desai1840@swiggy.com,M,51,1,Hyderabad,2024-08-15 00:00:00,NONE
1841,Aditya Nair,8400457689,aditya.nair1841@swiggy.com,M,37,2,Hyderabad,2025-10-14 00:00:00,NONE
1842,Sneha Pillai,8225240124,sneha.pillai1842@swiggy.com,F,38,10,Hyderabad,2024-08-18 00:00:00,NONE
1843,Pooja Jain,6285468621,pooja.jain1843@swiggy.com,M,23,10,Hyderabad,2025-08-26 00:00:00,NONE
1844,Saanvi Naidu,6415352899,saanvi.naidu1844@swiggy.com,M,18,4,Hyderabad,2025-08-26 00:00:00,NONE
1845,Arjun Mehta,9008615606,arjun.mehta1845@swiggy.com,F,31,8,Hyderabad,2024-01-12 00:00:00,NONE
1846,Aarav Kulkarni,9553218467,aarav.kulkarni1846@swiggy.com,F,25,7,Hyderabad,2023-09-11 00:00:00,NONE
1847,Ananya Das,8378209000,ananya.das1847@swiggy.com,F,18,4,Hyderabad,2025-04-01 00:00:00,NONE
1848,Ishaan Iyer,6578389169,ishaan.iyer1848@swiggy.com,M,32,10,Hyderabad,2024-04-04 00:00:00,NONE
1849,Reyansh Iyer,7597607022,reyansh.iyer1849@swiggy.com,M,23,6,Hyderabad,2023-12-13 00:00:00,ONE_LITE
1850,Ira Iyer,8735658116,ira.iyer1850@swiggy.com,M,38,8,Hyderabad,2024-09-26 00:00:00,NONE
1851,Aadhya Bose,7789788929,aadhya.bose1851@swiggy.com,F,22,9,Hyderabad,2025-09-20 00:00:00,ONE_LITE
1852,Aadhya Pillai,8670642459,aadhya.pillai1852@swiggy.com,F,34,2,Hyderabad,2025-10-21 00:00:00,NONE
1853,Anika Patel,7142973074,anika.patel1853@swiggy.com,M,23,2,Hyderabad,2024-05-05 00:00:00,NONE
1854,Saanvi Patel,6481582945,saanvi.patel1854@swiggy.com,F,44,8,Hyderabad,2024-09-16 00:00:00,ONE
1855,Aditya Nair,8445144855,aditya.nair1855@swiggy.com,F,22,6,Hyderabad,2025-11-02 00:00:00,NONE
1856,Rahul Nair,9993196856,rahul.nair1856@swiggy.com,M,19,4,Hyderabad,2024-08-26 00:00:00,NONE
1857,Anika Bose,8851364136,anika.bose1857@swiggy.com,M,18,8,Hyderabad,2025-02-02 00:00:00,NONE
1858,Dhruv Reddy,8937000791,dhruv.reddy1858@swiggy.com,F,19,8,Hyderabad,2024-11-03 00:00:00,ONE
1859,Varun Nair,7455919883,varun.nair1859@swiggy.com,M,20,8,Hyderabad,2025-08-08 00:00:00,NONE
1860,Meera Rao,9683406706,meera.rao1860@swiggy.com,F,26,2,Hyderabad,2024-05-29 00:00:00,ONE
1861,Riya Shetty,6583402011,riya.shetty1861@swiggy.com,M,32,5,Hyderabad,2025-02-24 00:00:00,NONE
1862,Suresh Naidu,7605802594,suresh.naidu1862@swiggy.com,F,22,2,Hyderabad,2025-08-15 00:00:00,NONE
1863,Arjun Shetty,8216860107,arjun.shetty1863@swiggy.com,M,37,10,Hyderabad,2024-12-10 00:00:00,ONE
1864,Krishna Reddy,8879642842,krishna.reddy1864@swiggy.com,M,31,8,Hyderabad,2024-02-12 00:00:00,ONE_LITE
1865,Kiran Kulkarni,6868739934,kiran.kulkarni1865@swiggy.com,F,42,5,Hyderabad,2025-11-02 00:00:00,NONE
1866,Vivaan Nair,6733923034,vivaan.nair1866@swiggy.com,F,41,8,Hyderabad,2025-03-11 00:00:00,ONE
1867,Rohit Das,7956857586,rohit.das1867@swiggy.com,M,44,9,Hyderabad,2024-05-27 00:00:00,ONE
1868,Meera Das,8882985206,meera.das1868@swiggy.com,F,32,6,Hyderabad,2024-01-27 00:00:00,ONE
1869,Aadhya Chowdhury,6056276762,aadhya.chowdhury1869@swiggy.com,F,25,8,Hyderabad,2024-07-31 00:00:00,NONE
1870,Ishaan Das,7800737375,ishaan.das1870@swiggy.com,M,32,5,Hyderabad,2025-01-24 00:00:00,NONE
1871,Diya Rao,8704297756,diya.rao1871@swiggy.com,M,39,9,Hyderabad,2025-02-25 00:00:00,NONE
1872,Akash Singh,8852736629,akash.singh1872@swiggy.com,F,18,8,Hyderabad,2025-04-09 00:00:00,ONE_LITE
1873,Arjun Kulkarni,7101609015,arjun.kulkarni1873@swiggy.com,M,30,2,Hyderabad,2024-09-22 00:00:00,ONE
1874,Ananya Khan,9142662248,ananya.khan1874@swiggy.com,M,41,5,Hyderabad,2025-04-27 00:00:00,ONE_PLUS
1875,Aditya Patel,9165284142,aditya.patel1875@swiggy.com,F,35,6,Hyderabad,2025-05-19 00:00:00,NONE
1876,Pooja Nair,8836545563,pooja.nair1876@swiggy.com,F,28,9,Hyderabad,2024-09-09 00:00:00,NONE
1877,Reyansh Das,9786530693,reyansh.das1877@swiggy.com,F,23,6,Hyderabad,2025-09-06 00:00:00,ONE_LITE
1878,Nikhil Khan,6694451422,nikhil.khan1878@swiggy.com,M,18,6,Hyderabad,2025-01-11 00:00:00,ONE
1879,Arjun Iyer,7834781481,arjun.iyer1879@swiggy.com,F,37,2,Hyderabad,2023-07-18 00:00:00,ONE
1880,Kiara Jain,9574159426,kiara.jain1880@swiggy.com,F,38,7,Hyderabad,2025-10-29 00:00:00,NONE
1881,Aarav Khan,7944037785,aarav.khan1881@swiggy.com,M,29,7,Hyderabad,2025-03-26 00:00:00,ONE
1882,Kiran Das,6289927855,kiran.das1882@swiggy.com,M,34,3,Hyderabad,2024-01-04 00:00:00,NONE
1883,Kiara Desai,9660384381,kiara.desai1883@swiggy.com,M,24,1,Hyderabad,2025-01-16 00:00:00,ONE_PLUS
1884,Suresh Khan,9213331613,suresh.khan1884@swiggy.com,M,27,3,Hyderabad,2023-09-15 00:00:00,ONE_LITE
1885,Suresh Mehta,7108224627,suresh.mehta1885@swiggy.com,M,43,10,Hyderabad,2025-11-03 00:00:00,ONE
1886,Rahul Shetty,6461015996,rahul.shetty1886@swiggy.com,M,29,1,Hyderabad,2023-12-26 00:00:00,NONE
1887,Ananya Iyer,6211460052,ananya.iyer1887@swiggy.com,M,42,7,Hyderabad,2023-09-18 00:00:00,NONE
1888,Sai Patel,8387464473,sai.patel1888@swiggy.com,F,31,10,Hyderabad,2025-06-21 00:00:00,NONE
1889,Rohit Rao,6063567312,rohit.rao1889@swiggy.com,M,32,10,Hyderabad,2024-06-19 00:00:00,ONE_LITE
1890,Aarav Shetty,9167555029,aarav.shetty1890@swiggy.com,F,28,6,Hyderabad,2025-10-06 00:00:00,ONE_LITE
1891,Sai Gowda,7543272672,sai.gowda1891@swiggy.com,M,31,6,Hyderabad,2025-10-02 00:00:00,ONE_LITE
1892,Kiran Rao,7207175002,kiran.rao1892@swiggy.com,M,51,7,Hyderabad,2023-12-27 00:00:00,NONE
1893,Arjun Rao,8083220510,arjun.rao1893@swiggy.com,M,28,9,Hyderabad,2024-01-17 00:00:00,NONE
1894,Rohit Pillai,8320517865,rohit.pillai1894@swiggy.com,M,35,4,Hyderabad,2024-05-28 00:00:00,NONE
1895,Ira Reddy,8566679764,ira.reddy1895@swiggy.com,F,36,7,Hyderabad,2025-04-14 00:00:00,NONE
1896,Kiran Mehta,6410306004,kiran.mehta1896@swiggy.com,F,58,9,Hyderabad,2024-03-31 00:00:00,NONE
1897,Vihaan Das,8237768314,vihaan.das1897@swiggy.com,M,18,1,Hyderabad,2024-08-17 00:00:00,NONE
1898,Aditya Patel,9673236133,aditya.patel1898@swiggy.com,F,27,9,Hyderabad,2024-11-12 00:00:00,NONE
1899,Sai Rao,6424617541,sai.rao1899@swiggy.com,F,23,2,Hyderabad,2024-03-23 00:00:00,ONE_LITE
1900,Anika Desai,6177375934,anika.desai1900@swiggy.com,F,28,7,Hyderabad,2025-03-26 00:00:00,NONE
1901,Krishna Pillai,6780726796,krishna.pillai1901@swiggy.com,F,30,8,Hyderabad,2025-08-19 00:00:00,ONE_LITE
1902,Dhruv Nair,6147091840,dhruv.nair1902@swiggy.com,F,27,2,Hyderabad,2025-01-22 00:00:00,NONE
1903,Rahul Patel,7151354844,rahul.patel1903@swiggy.com,F,18,5,Hyderabad,2025-06-02 00:00:00,ONE
1904,Ananya Nair,6599257205,ananya.nair1904@swiggy.com,F,48,5,Hyderabad,2024-10-26 00:00:00,ONE
1905,Riya Khan,6760397199,riya.khan1905@swiggy.com,M,28,8,Hyderabad,2023-12-29 00:00:00,NONE
1906,Rohit Shetty,6935202391,rohit.shetty1906@swiggy.com,F,18,10,Hyderabad,2025-08-03 00:00:00,NONE
1907,Meera Rao,8114505459,meera.rao1907@swiggy.com,M,41,2,Hyderabad,2025-09-05 00:00:00,NONE
1908,Vivaan Singh,7657852585,vivaan.singh1908@swiggy.com,M,30,7,Hyderabad,2024-01-30 00:00:00,ONE_LITE
1909,Riya Sharma,7181128793,riya.sharma1909@swiggy.com,F,36,8,Hyderabad,2024-02-27 00:00:00,ONE
1910,Riya Pillai,9980028883,riya.pillai1910@swiggy.com,F,34,2,Hyderabad,2024-05-10 00:00:00,ONE_PLUS
1911,Ira Gupta,9149841844,ira.gupta1911@swiggy.com,F,49,4,Hyderabad,2025-08-23 00:00:00,ONE_LITE
1912,Ira Gupta,6950828768,ira.gupta1912@swiggy.com,F,23,5,Hyderabad,2024-03-14 00:00:00,ONE_LITE
1913,Kiara Shetty,9128444161,kiara.shetty1913@swiggy.com,F,28,1,Hyderabad,2024-10-22 00:00:00,NONE
1914,Neha Gupta,6982483570,neha.gupta1914@swiggy.com,F,22,7,Hyderabad,2025-04-14 00:00:00,ONE
1915,Vivaan Khan,6667375349,vivaan.khan1915@swiggy.com,M,18,10,Hyderabad,2023-07-27 00:00:00,ONE_PLUS
1916,Riya Bose,9189261393,riya.bose1916@swiggy.com,F,29,4,Hyderabad,2024-01-01 00:00:00,NONE
1917,Reyansh Iyer,8380799244,reyansh.iyer1917@swiggy.com,F,33,8,Hyderabad,2023-08-22 00:00:00,ONE_LITE
1918,Pooja Shetty,8406352287,pooja.shetty1918@swiggy.com,F,27,3,Hyderabad,2025-08-11 00:00:00,NONE
1919,Ananya Khan,9320288557,ananya.khan1919@swiggy.com,M,36,9,Hyderabad,2025-03-15 00:00:00,NONE
1920,Rahul Bose,6638546909,rahul.bose1920@swiggy.com,M,30,10,Hyderabad,2025-10-11 00:00:00,NONE
1921,Sneha Shetty,9468399450,sneha.shetty1921@swiggy.com,M,26,10,Hyderabad,2024-03-18 00:00:00,ONE
1922,Riya Singh,8944142209,riya.singh1922@swiggy.com,F,18,4,Hyderabad,2025-04-21 00:00:00,NONE
1923,Rahul Shetty,8790688284,rahul.shetty1923@swiggy.com,M,29,5,Hyderabad,2025-07-15 00:00:00,ONE
1924,Suresh Khan,6390563229,suresh.khan1924@swiggy.com,M,32,4,Hyderabad,2025-05-22 00:00:00,NONE
1925,Rohit Reddy,8628363479,rohit.reddy1925@swiggy.com,M,35,5,Hyderabad,2025-06-21 00:00:00,NONE
1926,Suresh Chowdhury,6694265141,suresh.chowdhury1926@swiggy.com,F,18,2,Hyderabad,2024-01-13 00:00:00,ONE_LITE
1927,Kiran Iyer,8438189665,kiran.iyer1927@swiggy.com,M,33,9,Hyderabad,2024-03-03 00:00:00,ONE
1928,Sneha Iyer,9013615909,sneha.iyer1928@swiggy.com,M,43,3,Hyderabad,2024-10-29 00:00:00,ONE_LITE
1929,Diya Nair,6594113235,diya.nair1929@swiggy.com,F,38,4,Hyderabad,2024-07-24 00:00:00,NONE
1930,Aditya Pillai,8606271682,aditya.pillai1930@swiggy.com,M,50,2,Hyderabad,2023-07-27 00:00:00,ONE_PLUS
1931,Rohit Shetty,8218652223,rohit.shetty1931@swiggy.com,F,18,7,Hyderabad,2024-09-19 00:00:00,NONE
1932,Ira Gowda,7757322719,ira.gowda1932@swiggy.com,M,23,9,Hyderabad,2024-11-02 00:00:00,ONE
1933,Ananya Kulkarni,9428081759,ananya.kulkarni1933@swiggy.com,M,28,3,Hyderabad,2024-05-09 00:00:00,ONE_LITE
1934,Riya Desai,7898824984,riya.desai1934@swiggy.com,F,26,9,Hyderabad,2023-08-24 00:00:00,NONE
1935,Ananya Gowda,9843215205,ananya.gowda1935@swiggy.com,M,23,6,Hyderabad,2025-04-27 00:00:00,ONE
1936,Reyansh Naidu,6222766544,reyansh.naidu1936@swiggy.com,F,30,10,Hyderabad,2024-12-14 00:00:00,ONE
1937,Anika Jain,6074868840,anika.jain1937@swiggy.com,F,32,9,Hyderabad,2024-03-12 00:00:00,ONE_LITE
1938,Myra Iyer,9077297913,myra.iyer1938@swiggy.com,F,30,5,Hyderabad,2024-03-01 00:00:00,ONE_LITE
1939,Ira Kulkarni,9607400425,ira.kulkarni1939@swiggy.com,M,20,6,Hyderabad,2024-09-25 00:00:00,NONE
1940,Dhruv Gupta,7664509939,dhruv.gupta1940@swiggy.com,M,30,3,Hyderabad,2025-05-02 00:00:00,ONE_LITE
1941,Ira Das,8431799744,ira.das1941@swiggy.com,M,29,6,Hyderabad,2023-09-19 00:00:00,ONE_LITE
1942,Sai Kulkarni,6198396237,sai.kulkarni1942@swiggy.com,M,18,9,Hyderabad,2024-04-05 00:00:00,ONE_PLUS
1943,Suresh Shetty,6839047522,suresh.shetty1943@swiggy.com,F,18,8,Hyderabad,2024-09-15 00:00:00,NONE
1944,Sneha Sharma,6152707815,sneha.sharma1944@swiggy.com,M,37,7,Hyderabad,2024-05-04 00:00:00,NONE
1945,Ananya Iyer,8029818745,ananya.iyer1945@swiggy.com,M,27,7,Hyderabad,2024-03-22 00:00:00,ONE_PLUS
1946,Varun Gupta,6319723262,varun.gupta1946@swiggy.com,F,29,8,Hyderabad,2025-10-09 00:00:00,NONE
1947,Riya Nair,8256124448,riya.nair1947@swiggy.com,M,27,9,Hyderabad,2023-09-20 00:00:00,NONE
1948,Varun Khan,9838481412,varun.khan1948@swiggy.com,F,29,1,Hyderabad,2024-08-25 00:00:00,NONE
1949,Meera Kulkarni,9595844798,meera.kulkarni1949@swiggy.com,F,33,7,Hyderabad,2024-08-29 00:00:00,ONE
1950,Rohit Mehta,8987131778,rohit.mehta1950@swiggy.com,F,37,10,Hyderabad,2025-02-21 00:00:00,NONE
1951,Neha Khan,6344080843,neha.khan1951@swiggy.com,F,18,1,Hyderabad,2023-10-18 00:00:00,ONE
1952,Myra Desai,8207762600,myra.desai1952@swiggy.com,F,30,5,Hyderabad,2024-03-26 00:00:00,ONE
1953,Sneha Jain,9733522229,sneha.jain1953@swiggy.com,M,23,1,Hyderabad,2024-04-22 00:00:00,ONE_PLUS
1954,Rohit Das,7299814969,rohit.das1954@swiggy.com,M,24,6,Hyderabad,2024-01-27 00:00:00,ONE
1955,Reyansh Rao,9850023968,reyansh.rao1955@swiggy.com,O,39,1,Hyderabad,2025-10-21 00:00:00,NONE
1956,Riya Gowda,6890185749,riya.gowda1956@swiggy.com,F,26,2,Hyderabad,2025-09-08 00:00:00,ONE_LITE
1957,Aditya Mehta,7440665624,aditya.mehta1957@swiggy.com,M,28,7,Hyderabad,2024-09-17 00:00:00,ONE
1958,Diya Nair,8703149506,diya.nair1958@swiggy.com,F,28,10,Hyderabad,2024-10-02 00:00:00,ONE_LITE
1959,Kiran Shetty,8601749838,kiran.shetty1959@swiggy.com,F,34,2,Hyderabad,2025-02-18 00:00:00,NONE
1960,Meera Das,8900085333,meera.das1960@swiggy.com,M,25,4,Hyderabad,2024-02-28 00:00:00,ONE_PLUS
1961,Meera Bose,9275148803,meera.bose1961@swiggy.com,M,31,4,Hyderabad,2025-04-23 00:00:00,NONE
1962,Vihaan Reddy,8925689576,vihaan.reddy1962@swiggy.com,M,56,5,Hyderabad,2025-02-12 00:00:00,NONE
1963,Dhruv Singh,6329906033,dhruv.singh1963@swiggy.com,F,29,7,Hyderabad,2024-09-30 00:00:00,NONE
1964,Nikhil Kulkarni,9399731153,nikhil.kulkarni1964@swiggy.com,F,30,5,Hyderabad,2024-09-25 00:00:00,ONE
1965,Riya Sharma,7769995335,riya.sharma1965@swiggy.com,M,23,10,Hyderabad,2023-08-24 00:00:00,NONE
1966,Myra Desai,8228537557,myra.desai1966@swiggy.com,F,19,2,Hyderabad,2024-11-07 00:00:00,NONE
1967,Vivaan Gupta,9881168316,vivaan.gupta1967@swiggy.com,M,34,1,Hyderabad,2023-11-09 00:00:00,NONE
1968,Myra Khan,9871034100,myra.khan1968@swiggy.com,M,46,6,Hyderabad,2024-04-18 00:00:00,NONE
1969,Krishna Khan,9363893003,krishna.khan1969@swiggy.com,M,31,7,Hyderabad,2025-08-29 00:00:00,ONE_LITE
1970,Myra Pillai,9600973563,myra.pillai1970@swiggy.com,M,25,1,Hyderabad,2024-08-24 00:00:00,ONE
1971,Suresh Das,8739377151,suresh.das1971@swiggy.com,F,26,8,Hyderabad,2024-10-07 00:00:00,NONE
1972,Reyansh Kulkarni,8030671416,reyansh.kulkarni1972@swiggy.com,M,31,10,Hyderabad,2024-03-25 00:00:00,ONE_LITE
1973,Diya Gowda,9088876128,diya.gowda1973@swiggy.com,M,35,7,Hyderabad,2024-02-10 00:00:00,NONE
1974,Meera Naidu,6891083617,meera.naidu1974@swiggy.com,M,24,2,Hyderabad,2024-10-09 00:00:00,NONE
1975,Nikhil Nair,8012590032,nikhil.nair1975@swiggy.com,F,22,10,Hyderabad,2024-04-24 00:00:00,NONE
1976,Arjun Naidu,6021064856,arjun.naidu1976@swiggy.com,M,38,6,Hyderabad,2024-07-11 00:00:00,NONE
1977,Neha Gupta,6913217065,neha.gupta1977@swiggy.com,F,51,3,Hyderabad,2025-03-12 00:00:00,ONE
1978,Akash Naidu,6032078243,akash.naidu1978@swiggy.com,F,37,1,Hyderabad,2023-12-05 00:00:00,NONE
1979,Reyansh Rao,6663708695,reyansh.rao1979@swiggy.com,M,30,5,Hyderabad,2024-07-27 00:00:00,NONE
1980,Diya Jain,8093841545,diya.jain1980@swiggy.com,M,20,6,Hyderabad,2024-09-07 00:00:00,ONE
1981,Suresh Nair,7499622606,suresh.nair1981@swiggy.com,F,32,9,Hyderabad,2024-08-31 00:00:00,ONE
1982,Anika Reddy,9978502827,anika.reddy1982@swiggy.com,M,25,3,Hyderabad,2023-07-18 00:00:00,NONE
1983,Anika Gowda,9203778577,anika.gowda1983@swiggy.com,F,27,2,Hyderabad,2023-10-18 00:00:00,NONE
1984,Sai Bose,7357287924,sai.bose1984@swiggy.com,F,21,4,Hyderabad,2024-05-03 00:00:00,NONE
1985,Anika Desai,9942057174,anika.desai1985@swiggy.com,M,35,9,Hyderabad,2025-03-27 00:00:00,ONE
1986,Sneha Chowdhury,6857836183,sneha.chowdhury1986@swiggy.com,F,38,9,Hyderabad,2025-03-11 00:00:00,ONE_LITE
1987,Sai Shetty,8797122245,sai.shetty1987@swiggy.com,M,32,9,Hyderabad,2024-01-18 00:00:00,NONE
1988,Meera Mehta,6444092829,meera.mehta1988@swiggy.com,M,48,6,Hyderabad,2024-09-16 00:00:00,ONE_LITE
1989,Ananya Bose,6303293373,ananya.bose1989@swiggy.com,F,29,5,Hyderabad,2024-04-18 00:00:00,ONE
1990,Kiran Gowda,6279067256,kiran.gowda1990@swiggy.com,F,22,3,Hyderabad,2024-06-30 00:00:00,ONE
1991,Myra Kulkarni,9867643247,myra.kulkarni1991@swiggy.com,F,24,3,Hyderabad,2024-09-15 00:00:00,NONE
1992,Aadhya Das,7864527909,aadhya.das1992@swiggy.com,F,18,2,Hyderabad,2023-10-04 00:00:00,ONE
1993,Kiara Shetty,9831073461,kiara.shetty1993@swiggy.com,F,21,6,Hyderabad,2023-11-04 00:00:00,ONE_LITE
1994,Arjun Chowdhury,7772764406,arjun.chowdhury1994@swiggy.com,M,25,5,Hyderabad,2025-07-02 00:00:00,NONE
1995,Rahul Sharma,9889271308,rahul.sharma1995@swiggy.com,M,26,5,Hyderabad,2024-09-07 00:00:00,NONE
1996,Myra Khan,7754713240,myra.khan1996@swiggy.com,M,23,6,Hyderabad,2025-04-17 00:00:00,ONE_LITE
1997,Arjun Nair,9648984740,arjun.nair1997@swiggy.com,F,32,4,Hyderabad,2024-04-07 00:00:00,NONE
1998,Krishna Nair,7605159479,krishna.nair1998@swiggy.com,F,33,6,Hyderabad,2023-10-22 00:00:00,NONE
1999,Kiara Desai,9108338782,kiara.desai1999@swiggy.com,M,39,3,Hyderabad,2023-08-28 00:00:00,NONE
2000,Rohit Singh,6331934263,rohit.singh2000@swiggy.com,M,25,4,Hyderabad,2025-11-07 00:00:00,NONE
2001,Dhruv Nair,9468880755,dhruv.nair2001@swiggy.com,F,18,9,Hyderabad,2025-02-27 00:00:00,NONE
2002,Kiara Iyer,6431620373,kiara.iyer2002@swiggy.com,F,36,2,Hyderabad,2024-03-16 00:00:00,ONE_LITE
2003,Akash Jain,8562735243,akash.jain2003@swiggy.com,M,26,2,Hyderabad,2024-09-14 00:00:00,ONE_LITE
2004,Varun Sharma,6037272827,varun.sharma2004@swiggy.com,M,37,6,Hyderabad,2024-04-10 00:00:00,ONE_LITE
2005,Rohit Singh,9345978268,rohit.singh2005@swiggy.com,M,23,9,Hyderabad,2024-08-02 00:00:00,NONE
2006,Kiran Khan,7833410013,kiran.khan2006@swiggy.com,M,30,8,Hyderabad,2024-10-09 00:00:00,ONE
2007,Myra Khan,7626866419,myra.khan2007@swiggy.com,F,44,5,Hyderabad,2024-08-11 00:00:00,ONE_LITE
2008,Ananya Nair,7136740583,ananya.nair2008@swiggy.com,M,33,8,Hyderabad,2024-07-03 00:00:00,ONE_LITE
2009,Rohit Kulkarni,8213358659,rohit.kulkarni2009@swiggy.com,M,44,4,Hyderabad,2024-03-03 00:00:00,ONE
2010,Suresh Gowda,7835641859,suresh.gowda2010@swiggy.com,M,34,6,Hyderabad,2024-07-18 00:00:00,NONE
2011,Krishna Das,8276930014,krishna.das2011@swiggy.com,F,30,2,Hyderabad,2023-09-24 00:00:00,NONE
2012,Rahul Patel,7745786913,rahul.patel2012@swiggy.com,F,36,10,Hyderabad,2024-08-29 00:00:00,ONE_LITE
2013,Ananya Sharma,8427410630,ananya.sharma2013@swiggy.com,M,37,6,Hyderabad,2024-04-21 00:00:00,NONE
2014,Riya Reddy,9740356544,riya.reddy2014@swiggy.com,M,34,8,Hyderabad,2024-12-06 00:00:00,ONE
2015,Kiara Kulkarni,7637175767,kiara.kulkarni2015@swiggy.com,M,23,10,Hyderabad,2025-05-29 00:00:00,NONE
2016,Myra Nair,8314936354,myra.nair2016@swiggy.com,M,21,10,Hyderabad,2024-09-19 00:00:00,ONE
2017,Myra Naidu,8527923110,myra.naidu2017@swiggy.com,M,22,8,Hyderabad,2025-09-29 00:00:00,ONE
2018,Vivaan Gowda,6934364893,vivaan.gowda2018@swiggy.com,M,31,5,Hyderabad,2025-05-17 00:00:00,NONE
2019,Myra Iyer,7507880047,myra.iyer2019@swiggy.com,F,18,10,Hyderabad,2024-09-30 00:00:00,ONE_PLUS
2020,Rahul Das,7518593962,rahul.das2020@swiggy.com,M,28,6,Hyderabad,2023-09-27 00:00:00,ONE
2021,Anika Jain,9157391869,anika.jain2021@swiggy.com,F,39,8,Hyderabad,2023-08-21 00:00:00,NONE
2022,Reyansh Shetty,7880146598,reyansh.shetty2022@swiggy.com,O,31,3,Hyderabad,2025-09-11 00:00:00,NONE
2023,Diya Kulkarni,6962971632,diya.kulkarni2023@swiggy.com,M,34,10,Hyderabad,2025-01-18 00:00:00,ONE_LITE
2024,Kiara Patel,7034503056,kiara.patel2024@swiggy.com,M,18,2,Hyderabad,2025-08-07 00:00:00,NONE
2025,Kiran Bose,8494307240,kiran.bose2025@swiggy.com,M,32,9,Hyderabad,2025-08-17 00:00:00,NONE
2026,Arjun Shetty,9925139814,arjun.shetty2026@swiggy.com,M,40,7,Hyderabad,2024-01-11 00:00:00,ONE_PLUS
2027,Akash Nair,9158329059,akash.nair2027@swiggy.com,M,25,9,Hyderabad,2025-04-29 00:00:00,NONE
2028,Vihaan Pillai,8737346604,vihaan.pillai2028@swiggy.com,F,22,8,Hyderabad,2024-09-08 00:00:00,ONE
2029,Arjun Sharma,7583025822,arjun.sharma2029@swiggy.com,M,26,2,Hyderabad,2024-07-05 00:00:00,ONE_PLUS
2030,Sneha Mehta,7724250076,sneha.mehta2030@swiggy.com,F,36,3,Hyderabad,2024-10-27 00:00:00,NONE
2031,Rohit Reddy,6727057402,rohit.reddy2031@swiggy.com,M,18,4,Hyderabad,2024-03-14 00:00:00,ONE_LITE
2032,Rohit Patel,6610850355,rohit.patel2032@swiggy.com,M,24,6,Hyderabad,2023-08-17 00:00:00,ONE_LITE
2033,Myra Jain,8132563189,myra.jain2033@swiggy.com,M,27,8,Hyderabad,2025-11-16 00:00:00,ONE_PLUS
2034,Aarav Naidu,8159074751,aarav.naidu2034@swiggy.com,M,18,7,Hyderabad,2023-09-05 00:00:00,NONE
2035,Krishna Desai,8781860328,krishna.desai2035@swiggy.com,F,31,10,Hyderabad,2025-04-04 00:00:00,ONE_LITE
2036,Dhruv Kulkarni,7326301008,dhruv.kulkarni2036@swiggy.com,M,40,2,Hyderabad,2024-07-24 00:00:00,ONE
2037,Akash Pillai,8153954593,akash.pillai2037@swiggy.com,M,18,2,Hyderabad,2025-06-26 00:00:00,NONE
2038,Vihaan Singh,6040044050,vihaan.singh2038@swiggy.com,M,27,10,Hyderabad,2024-08-20 00:00:00,ONE_PLUS
2039,Diya Reddy,7035265323,diya.reddy2039@swiggy.com,F,28,5,Hyderabad,2023-12-13 00:00:00,NONE
2040,Nikhil Pillai,6744680239,nikhil.pillai2040@swiggy.com,F,18,5,Hyderabad,2025-08-01 00:00:00,NONE
2041,Kiran Rao,8864221548,kiran.rao2041@swiggy.com,M,18,10,Hyderabad,2023-09-01 00:00:00,ONE_LITE
2042,Akash Singh,7937325038,akash.singh2042@swiggy.com,M,19,8,Hyderabad,2024-12-21 00:00:00,ONE
2043,Neha Gupta,9593881058,neha.gupta2043@swiggy.com,F,20,8,Hyderabad,2023-11-16 00:00:00,NONE
2044,Anika Mehta,6411494342,anika.mehta2044@swiggy.com,F,29,6,Hyderabad,2023-08-13 00:00:00,NONE
2045,Ananya Rao,8571352396,ananya.rao2045@swiggy.com,F,53,6,Hyderabad,2024-09-25 00:00:00,ONE
2046,Aarav Gowda,7938704771,aarav.gowda2046@swiggy.com,F,18,4,Hyderabad,2024-04-13 00:00:00,ONE_PLUS
2047,Krishna Chowdhury,8974688843,krishna.chowdhury2047@swiggy.com,F,24,7,Hyderabad,2025-09-19 00:00:00,NONE
2048,Rahul Gupta,6124177460,rahul.gupta2048@swiggy.com,M,24,1,Hyderabad,2023-10-14 00:00:00,ONE_LITE
2049,Ishaan Desai,9151605992,ishaan.desai2049@swiggy.com,M,37,8,Hyderabad,2023-10-12 00:00:00,ONE
2050,Krishna Khan,9725220470,krishna.khan2050@swiggy.com,M,30,3,Hyderabad,2025-04-04 00:00:00,ONE
2051,Reyansh Khan,9331353750,reyansh.khan2051@swiggy.com,F,18,7,Hyderabad,2024-04-27 00:00:00,NONE
2052,Ishaan Singh,9039285249,ishaan.singh2052@swiggy.com,M,18,9,Hyderabad,2024-12-11 00:00:00,ONE_LITE
2053,Vihaan Bose,9239950247,vihaan.bose2053@swiggy.com,F,30,4,Hyderabad,2025-08-10 00:00:00,NONE
2054,Aadhya Kulkarni,9489564360,aadhya.kulkarni2054@swiggy.com,M,31,5,Hyderabad,2025-07-15 00:00:00,NONE
2055,Sai Patel,8890867344,sai.patel2055@swiggy.com,M,32,10,Hyderabad,2025-07-17 00:00:00,ONE_LITE
2056,Nikhil Bose,8545495270,nikhil.bose2056@swiggy.com,F,36,4,Hyderabad,2024-03-31 00:00:00,NONE
2057,Dhruv Bose,7718463342,dhruv.bose2057@swiggy.com,M,18,3,Hyderabad,2023-08-26 00:00:00,ONE_PLUS
2058,Meera Chowdhury,9400053610,meera.chowdhury2058@swiggy.com,M,32,3,Hyderabad,2024-05-22 00:00:00,NONE
2059,Kiran Reddy,9742902418,kiran.reddy2059@swiggy.com,F,22,3,Hyderabad,2023-11-10 00:00:00,ONE_LITE
2060,Sneha Jain,6483773464,sneha.jain2060@swiggy.com,M,30,2,Hyderabad,2025-10-02 00:00:00,ONE_LITE
2061,Pooja Sharma,8834937982,pooja.sharma2061@swiggy.com,M,25,5,Hyderabad,2025-06-06 00:00:00,ONE
2062,Kiara Singh,8962564783,kiara.singh2062@swiggy.com,M,25,10,Hyderabad,2024-11-11 00:00:00,ONE
2063,Ishaan Naidu,6426376400,ishaan.naidu2063@swiggy.com,M,26,10,Hyderabad,2025-06-23 00:00:00,ONE
2064,Ira Singh,6601011557,ira.singh2064@swiggy.com,F,18,2,Hyderabad,2024-04-27 00:00:00,ONE
2065,Ishaan Naidu,6885875551,ishaan.naidu2065@swiggy.com,M,30,3,Hyderabad,2025-03-29 00:00:00,NONE
2066,Akash Desai,7808860699,akash.desai2066@swiggy.com,F,19,9,Hyderabad,2024-02-20 00:00:00,NONE
2067,Pooja Rao,7617315424,pooja.rao2067@swiggy.com,M,38,8,Hyderabad,2024-12-20 00:00:00,ONE
2068,Aadhya Gowda,9556169997,aadhya.gowda2068@swiggy.com,M,29,7,Hyderabad,2025-07-17 00:00:00,ONE
2069,Akash Das,6482136338,akash.das2069@swiggy.com,M,23,4,Hyderabad,2023-10-12 00:00:00,NONE
2070,Sai Gowda,6319782560,sai.gowda2070@swiggy.com,F,24,9,Hyderabad,2024-07-08 00:00:00,NONE
2071,Akash Bose,9729661489,akash.bose2071@swiggy.com,M,36,3,Hyderabad,2024-03-09 00:00:00,NONE
2072,Vivaan Bose,7006441846,vivaan.bose2072@swiggy.com,M,24,1,Hyderabad,2023-11-20 00:00:00,ONE
2073,Aadhya Jain,8927250996,aadhya.jain2073@swiggy.com,F,24,3,Hyderabad,2025-07-22 00:00:00,NONE
2074,Rohit Kulkarni,8417711304,rohit.kulkarni2074@swiggy.com,M,24,1,Hyderabad,2025-08-17 00:00:00,NONE
2075,Anika Reddy,9651629692,anika.reddy2075@swiggy.com,F,18,6,Hyderabad,2024-09-22 00:00:00,NONE
2076,Sai Bose,8896344677,sai.bose2076@swiggy.com,M,45,5,Hyderabad,2025-06-13 00:00:00,ONE
2077,Ishaan Gowda,9717137230,ishaan.gowda2077@swiggy.com,F,26,2,Hyderabad,2024-12-01 00:00:00,NONE
2078,Riya Bose,9576484863,riya.bose2078@swiggy.com,F,30,4,Hyderabad,2025-07-04 00:00:00,NONE
2079,Saanvi Khan,7360912441,saanvi.khan2079@swiggy.com,F,24,8,Hyderabad,2024-06-30 00:00:00,ONE_LITE
2080,Ira Rao,7825632552,ira.rao2080@swiggy.com,M,27,1,Hyderabad,2023-11-06 00:00:00,NONE
2081,Nikhil Bose,8761463188,nikhil.bose2081@swiggy.com,M,39,4,Hyderabad,2023-11-01 00:00:00,ONE
2082,Ishaan Reddy,6236821238,ishaan.reddy2082@swiggy.com,M,23,2,Hyderabad,2025-04-15 00:00:00,NONE
2083,Nikhil Singh,7053740209,nikhil.singh2083@swiggy.com,F,27,3,Hyderabad,2025-01-31 00:00:00,ONE
2084,Arjun Khan,8384093805,arjun.khan2084@swiggy.com,F,31,7,Hyderabad,2025-10-09 00:00:00,ONE_LITE
2085,Kiran Sharma,7188693051,kiran.sharma2085@swiggy.com,M,28,5,Hyderabad,2024-02-17 00:00:00,NONE
2086,Arjun Kulkarni,8589700299,arjun.kulkarni2086@swiggy.com,M,44,6,Hyderabad,2025-08-30 00:00:00,NONE
2087,Aadhya Khan,7627074347,aadhya.khan2087@swiggy.com,M,47,6,Hyderabad,2025-11-06 00:00:00,ONE
2088,Vihaan Nair,6715694071,vihaan.nair2088@swiggy.com,F,34,6,Hyderabad,2024-07-07 00:00:00,ONE_LITE
2089,Sneha Iyer,7872180400,sneha.iyer2089@swiggy.com,M,31,7,Hyderabad,2025-07-13 00:00:00,NONE
2090,Ananya Gowda,6536540129,ananya.gowda2090@swiggy.com,M,33,3,Hyderabad,2025-10-02 00:00:00,NONE
2091,Vivaan Bose,9102778754,vivaan.bose2091@swiggy.com,M,26,1,Hyderabad,2024-06-28 00:00:00,ONE
2092,Kiara Pillai,9522931951,kiara.pillai2092@swiggy.com,F,48,9,Hyderabad,2024-06-08 00:00:00,NONE
2093,Kiran Pillai,7083459663,kiran.pillai2093@swiggy.com,M,18,9,Hyderabad,2024-07-31 00:00:00,NONE
2094,Meera Pillai,8310414879,meera.pillai2094@swiggy.com,F,44,7,Hyderabad,2023-10-13 00:00:00,ONE_LITE
2095,Rohit Mehta,6112405770,rohit.mehta2095@swiggy.com,M,31,2,Hyderabad,2024-01-08 00:00:00,ONE
2096,Vivaan Nair,6955651296,vivaan.nair2096@swiggy.com,F,18,9,Hyderabad,2025-04-14 00:00:00,ONE
2097,Myra Iyer,7320457405,myra.iyer2097@swiggy.com,M,20,4,Hyderabad,2024-10-02 00:00:00,ONE
2098,Aditya Das,7306782390,aditya.das2098@swiggy.com,M,18,8,Hyderabad,2025-08-16 00:00:00,NONE
2099,Rahul Rao,8517159472,rahul.rao2099@swiggy.com,M,27,1,Hyderabad,2024-02-26 00:00:00,ONE
2100,Saanvi Singh,8023645143,saanvi.singh2100@swiggy.com,F,28,8,Hyderabad,2023-12-08 00:00:00,ONE
2101,Rohit Naidu,9816138300,rohit.naidu2101@swiggy.com,F,40,9,Hyderabad,2024-07-23 00:00:00,ONE_LITE
2102,Anika Sharma,9655284454,anika.sharma2102@swiggy.com,M,18,6,Hyderabad,2025-01-29 00:00:00,NONE
2103,Vihaan Nair,8077226052,vihaan.nair2103@swiggy.com,F,18,5,Hyderabad,2024-11-06 00:00:00,ONE
2104,Riya Mehta,8949245949,riya.mehta2104@swiggy.com,M,18,6,Hyderabad,2025-06-19 00:00:00,NONE
2105,Diya Naidu,6635713434,diya.naidu2105@swiggy.com,M,36,7,Hyderabad,2023-10-17 00:00:00,NONE
2106,Arjun Khan,9182374891,arjun.khan2106@swiggy.com,M,24,1,Hyderabad,2025-06-11 00:00:00,NONE
2107,Aadhya Chowdhury,9815675934,aadhya.chowdhury2107@swiggy.com,F,28,2,Hyderabad,2024-01-22 00:00:00,NONE
2108,Kiran Pillai,9821522605,kiran.pillai2108@swiggy.com,F,29,7,Hyderabad,2025-10-14 00:00:00,NONE
2109,Aditya Kulkarni,8468882301,aditya.kulkarni2109@swiggy.com,F,28,4,Hyderabad,2024-09-27 00:00:00,ONE_LITE
2110,Meera Naidu,7581082032,meera.naidu2110@swiggy.com,F,52,5,Hyderabad,2023-12-18 00:00:00,NONE
2111,Pooja Patel,9633512176,pooja.patel2111@swiggy.com,M,18,2,Hyderabad,2023-07-24 00:00:00,NONE
2112,Diya Iyer,9297857888,diya.iyer2112@swiggy.com,F,38,7,Hyderabad,2025-11-21 00:00:00,ONE_LITE
2113,Suresh Kulkarni,6961345620,suresh.kulkarni2113@swiggy.com,F,26,10,Hyderabad,2025-07-22 00:00:00,NONE
2114,Reyansh Iyer,7075188639,reyansh.iyer2114@swiggy.com,F,18,1,Hyderabad,2025-04-16 00:00:00,NONE
2115,Kiran Khan,8318634545,kiran.khan2115@swiggy.com,M,21,6,Hyderabad,2025-09-01 00:00:00,ONE
2116,Vivaan Nair,6165501287,vivaan.nair2116@swiggy.com,M,33,5,Hyderabad,2023-09-08 00:00:00,ONE
2117,Ananya Singh,8913957422,ananya.singh2117@swiggy.com,M,29,7,Hyderabad,2025-02-22 00:00:00,ONE_LITE
2118,Reyansh Gowda,6092127921,reyansh.gowda2118@swiggy.com,F,18,8,Hyderabad,2025-03-01 00:00:00,ONE
2119,Aditya Reddy,6017420604,aditya.reddy2119@swiggy.com,M,20,7,Hyderabad,2025-01-24 00:00:00,ONE
2120,Aditya Sharma,9054340333,aditya.sharma2120@swiggy.com,M,29,7,Hyderabad,2025-03-25 00:00:00,ONE
2121,Vivaan Jain,6254357685,vivaan.jain2121@swiggy.com,F,30,5,Hyderabad,2025-11-06 00:00:00,ONE
2122,Kiara Iyer,6064199447,kiara.iyer2122@swiggy.com,F,36,9,Hyderabad,2025-03-14 00:00:00,ONE_LITE
2123,Nikhil Khan,6395889419,nikhil.khan2123@swiggy.com,F,29,8,Hyderabad,2024-07-18 00:00:00,NONE
2124,Vihaan Bose,6892092298,vihaan.bose2124@swiggy.com,M,25,2,Hyderabad,2024-09-01 00:00:00,NONE
2125,Anika Das,6226567993,anika.das2125@swiggy.com,M,23,6,Hyderabad,2023-07-12 00:00:00,NONE
2126,Anika Patel,6702220906,anika.patel2126@swiggy.com,M,31,3,Hyderabad,2025-04-07 00:00:00,NONE
2127,Sai Nair,6923174829,sai.nair2127@swiggy.com,F,44,10,Hyderabad,2024-04-09 00:00:00,ONE_LITE
2128,Sneha Mehta,6615719788,sneha.mehta2128@swiggy.com,F,33,4,Hyderabad,2024-04-25 00:00:00,NONE
2129,Sneha Kulkarni,8814856209,sneha.kulkarni2129@swiggy.com,M,40,9,Hyderabad,2024-11-07 00:00:00,NONE
2130,Anika Gupta,9846400364,anika.gupta2130@swiggy.com,M,43,4,Hyderabad,2025-02-20 00:00:00,NONE
2131,Ananya Rao,8173338518,ananya.rao2131@swiggy.com,F,23,4,Hyderabad,2023-08-06 00:00:00,NONE
2132,Dhruv Nair,8855096634,dhruv.nair2132@swiggy.com,F,33,5,Hyderabad,2024-10-21 00:00:00,NONE
2133,Kiran Khan,7648053951,kiran.khan2133@swiggy.com,M,33,4,Hyderabad,2024-03-24 00:00:00,ONE
2134,Riya Sharma,7093000986,riya.sharma2134@swiggy.com,M,27,6,Hyderabad,2025-07-21 00:00:00,NONE
2135,Pooja Kulkarni,6005122765,pooja.kulkarni2135@swiggy.com,F,28,1,Hyderabad,2025-09-03 00:00:00,ONE_PLUS
2136,Sneha Khan,9075618635,sneha.khan2136@swiggy.com,M,29,3,Hyderabad,2025-08-30 00:00:00,NONE
2137,Rohit Pillai,6419022169,rohit.pillai2137@swiggy.com,M,33,1,Hyderabad,2023-10-07 00:00:00,ONE
2138,Ishaan Das,7970197511,ishaan.das2138@swiggy.com,M,31,8,Hyderabad,2024-02-23 00:00:00,NONE
2139,Nikhil Iyer,6813667814,nikhil.iyer2139@swiggy.com,F,35,7,Hyderabad,2025-04-23 00:00:00,NONE
2140,Rahul Das,8419608402,rahul.das2140@swiggy.com,M,45,2,Hyderabad,2023-12-22 00:00:00,ONE
2141,Anika Iyer,8691818889,anika.iyer2141@swiggy.com,F,25,4,Hyderabad,2023-09-19 00:00:00,NONE
2142,Varun Gowda,8428581116,varun.gowda2142@swiggy.com,M,18,3,Hyderabad,2024-11-03 00:00:00,NONE
2143,Dhruv Chowdhury,7729677419,dhruv.chowdhury2143@swiggy.com,F,27,5,Hyderabad,2025-03-08 00:00:00,NONE
2144,Dhruv Khan,8026534037,dhruv.khan2144@swiggy.com,M,18,2,Hyderabad,2025-09-12 00:00:00,ONE_LITE
2145,Rohit Sharma,6614461301,rohit.sharma2145@swiggy.com,F,32,10,Hyderabad,2024-01-06 00:00:00,NONE
2146,Ishaan Rao,8117372150,ishaan.rao2146@swiggy.com,M,38,5,Hyderabad,2024-10-24 00:00:00,ONE_LITE
2147,Riya Kulkarni,7659424956,riya.kulkarni2147@swiggy.com,M,23,1,Hyderabad,2025-06-01 00:00:00,ONE
2148,Sneha Bose,7709824604,sneha.bose2148@swiggy.com,F,37,6,Hyderabad,2024-07-15 00:00:00,ONE
2149,Akash Rao,9251394413,akash.rao2149@swiggy.com,M,48,4,Hyderabad,2024-10-23 00:00:00,ONE
2150,Suresh Shetty,8275390965,suresh.shetty2150@swiggy.com,M,20,9,Hyderabad,2025-02-02 00:00:00,ONE
2151,Reyansh Pillai,8529870475,reyansh.pillai2151@swiggy.com,F,37,3,Hyderabad,2024-02-23 00:00:00,ONE_PLUS
2152,Rahul Rao,8797231406,rahul.rao2152@swiggy.com,M,24,2,Hyderabad,2025-06-05 00:00:00,NONE
2153,Dhruv Naidu,6264746723,dhruv.naidu2153@swiggy.com,F,24,1,Hyderabad,2024-05-13 00:00:00,NONE
2154,Riya Kulkarni,7360980135,riya.kulkarni2154@swiggy.com,F,44,2,Hyderabad,2025-06-20 00:00:00,ONE_LITE
2155,Arjun Naidu,6820204131,arjun.naidu2155@swiggy.com,M,28,5,Hyderabad,2023-12-01 00:00:00,ONE_LITE
2156,Aarav Gupta,7686148597,aarav.gupta2156@swiggy.com,M,40,9,Hyderabad,2025-04-05 00:00:00,NONE
2157,Meera Reddy,9872484357,meera.reddy2157@swiggy.com,F,42,3,Hyderabad,2023-07-12 00:00:00,NONE
2158,Ishaan Gupta,9222934240,ishaan.gupta2158@swiggy.com,M,23,5,Hyderabad,2025-11-18 00:00:00,NONE
2159,Dhruv Kulkarni,9070419810,dhruv.kulkarni2159@swiggy.com,F,30,9,Hyderabad,2025-02-06 00:00:00,ONE_PLUS
2160,Vihaan Patel,7086945707,vihaan.patel2160@swiggy.com,M,18,3,Hyderabad,2025-01-29 00:00:00,NONE
2161,Ananya Shetty,7366175055,ananya.shetty2161@swiggy.com,F,18,4,Hyderabad,2025-07-25 00:00:00,ONE
2162,Myra Mehta,8320674497,myra.mehta2162@swiggy.com,F,42,8,Hyderabad,2024-02-03 00:00:00,NONE
2163,Aadhya Sharma,9097836847,aadhya.sharma2163@swiggy.com,M,18,4,Hyderabad,2024-03-27 00:00:00,ONE_LITE
2164,Sai Nair,9292590939,sai.nair2164@swiggy.com,F,30,9,Hyderabad,2024-05-25 00:00:00,ONE
2165,Kiran Bose,6150888168,kiran.bose2165@swiggy.com,F,21,9,Hyderabad,2025-11-20 00:00:00,NONE
2166,Ananya Mehta,7513754459,ananya.mehta2166@swiggy.com,M,26,6,Hyderabad,2023-12-09 00:00:00,NONE
2167,Rohit Gupta,6972774942,rohit.gupta2167@swiggy.com,M,24,2,Hyderabad,2025-08-10 00:00:00,ONE
2168,Diya Reddy,7959078691,diya.reddy2168@swiggy.com,F,18,2,Hyderabad,2025-08-30 00:00:00,NONE
2169,Diya Chowdhury,6091460668,diya.chowdhury2169@swiggy.com,M,30,4,Hyderabad,2025-05-05 00:00:00,NONE
2170,Suresh Khan,9692977757,suresh.khan2170@swiggy.com,F,18,10,Hyderabad,2024-03-05 00:00:00,NONE
2171,Varun Gowda,8469699825,varun.gowda2171@swiggy.com,F,26,8,Hyderabad,2024-04-15 00:00:00,ONE_LITE
2172,Meera Chowdhury,7813698551,meera.chowdhury2172@swiggy.com,F,23,8,Hyderabad,2023-10-23 00:00:00,ONE
2173,Ishaan Bose,6327800256,ishaan.bose2173@swiggy.com,M,29,5,Hyderabad,2023-09-25 00:00:00,ONE
2174,Neha Mehta,7366272804,neha.mehta2174@swiggy.com,M,35,10,Hyderabad,2023-07-11 00:00:00,NONE
2175,Ira Naidu,6692278913,ira.naidu2175@swiggy.com,F,26,3,Hyderabad,2023-10-28 00:00:00,NONE
2176,Ananya Bose,8959687467,ananya.bose2176@swiggy.com,F,18,5,Hyderabad,2025-03-17 00:00:00,ONE_LITE
2177,Kiara Kulkarni,6526367043,kiara.kulkarni2177@swiggy.com,M,30,7,Hyderabad,2024-11-20 00:00:00,ONE_LITE
2178,Rohit Sharma,6860468843,rohit.sharma2178@swiggy.com,M,20,4,Hyderabad,2025-01-18 00:00:00,NONE
2179,Rohit Reddy,9453117522,rohit.reddy2179@swiggy.com,F,33,4,Hyderabad,2025-01-08 00:00:00,ONE_LITE
2180,Anika Bose,7156010918,anika.bose2180@swiggy.com,F,26,4,Hyderabad,2024-10-05 00:00:00,ONE
2181,Krishna Shetty,6267824261,krishna.shetty2181@swiggy.com,F,35,7,Hyderabad,2025-01-09 00:00:00,NONE
2182,Reyansh Singh,6046857334,reyansh.singh2182@swiggy.com,M,18,3,Hyderabad,2025-03-21 00:00:00,NONE
2183,Vivaan Sharma,6121929324,vivaan.sharma2183@swiggy.com,M,23,1,Hyderabad,2025-06-28 00:00:00,ONE_LITE
2184,Nikhil Shetty,9526064778,nikhil.shetty2184@swiggy.com,M,24,7,Hyderabad,2025-08-06 00:00:00,ONE_LITE
2185,Myra Nair,9911966632,myra.nair2185@swiggy.com,M,25,6,Hyderabad,2025-10-28 00:00:00,ONE
2186,Kiran Desai,8693395092,kiran.desai2186@swiggy.com,M,19,7,Hyderabad,2024-05-06 00:00:00,NONE
2187,Aarav Singh,6458372149,aarav.singh2187@swiggy.com,F,28,6,Hyderabad,2024-09-15 00:00:00,NONE
2188,Riya Sharma,7640172579,riya.sharma2188@swiggy.com,F,30,10,Hyderabad,2023-11-18 00:00:00,NONE
2189,Varun Bose,9161533017,varun.bose2189@swiggy.com,M,35,3,Hyderabad,2024-09-19 00:00:00,NONE
2190,Rahul Rao,9903102826,rahul.rao2190@swiggy.com,M,42,1,Hyderabad,2024-09-11 00:00:00,ONE_LITE
2191,Riya Singh,8937512627,riya.singh2191@swiggy.com,F,30,8,Hyderabad,2024-09-07 00:00:00,NONE
2192,Riya Shetty,6761824190,riya.shetty2192@swiggy.com,M,18,2,Hyderabad,2023-10-31 00:00:00,NONE
2193,Arjun Naidu,8642402545,arjun.naidu2193@swiggy.com,F,26,1,Hyderabad,2024-05-04 00:00:00,ONE
2194,Sai Pillai,8011687009,sai.pillai2194@swiggy.com,M,31,8,Hyderabad,2023-09-11 00:00:00,NONE
2195,Meera Sharma,7273518405,meera.sharma2195@swiggy.com,F,29,7,Hyderabad,2024-04-16 00:00:00,NONE
2196,Ira Jain,6169914442,ira.jain2196@swiggy.com,F,18,1,Hyderabad,2024-02-04 00:00:00,NONE
2197,Varun Pillai,7006644489,varun.pillai2197@swiggy.com,M,35,8,Hyderabad,2024-05-16 00:00:00,NONE
2198,Varun Gowda,6913305598,varun.gowda2198@swiggy.com,F,27,2,Hyderabad,2025-07-05 00:00:00,NONE
2199,Rahul Nair,7103805437,rahul.nair2199@swiggy.com,M,30,2,Hyderabad,2023-12-04 00:00:00,ONE
2200,Kiara Reddy,8086399530,kiara.reddy2200@swiggy.com,M,34,7,Hyderabad,2024-05-21 00:00:00,NONE
2201,Kiara Gupta,9879162360,kiara.gupta2201@swiggy.com,F,30,8,Hyderabad,2024-04-10 00:00:00,NONE
2202,Aarav Iyer,9952049105,aarav.iyer2202@swiggy.com,F,27,7,Hyderabad,2023-09-09 00:00:00,NONE
2203,Sneha Patel,7146708024,sneha.patel2203@swiggy.com,F,46,7,Hyderabad,2024-07-18 00:00:00,NONE
2204,Aadhya Rao,6419463008,aadhya.rao2204@swiggy.com,M,28,9,Hyderabad,2024-04-14 00:00:00,NONE
2205,Rohit Singh,9847013165,rohit.singh2205@swiggy.com,F,32,1,Hyderabad,2025-10-06 00:00:00,NONE
2206,Nikhil Khan,8006683662,nikhil.khan2206@swiggy.com,F,18,3,Hyderabad,2023-12-26 00:00:00,NONE
2207,Kiran Kulkarni,8845743811,kiran.kulkarni2207@swiggy.com,M,18,8,Hyderabad,2024-01-07 00:00:00,ONE
2208,Suresh Jain,8002374076,suresh.jain2208@swiggy.com,M,23,10,Hyderabad,2023-10-08 00:00:00,NONE
2209,Varun Gupta,8476244777,varun.gupta2209@swiggy.com,F,28,6,Hyderabad,2025-08-24 00:00:00,ONE_LITE
2210,Diya Pillai,9797053784,diya.pillai2210@swiggy.com,M,35,10,Hyderabad,2024-08-26 00:00:00,ONE_LITE
2211,Vivaan Desai,7635250097,vivaan.desai2211@swiggy.com,M,18,10,Hyderabad,2024-01-24 00:00:00,NONE
2212,Sai Mehta,9642065227,sai.mehta2212@swiggy.com,F,18,9,Hyderabad,2024-10-13 00:00:00,ONE_LITE
2213,Myra Bose,9016073605,myra.bose2213@swiggy.com,M,57,6,Hyderabad,2025-07-02 00:00:00,NONE
2214,Ira Chowdhury,7580351606,ira.chowdhury2214@swiggy.com,F,27,7,Hyderabad,2024-01-04 00:00:00,NONE
2215,Reyansh Pillai,9801641696,reyansh.pillai2215@swiggy.com,F,32,4,Hyderabad,2024-01-31 00:00:00,ONE_PLUS
2216,Ananya Kulkarni,7515899516,ananya.kulkarni2216@swiggy.com,M,27,3,Hyderabad,2025-11-19 00:00:00,ONE_LITE
2217,Neha Mehta,6927230124,neha.mehta2217@swiggy.com,F,18,2,Hyderabad,2023-10-13 00:00:00,NONE
2218,Suresh Pillai,7698044458,suresh.pillai2218@swiggy.com,F,26,2,Hyderabad,2024-07-22 00:00:00,NONE
2219,Arjun Gowda,8488656495,arjun.gowda2219@swiggy.com,F,39,6,Hyderabad,2023-08-31 00:00:00,NONE
2220,Dhruv Jain,7587920991,dhruv.jain2220@swiggy.com,F,42,8,Hyderabad,2024-12-24 00:00:00,NONE
2221,Krishna Das,9694639952,krishna.das2221@swiggy.com,M,18,10,Hyderabad,2023-12-20 00:00:00,NONE
2222,Riya Reddy,9129226473,riya.reddy2222@swiggy.com,M,36,4,Hyderabad,2024-06-17 00:00:00,ONE_LITE
2223,Aadhya Das,6119809463,aadhya.das2223@swiggy.com,M,30,2,Hyderabad,2025-09-17 00:00:00,NONE
2224,Aarav Kulkarni,8107492089,aarav.kulkarni2224@swiggy.com,M,32,5,Hyderabad,2024-06-15 00:00:00,ONE_LITE
2225,Varun Singh,9561283108,varun.singh2225@swiggy.com,F,24,3,Hyderabad,2023-08-23 00:00:00,NONE
2226,Aditya Gupta,9485470306,aditya.gupta2226@swiggy.com,M,18,3,Hyderabad,2024-02-26 00:00:00,ONE_LITE
2227,Riya Chowdhury,7533380918,riya.chowdhury2227@swiggy.com,F,27,5,Hyderabad,2024-12-07 00:00:00,ONE
2228,Ananya Naidu,9995540986,ananya.naidu2228@swiggy.com,F,28,9,Hyderabad,2025-05-31 00:00:00,NONE
2229,Akash Gowda,7151652830,akash.gowda2229@swiggy.com,M,31,7,Hyderabad,2024-04-03 00:00:00,ONE_LITE
2230,Ishaan Shetty,6078210895,ishaan.shetty2230@swiggy.com,M,26,2,Hyderabad,2024-01-12 00:00:00,ONE_LITE
2231,Neha Rao,6519771143,neha.rao2231@swiggy.com,M,33,5,Hyderabad,2025-07-21 00:00:00,NONE
2232,Ishaan Naidu,9594229901,ishaan.naidu2232@swiggy.com,M,19,1,Hyderabad,2023-11-19 00:00:00,NONE
2233,Pooja Khan,7638797434,pooja.khan2233@swiggy.com,F,56,9,Hyderabad,2025-04-08 00:00:00,NONE
2234,Arjun Rao,6670333529,arjun.rao2234@swiggy.com,M,21,4,Hyderabad,2024-02-01 00:00:00,NONE
2235,Suresh Naidu,8588907707,suresh.naidu2235@swiggy.com,F,35,8,Hyderabad,2025-04-16 00:00:00,NONE
2236,Ananya Kulkarni,7957725494,ananya.kulkarni2236@swiggy.com,M,21,3,Hyderabad,2024-12-23 00:00:00,NONE
2237,Vihaan Patel,6458074728,vihaan.patel2237@swiggy.com,M,27,1,Hyderabad,2025-01-31 00:00:00,NONE
2238,Kiara Nair,7309268747,kiara.nair2238@swiggy.com,F,24,8,Hyderabad,2025-04-03 00:00:00,ONE_LITE
2239,Kiran Shetty,9915359408,kiran.shetty2239@swiggy.com,M,24,4,Hyderabad,2025-05-20 00:00:00,NONE
2240,Rohit Gowda,7955894046,rohit.gowda2240@swiggy.com,F,24,3,Hyderabad,2025-03-28 00:00:00,NONE
2241,Krishna Sharma,9172950175,krishna.sharma2241@swiggy.com,M,24,10,Hyderabad,2025-01-01 00:00:00,NONE
2242,Diya Naidu,8246387050,diya.naidu2242@swiggy.com,M,26,2,Hyderabad,2023-10-12 00:00:00,ONE_LITE
2243,Pooja Gupta,8481406417,pooja.gupta2243@swiggy.com,F,41,2,Hyderabad,2024-11-18 00:00:00,NONE
2244,Akash Nair,7663658345,akash.nair2244@swiggy.com,M,21,2,Hyderabad,2025-01-05 00:00:00,ONE_LITE
2245,Aadhya Desai,9836635643,aadhya.desai2245@swiggy.com,M,18,10,Hyderabad,2024-04-23 00:00:00,ONE_LITE
2246,Dhruv Iyer,8696188199,dhruv.iyer2246@swiggy.com,F,42,6,Hyderabad,2023-07-22 00:00:00,NONE
2247,Kiara Shetty,9338670832,kiara.shetty2247@swiggy.com,O,18,9,Hyderabad,2024-02-06 00:00:00,ONE
2248,Arjun Sharma,8081678407,arjun.sharma2248@swiggy.com,M,45,5,Hyderabad,2025-01-04 00:00:00,NONE
2249,Dhruv Sharma,8838197729,dhruv.sharma2249@swiggy.com,M,27,9,Hyderabad,2025-07-06 00:00:00,NONE
2250,Kiran Shetty,8942875070,kiran.shetty2250@swiggy.com,M,36,1,Hyderabad,2023-11-04 00:00:00,NONE
2251,Aadhya Shetty,7435728621,aadhya.shetty2251@swiggy.com,F,18,9,Hyderabad,2025-10-19 00:00:00,ONE
2252,Ananya Mehta,6055972399,ananya.mehta2252@swiggy.com,M,39,4,Hyderabad,2025-06-23 00:00:00,ONE
2253,Kiara Desai,6027668441,kiara.desai2253@swiggy.com,M,29,5,Hyderabad,2023-08-30 00:00:00,ONE
2254,Pooja Naidu,9717687590,pooja.naidu2254@swiggy.com,M,18,4,Hyderabad,2025-02-03 00:00:00,ONE_LITE
2255,Sneha Mehta,9156567563,sneha.mehta2255@swiggy.com,M,21,5,Hyderabad,2024-03-31 00:00:00,ONE
2256,Krishna Patel,9680161358,krishna.patel2256@swiggy.com,M,26,6,Hyderabad,2025-06-19 00:00:00,NONE
2257,Myra Naidu,8786499760,myra.naidu2257@swiggy.com,F,34,4,Hyderabad,2025-08-23 00:00:00,NONE
2258,Aarav Gupta,9687408022,aarav.gupta2258@swiggy.com,F,29,8,Hyderabad,2025-09-01 00:00:00,ONE_LITE
2259,Nikhil Khan,7923042573,nikhil.khan2259@swiggy.com,M,37,3,Hyderabad,2025-11-04 00:00:00,NONE
2260,Aadhya Naidu,7761037101,aadhya.naidu2260@swiggy.com,M,18,8,Hyderabad,2024-08-20 00:00:00,ONE
2261,Kiara Iyer,9687738799,kiara.iyer2261@swiggy.com,F,35,8,Hyderabad,2024-02-09 00:00:00,NONE
2262,Sneha Bose,6824803645,sneha.bose2262@swiggy.com,F,20,4,Hyderabad,2023-10-12 00:00:00,NONE
2263,Rohit Gowda,8817240165,rohit.gowda2263@swiggy.com,M,35,7,Hyderabad,2024-10-17 00:00:00,NONE
2264,Aarav Bose,6806511287,aarav.bose2264@swiggy.com,M,30,1,Hyderabad,2023-09-19 00:00:00,NONE
2265,Varun Pillai,6285518145,varun.pillai2265@swiggy.com,F,40,7,Hyderabad,2024-12-17 00:00:00,ONE_LITE
2266,Anika Singh,8183566532,anika.singh2266@swiggy.com,M,33,1,Hyderabad,2023-07-21 00:00:00,NONE
2267,Krishna Gowda,9897995174,krishna.gowda2267@swiggy.com,M,30,6,Hyderabad,2025-08-04 00:00:00,ONE
2268,Akash Gupta,6188195064,akash.gupta2268@swiggy.com,F,18,9,Hyderabad,2024-05-02 00:00:00,ONE_LITE
2269,Kiara Mehta,6475792340,kiara.mehta2269@swiggy.com,F,41,8,Hyderabad,2024-11-20 00:00:00,NONE
2270,Ishaan Patel,6385402501,ishaan.patel2270@swiggy.com,M,50,1,Hyderabad,2024-10-14 00:00:00,ONE_LITE
2271,Neha Iyer,7457778051,neha.iyer2271@swiggy.com,M,30,5,Hyderabad,2025-03-13 00:00:00,NONE
2272,Akash Reddy,8805170336,akash.reddy2272@swiggy.com,F,18,5,Hyderabad,2024-10-28 00:00:00,ONE
2273,Akash Jain,8752528782,akash.jain2273@swiggy.com,M,18,7,Hyderabad,2024-12-03 00:00:00,ONE
2274,Reyansh Reddy,8272623567,reyansh.reddy2274@swiggy.com,M,18,8,Hyderabad,2025-08-28 00:00:00,NONE
2275,Ishaan Reddy,9096141257,ishaan.reddy2275@swiggy.com,F,23,1,Hyderabad,2025-11-18 00:00:00,ONE_LITE
2276,Rohit Naidu,9677783556,rohit.naidu2276@swiggy.com,F,37,8,Hyderabad,2025-02-27 00:00:00,ONE
2277,Ananya Rao,9952760690,ananya.rao2277@swiggy.com,M,25,1,Hyderabad,2024-04-12 00:00:00,ONE
2278,Krishna Das,7879286517,krishna.das2278@swiggy.com,M,48,2,Hyderabad,2025-09-17 00:00:00,ONE_LITE
2279,Myra Sharma,9614575818,myra.sharma2279@swiggy.com,M,42,8,Hyderabad,2023-08-18 00:00:00,NONE
2280,Reyansh Mehta,6431076863,reyansh.mehta2280@swiggy.com,F,31,10,Hyderabad,2024-11-29 00:00:00,ONE_LITE
2281,Saanvi Kulkarni,8591979986,saanvi.kulkarni2281@swiggy.com,F,38,7,Hyderabad,2025-07-17 00:00:00,NONE
2282,Reyansh Mehta,6576313142,reyansh.mehta2282@swiggy.com,M,30,8,Hyderabad,2025-05-02 00:00:00,ONE
2283,Sai Das,7954098044,sai.das2283@swiggy.com,M,36,4,Hyderabad,2023-08-07 00:00:00,ONE
2284,Rohit Gowda,7634070299,rohit.gowda2284@swiggy.com,F,18,2,Hyderabad,2025-07-22 00:00:00,NONE
2285,Meera Mehta,9681768277,meera.mehta2285@swiggy.com,M,44,10,Hyderabad,2025-01-23 00:00:00,NONE
2286,Rahul Gupta,6154344912,rahul.gupta2286@swiggy.com,F,35,9,Hyderabad,2025-05-05 00:00:00,ONE
2287,Varun Kulkarni,6247005179,varun.kulkarni2287@swiggy.com,M,47,3,Hyderabad,2024-09-29 00:00:00,ONE_LITE
2288,Vivaan Chowdhury,7070719134,vivaan.chowdhury2288@swiggy.com,F,33,9,Hyderabad,2024-08-05 00:00:00,NONE
2289,Kiran Iyer,9982748178,kiran.iyer2289@swiggy.com,M,33,5,Hyderabad,2024-11-02 00:00:00,NONE
2290,Suresh Chowdhury,7914742694,suresh.chowdhury2290@swiggy.com,F,26,8,Hyderabad,2025-04-24 00:00:00,ONE_LITE
2291,Saanvi Pillai,9631917750,saanvi.pillai2291@swiggy.com,O,21,1,Hyderabad,2025-10-01 00:00:00,NONE
2292,Sai Nair,6556640537,sai.nair2292@swiggy.com,F,34,3,Hyderabad,2023-10-16 00:00:00,ONE_LITE
2293,Krishna Bose,7444859700,krishna.bose2293@swiggy.com,F,34,4,Hyderabad,2024-05-14 00:00:00,NONE
2294,Pooja Bose,9484755797,pooja.bose2294@swiggy.com,M,19,8,Hyderabad,2025-11-18 00:00:00,NONE
2295,Neha Bose,8148709825,neha.bose2295@swiggy.com,M,28,7,Hyderabad,2023-10-20 00:00:00,NONE
2296,Rohit Das,6758914042,rohit.das2296@swiggy.com,M,37,10,Hyderabad,2025-06-22 00:00:00,NONE
2297,Ananya Nair,7443605119,ananya.nair2297@swiggy.com,F,29,5,Hyderabad,2023-08-19 00:00:00,NONE
2298,Saanvi Bose,7090377041,saanvi.bose2298@swiggy.com,F,34,5,Hyderabad,2024-07-05 00:00:00,ONE
2299,Vivaan Gupta,8839219920,vivaan.gupta2299@swiggy.com,F,49,10,Hyderabad,2025-04-10 00:00:00,NONE
2300,Nikhil Jain,9720511473,nikhil.jain2300@swiggy.com,M,31,1,Hyderabad,2024-08-12 00:00:00,ONE
2301,Kiran Pillai,8465073827,kiran.pillai2301@swiggy.com,F,52,3,Hyderabad,2024-12-12 00:00:00,ONE
2302,Akash Gupta,8142219619,akash.gupta2302@swiggy.com,F,27,7,Hyderabad,2024-03-23 00:00:00,NONE
2303,Myra Naidu,8413512247,myra.naidu2303@swiggy.com,M,39,9,Hyderabad,2025-04-05 00:00:00,ONE_LITE
2304,Meera Bose,7129070127,meera.bose2304@swiggy.com,M,18,1,Hyderabad,2025-11-20 00:00:00,NONE
2305,Rahul Pillai,8536916860,rahul.pillai2305@swiggy.com,M,18,2,Hyderabad,2024-02-19 00:00:00,NONE
2306,Myra Patel,7761953096,myra.patel2306@swiggy.com,F,26,8,Hyderabad,2025-04-17 00:00:00,NONE
2307,Sneha Desai,7381365261,sneha.desai2307@swiggy.com,M,37,5,Hyderabad,2024-11-14 00:00:00,NONE
2308,Ananya Gupta,8646965327,ananya.gupta2308@swiggy.com,M,18,5,Hyderabad,2025-10-28 00:00:00,NONE
2309,Meera Gupta,9249496860,meera.gupta2309@swiggy.com,F,37,3,Hyderabad,2024-06-07 00:00:00,NONE
2310,Ishaan Shetty,9535697767,ishaan.shetty2310@swiggy.com,F,37,6,Hyderabad,2025-11-04 00:00:00,ONE_LITE
2311,Aarav Nair,6496460622,aarav.nair2311@swiggy.com,F,30,3,Hyderabad,2024-12-23 00:00:00,NONE
2312,Aditya Mehta,6253680511,aditya.mehta2312@swiggy.com,M,26,7,Hyderabad,2024-08-02 00:00:00,ONE
2313,Sai Naidu,9354942645,sai.naidu2313@swiggy.com,M,42,8,Hyderabad,2024-11-02 00:00:00,NONE
2314,Ananya Gowda,7053723761,ananya.gowda2314@swiggy.com,M,39,5,Hyderabad,2024-03-08 00:00:00,ONE
2315,Kiara Singh,8018018426,kiara.singh2315@swiggy.com,F,30,8,Hyderabad,2025-09-29 00:00:00,ONE
2316,Suresh Shetty,7764781725,suresh.shetty2316@swiggy.com,F,39,4,Hyderabad,2023-12-29 00:00:00,NONE
2317,Krishna Gowda,9437500547,krishna.gowda2317@swiggy.com,F,30,5,Hyderabad,2024-04-29 00:00:00,ONE_LITE
2318,Myra Gupta,8437755665,myra.gupta2318@swiggy.com,M,36,1,Hyderabad,2023-10-24 00:00:00,ONE_LITE
2319,Rahul Jain,9440865492,rahul.jain2319@swiggy.com,F,22,10,Hyderabad,2024-11-21 00:00:00,NONE
2320,Meera Patel,9278749824,meera.patel2320@swiggy.com,F,39,6,Hyderabad,2024-02-13 00:00:00,NONE
2321,Ishaan Pillai,6787793556,ishaan.pillai2321@swiggy.com,F,35,4,Hyderabad,2023-12-23 00:00:00,NONE
2322,Aadhya Iyer,8473405759,aadhya.iyer2322@swiggy.com,F,18,7,Hyderabad,2024-09-06 00:00:00,ONE
2323,Pooja Jain,7085653702,pooja.jain2323@swiggy.com,F,18,5,Hyderabad,2025-03-21 00:00:00,NONE
2324,Rahul Bose,6289192835,rahul.bose2324@swiggy.com,F,21,9,Hyderabad,2024-04-22 00:00:00,ONE_PLUS
2325,Sai Patel,8863850503,sai.patel2325@swiggy.com,M,43,10,Hyderabad,2024-12-25 00:00:00,ONE_LITE
2326,Riya Mehta,6495042249,riya.mehta2326@swiggy.com,F,32,5,Hyderabad,2024-09-24 00:00:00,NONE
2327,Suresh Iyer,6018077843,suresh.iyer2327@swiggy.com,M,27,2,Hyderabad,2024-01-25 00:00:00,NONE
2328,Neha Das,9690733623,neha.das2328@swiggy.com,F,18,6,Hyderabad,2024-05-12 00:00:00,NONE
2329,Kiran Nair,9123770574,kiran.nair2329@swiggy.com,F,32,9,Hyderabad,2024-09-28 00:00:00,NONE
2330,Vihaan Reddy,9123490307,vihaan.reddy2330@swiggy.com,F,29,9,Hyderabad,2025-11-16 00:00:00,ONE_LITE
2331,Dhruv Gowda,9147383567,dhruv.gowda2331@swiggy.com,F,28,2,Hyderabad,2024-03-25 00:00:00,NONE
2332,Pooja Bose,6504600039,pooja.bose2332@swiggy.com,F,22,10,Hyderabad,2025-04-14 00:00:00,ONE
2333,Kiran Shetty,7097609280,kiran.shetty2333@swiggy.com,M,32,10,Hyderabad,2025-05-03 00:00:00,NONE
2334,Anika Desai,8908880092,anika.desai2334@swiggy.com,M,23,4,Hyderabad,2025-02-14 00:00:00,ONE
2335,Saanvi Desai,7372030991,saanvi.desai2335@swiggy.com,M,19,2,Hyderabad,2024-08-02 00:00:00,ONE_LITE
2336,Suresh Naidu,9699589440,suresh.naidu2336@swiggy.com,M,33,7,Hyderabad,2023-09-12 00:00:00,ONE_LITE
2337,Meera Das,9800178778,meera.das2337@swiggy.com,F,34,2,Hyderabad,2025-07-30 00:00:00,NONE
2338,Riya Khan,8035775907,riya.khan2338@swiggy.com,F,23,10,Hyderabad,2023-07-17 00:00:00,NONE
2339,Neha Mehta,7656798887,neha.mehta2339@swiggy.com,F,28,4,Hyderabad,2025-08-02 00:00:00,NONE
2340,Nikhil Nair,9933010245,nikhil.nair2340@swiggy.com,F,20,2,Hyderabad,2024-04-22 00:00:00,NONE
2341,Reyansh Patel,9278887641,reyansh.patel2341@swiggy.com,F,28,7,Hyderabad,2023-09-15 00:00:00,NONE
2342,Nikhil Pillai,8252538068,nikhil.pillai2342@swiggy.com,M,31,1,Hyderabad,2023-08-27 00:00:00,ONE_LITE
2343,Akash Chowdhury,9419235265,akash.chowdhury2343@swiggy.com,F,40,6,Hyderabad,2023-08-02 00:00:00,NONE
2344,Rahul Sharma,6262366239,rahul.sharma2344@swiggy.com,M,43,6,Hyderabad,2024-04-21 00:00:00,NONE
2345,Sai Kulkarni,8662430630,sai.kulkarni2345@swiggy.com,F,46,8,Hyderabad,2024-09-12 00:00:00,NONE
2346,Saanvi Naidu,6196355099,saanvi.naidu2346@swiggy.com,M,30,7,Hyderabad,2025-02-08 00:00:00,NONE
2347,Riya Rao,6073754735,riya.rao2347@swiggy.com,M,39,7,Hyderabad,2025-07-18 00:00:00,NONE
2348,Diya Pillai,6403387821,diya.pillai2348@swiggy.com,M,24,5,Hyderabad,2023-08-23 00:00:00,ONE
2349,Akash Singh,8271112183,akash.singh2349@swiggy.com,M,29,6,Hyderabad,2023-08-09 00:00:00,NONE
2350,Kiara Kulkarni,7684190703,kiara.kulkarni2350@swiggy.com,F,36,1,Hyderabad,2025-11-27 00:00:00,NONE
2351,Krishna Iyer,8753439621,krishna.iyer2351@swiggy.com,F,18,4,Hyderabad,2024-12-24 00:00:00,NONE
2352,Suresh Patel,9689598218,suresh.patel2352@swiggy.com,F,32,3,Hyderabad,2025-07-21 00:00:00,NONE
2353,Sneha Reddy,6529866847,sneha.reddy2353@swiggy.com,M,23,2,Hyderabad,2025-02-13 00:00:00,ONE_LITE
2354,Sneha Mehta,9701910498,sneha.mehta2354@swiggy.com,M,22,3,Hyderabad,2023-12-23 00:00:00,NONE
2355,Kiara Patel,9985139347,kiara.patel2355@swiggy.com,M,36,9,Hyderabad,2025-09-06 00:00:00,ONE_PLUS
2356,Krishna Kulkarni,7542931275,krishna.kulkarni2356@swiggy.com,M,34,7,Hyderabad,2023-08-20 00:00:00,NONE
2357,Krishna Singh,8321621896,krishna.singh2357@swiggy.com,M,28,9,Hyderabad,2025-07-03 00:00:00,NONE
2358,Aarav Kulkarni,9923555402,aarav.kulkarni2358@swiggy.com,M,21,3,Hyderabad,2024-05-10 00:00:00,NONE
2359,Ira Nair,6755927847,ira.nair2359@swiggy.com,F,31,7,Hyderabad,2024-07-31 00:00:00,NONE
2360,Rahul Singh,7268733137,rahul.singh2360@swiggy.com,M,37,3,Hyderabad,2025-10-02 00:00:00,NONE
2361,Arjun Patel,9428072080,arjun.patel2361@swiggy.com,F,40,3,Hyderabad,2024-10-18 00:00:00,NONE
2362,Reyansh Mehta,7175934220,reyansh.mehta2362@swiggy.com,M,28,7,Hyderabad,2025-09-05 00:00:00,ONE
2363,Saanvi Patel,9632225468,saanvi.patel2363@swiggy.com,M,26,10,Hyderabad,2023-07-11 00:00:00,ONE_LITE
2364,Aditya Reddy,9773254753,aditya.reddy2364@swiggy.com,F,18,8,Hyderabad,2025-10-29 00:00:00,NONE
2365,Ira Iyer,9844998135,ira.iyer2365@swiggy.com,M,44,9,Hyderabad,2023-11-24 00:00:00,NONE
2366,Reyansh Gupta,6495428921,reyansh.gupta2366@swiggy.com,F,37,8,Hyderabad,2024-03-16 00:00:00,NONE
2367,Ishaan Gowda,7208046978,ishaan.gowda2367@swiggy.com,M,29,3,Hyderabad,2025-05-21 00:00:00,ONE_LITE
2368,Neha Nair,6348242389,neha.nair2368@swiggy.com,F,23,9,Hyderabad,2025-04-18 00:00:00,ONE
2369,Aarav Reddy,6371981976,aarav.reddy2369@swiggy.com,M,39,6,Hyderabad,2024-10-12 00:00:00,ONE
2370,Anika Gupta,6854771275,anika.gupta2370@swiggy.com,M,20,3,Hyderabad,2025-07-27 00:00:00,ONE
2371,Aarav Mehta,7694179490,aarav.mehta2371@swiggy.com,M,18,4,Hyderabad,2023-07-11 00:00:00,NONE
2372,Aadhya Khan,9129238285,aadhya.khan2372@swiggy.com,M,25,5,Hyderabad,2024-05-20 00:00:00,NONE
2373,Rohit Mehta,6312187464,rohit.mehta2373@swiggy.com,M,25,2,Hyderabad,2024-06-12 00:00:00,NONE
2374,Meera Khan,6290675978,meera.khan2374@swiggy.com,M,20,1,Hyderabad,2025-01-17 00:00:00,NONE
2375,Akash Jain,8025117493,akash.jain2375@swiggy.com,M,50,6,Hyderabad,2024-04-20 00:00:00,ONE
2376,Sai Singh,6454327427,sai.singh2376@swiggy.com,M,46,10,Hyderabad,2024-07-07 00:00:00,ONE_LITE
2377,Reyansh Gowda,9528596717,reyansh.gowda2377@swiggy.com,M,29,2,Hyderabad,2024-07-18 00:00:00,ONE_LITE
2378,Krishna Gowda,9644300063,krishna.gowda2378@swiggy.com,F,24,3,Hyderabad,2025-05-15 00:00:00,NONE
2379,Dhruv Mehta,8742672500,dhruv.mehta2379@swiggy.com,F,25,9,Hyderabad,2025-11-27 00:00:00,NONE
2380,Vihaan Nair,7870896509,vihaan.nair2380@swiggy.com,M,18,9,Hyderabad,2024-10-20 00:00:00,NONE
2381,Kiara Reddy,6493631061,kiara.reddy2381@swiggy.com,M,27,8,Hyderabad,2025-04-12 00:00:00,NONE
2382,Krishna Rao,8421375412,krishna.rao2382@swiggy.com,F,42,3,Hyderabad,2023-10-10 00:00:00,NONE
2383,Saanvi Patel,7366184163,saanvi.patel2383@swiggy.com,M,34,6,Hyderabad,2024-03-02 00:00:00,ONE_LITE
2384,Pooja Rao,6287809435,pooja.rao2384@swiggy.com,M,27,10,Hyderabad,2025-08-21 00:00:00,ONE_LITE
2385,Rohit Pillai,6707362339,rohit.pillai2385@swiggy.com,F,32,9,Hyderabad,2024-02-10 00:00:00,NONE
2386,Pooja Gupta,8942412486,pooja.gupta2386@swiggy.com,M,26,10,Hyderabad,2025-01-31 00:00:00,NONE
2387,Diya Jain,7563686973,diya.jain2387@swiggy.com,M,24,6,Hyderabad,2024-03-29 00:00:00,ONE
2388,Sneha Rao,7867103416,sneha.rao2388@swiggy.com,M,30,4,Hyderabad,2025-02-19 00:00:00,NONE
2389,Reyansh Chowdhury,6326304828,reyansh.chowdhury2389@swiggy.com,M,28,9,Hyderabad,2023-11-16 00:00:00,ONE_LITE
2390,Saanvi Chowdhury,9351595162,saanvi.chowdhury2390@swiggy.com,F,21,1,Hyderabad,2023-09-28 00:00:00,ONE_LITE
2391,Dhruv Chowdhury,9627440823,dhruv.chowdhury2391@swiggy.com,M,24,10,Hyderabad,2024-11-04 00:00:00,NONE
2392,Sai Jain,9307132564,sai.jain2392@swiggy.com,F,34,7,Hyderabad,2025-04-18 00:00:00,ONE
2393,Akash Nair,6246993402,akash.nair2393@swiggy.com,M,24,4,Hyderabad,2025-02-02 00:00:00,ONE_LITE
2394,Krishna Bose,6231095808,krishna.bose2394@swiggy.com,F,26,3,Hyderabad,2024-07-18 00:00:00,NONE
2395,Rahul Singh,6081833928,rahul.singh2395@swiggy.com,M,42,1,Hyderabad,2025-05-28 00:00:00,NONE
2396,Rahul Singh,8598002846,rahul.singh2396@swiggy.com,M,18,8,Hyderabad,2024-04-27 00:00:00,ONE
2397,Saanvi Chowdhury,8808376107,saanvi.chowdhury2397@swiggy.com,M,42,5,Hyderabad,2023-12-06 00:00:00,NONE
2398,Diya Chowdhury,6370086611,diya.chowdhury2398@swiggy.com,M,36,1,Hyderabad,2023-11-15 00:00:00,ONE
2399,Varun Nair,9851425599,varun.nair2399@swiggy.com,M,24,3,Hyderabad,2025-03-28 00:00:00,ONE_PLUS
2400,Suresh Gupta,8494367057,suresh.gupta2400@swiggy.com,F,31,2,Hyderabad,2023-12-12 00:00:00,ONE
2401,Rahul Desai,9882495763,rahul.desai2401@swiggy.com,F,26,7,Hyderabad,2023-07-16 00:00:00,ONE_LITE
2402,Reyansh Chowdhury,8825744866,reyansh.chowdhury2402@swiggy.com,M,36,9,Hyderabad,2023-11-10 00:00:00,NONE
2403,Varun Jain,8456185826,varun.jain2403@swiggy.com,M,38,1,Hyderabad,2025-02-02 00:00:00,ONE_LITE
2404,Reyansh Khan,9473689985,reyansh.khan2404@swiggy.com,F,28,7,Hyderabad,2023-08-28 00:00:00,ONE_PLUS
2405,Suresh Bose,8099063073,suresh.bose2405@swiggy.com,F,19,10,Hyderabad,2025-01-08 00:00:00,NONE
2406,Riya Sharma,9718686563,riya.sharma2406@swiggy.com,F,30,7,Hyderabad,2024-03-03 00:00:00,ONE
2407,Riya Shetty,8393990558,riya.shetty2407@swiggy.com,F,24,4,Hyderabad,2025-11-06 00:00:00,ONE_LITE
2408,Neha Sharma,8621186309,neha.sharma2408@swiggy.com,M,24,5,Hyderabad,2023-08-26 00:00:00,ONE_LITE
2409,Aarav Mehta,8265676358,aarav.mehta2409@swiggy.com,F,27,6,Hyderabad,2025-11-23 00:00:00,NONE
2410,Kiara Patel,9590922493,kiara.patel2410@swiggy.com,F,43,1,Hyderabad,2025-01-23 00:00:00,ONE
2411,Myra Gupta,8276351854,myra.gupta2411@swiggy.com,M,21,8,Hyderabad,2024-03-23 00:00:00,ONE_LITE
2412,Kiara Naidu,6985803834,kiara.naidu2412@swiggy.com,M,19,4,Hyderabad,2023-10-06 00:00:00,NONE
2413,Kiara Chowdhury,9330055786,kiara.chowdhury2413@swiggy.com,M,38,7,Hyderabad,2023-09-27 00:00:00,NONE
2414,Suresh Chowdhury,6363875278,suresh.chowdhury2414@swiggy.com,F,40,5,Hyderabad,2025-03-04 00:00:00,NONE
2415,Aarav Chowdhury,8627090949,aarav.chowdhury2415@swiggy.com,M,22,6,Hyderabad,2023-11-04 00:00:00,ONE_LITE
2416,Aadhya Gowda,8335857647,aadhya.gowda2416@swiggy.com,M,37,6,Hyderabad,2023-09-17 00:00:00,ONE_LITE
2417,Nikhil Rao,6925127151,nikhil.rao2417@swiggy.com,M,18,5,Hyderabad,2024-08-27 00:00:00,ONE
2418,Anika Khan,6560023395,anika.khan2418@swiggy.com,F,35,5,Hyderabad,2023-11-04 00:00:00,ONE_LITE
2419,Kiran Das,6898141576,kiran.das2419@swiggy.com,F,38,5,Hyderabad,2024-04-24 00:00:00,NONE
2420,Arjun Kulkarni,7530144673,arjun.kulkarni2420@swiggy.com,F,29,8,Hyderabad,2025-07-30 00:00:00,NONE
2421,Arjun Naidu,6143898962,arjun.naidu2421@swiggy.com,M,25,2,Hyderabad,2023-09-18 00:00:00,ONE
2422,Akash Sharma,9393223983,akash.sharma2422@swiggy.com,M,18,2,Hyderabad,2024-07-07 00:00:00,ONE
2423,Sai Patel,6996279497,sai.patel2423@swiggy.com,F,41,7,Hyderabad,2023-08-30 00:00:00,NONE
2424,Vivaan Pillai,7738504720,vivaan.pillai2424@swiggy.com,M,18,7,Hyderabad,2024-06-24 00:00:00,NONE
2425,Akash Kulkarni,6570742330,akash.kulkarni2425@swiggy.com,M,36,2,Hyderabad,2024-11-13 00:00:00,ONE
2426,Ishaan Iyer,6059553690,ishaan.iyer2426@swiggy.com,F,25,10,Hyderabad,2023-12-30 00:00:00,NONE
2427,Nikhil Pillai,8503204061,nikhil.pillai2427@swiggy.com,M,21,6,Hyderabad,2023-09-10 00:00:00,ONE_PLUS
2428,Krishna Bose,6251062541,krishna.bose2428@swiggy.com,M,28,4,Hyderabad,2023-12-04 00:00:00,ONE_LITE
2429,Meera Gowda,8529574447,meera.gowda2429@swiggy.com,M,28,2,Hyderabad,2024-05-03 00:00:00,ONE
2430,Neha Naidu,9526117441,neha.naidu2430@swiggy.com,F,28,5,Hyderabad,2023-07-18 00:00:00,ONE_PLUS
2431,Reyansh Reddy,7457775425,reyansh.reddy2431@swiggy.com,M,19,7,Hyderabad,2025-01-17 00:00:00,ONE
2432,Aditya Pillai,6482535639,aditya.pillai2432@swiggy.com,F,23,6,Hyderabad,2024-06-15 00:00:00,NONE
2433,Riya Gupta,7283431601,riya.gupta2433@swiggy.com,M,18,7,Hyderabad,2023-08-15 00:00:00,ONE_LITE
2434,Neha Bose,9898293495,neha.bose2434@swiggy.com,F,27,7,Hyderabad,2023-09-08 00:00:00,NONE
2435,Meera Shetty,8572768134,meera.shetty2435@swiggy.com,M,38,2,Hyderabad,2024-01-20 00:00:00,NONE
2436,Ishaan Rao,8277037249,ishaan.rao2436@swiggy.com,M,40,3,Hyderabad,2025-10-05 00:00:00,ONE
2437,Saanvi Chowdhury,8023569376,saanvi.chowdhury2437@swiggy.com,F,27,9,Hyderabad,2024-12-28 00:00:00,ONE_LITE
2438,Neha Rao,6508381376,neha.rao2438@swiggy.com,M,18,6,Hyderabad,2023-08-05 00:00:00,NONE
2439,Reyansh Gowda,7242431938,reyansh.gowda2439@swiggy.com,M,40,5,Hyderabad,2024-02-12 00:00:00,NONE
2440,Vivaan Sharma,7195440303,vivaan.sharma2440@swiggy.com,F,41,5,Hyderabad,2025-05-30 00:00:00,ONE_PLUS
2441,Anika Chowdhury,7668462383,anika.chowdhury2441@swiggy.com,F,28,10,Hyderabad,2025-08-25 00:00:00,NONE
2442,Rahul Jain,8987598491,rahul.jain2442@swiggy.com,F,39,9,Hyderabad,2025-08-30 00:00:00,ONE_LITE
2443,Anika Sharma,7120497597,anika.sharma2443@swiggy.com,F,48,8,Hyderabad,2024-01-10 00:00:00,NONE
2444,Vivaan Desai,8102487957,vivaan.desai2444@swiggy.com,F,18,8,Hyderabad,2025-10-14 00:00:00,ONE
2445,Riya Reddy,7847360123,riya.reddy2445@swiggy.com,M,33,6,Hyderabad,2024-03-05 00:00:00,NONE
2446,Krishna Sharma,7904773240,krishna.sharma2446@swiggy.com,M,41,9,Hyderabad,2023-08-09 00:00:00,NONE
2447,Vihaan Nair,6282424912,vihaan.nair2447@swiggy.com,F,18,3,Hyderabad,2025-07-07 00:00:00,ONE_LITE
2448,Arjun Rao,7204430249,arjun.rao2448@swiggy.com,F,29,2,Hyderabad,2024-03-13 00:00:00,ONE_PLUS
2449,Kiara Reddy,6723349864,kiara.reddy2449@swiggy.com,M,21,6,Hyderabad,2024-12-15 00:00:00,NONE
2450,Vivaan Naidu,6710998995,vivaan.naidu2450@swiggy.com,F,37,8,Hyderabad,2023-10-24 00:00:00,NONE
2451,Anika Reddy,7400160385,anika.reddy2451@swiggy.com,F,32,1,Hyderabad,2024-09-17 00:00:00,NONE
2452,Aadhya Gupta,8790822530,aadhya.gupta2452@swiggy.com,M,22,3,Hyderabad,2025-03-26 00:00:00,NONE
2453,Saanvi Sharma,6518721164,saanvi.sharma2453@swiggy.com,F,26,7,Hyderabad,2024-12-24 00:00:00,NONE
2454,Ananya Kulkarni,9510079335,ananya.kulkarni2454@swiggy.com,F,34,9,Hyderabad,2023-09-17 00:00:00,ONE
2455,Vivaan Gowda,8133292237,vivaan.gowda2455@swiggy.com,M,26,6,Hyderabad,2025-08-19 00:00:00,ONE_PLUS
2456,Dhruv Gupta,6705524929,dhruv.gupta2456@swiggy.com,F,31,6,Hyderabad,2023-12-12 00:00:00,NONE
2457,Rahul Naidu,9709208376,rahul.naidu2457@swiggy.com,M,33,1,Hyderabad,2024-02-11 00:00:00,NONE
2458,Pooja Khan,8965448531,pooja.khan2458@swiggy.com,M,23,9,Hyderabad,2024-01-01 00:00:00,ONE_LITE
2459,Myra Desai,9309265079,myra.desai2459@swiggy.com,M,34,7,Hyderabad,2024-03-18 00:00:00,ONE_PLUS
2460,Aadhya Bose,9765264282,aadhya.bose2460@swiggy.com,M,27,6,Hyderabad,2023-11-20 00:00:00,NONE
2461,Kiara Gowda,7703769889,kiara.gowda2461@swiggy.com,F,25,8,Hyderabad,2025-10-30 00:00:00,NONE
2462,Krishna Desai,6049335384,krishna.desai2462@swiggy.com,M,34,6,Hyderabad,2024-04-22 00:00:00,ONE_LITE
2463,Arjun Shetty,6161019637,arjun.shetty2463@swiggy.com,F,24,6,Hyderabad,2024-09-18 00:00:00,NONE
2464,Meera Das,9706928502,meera.das2464@swiggy.com,M,18,2,Hyderabad,2025-07-26 00:00:00,NONE
2465,Pooja Pillai,9608944109,pooja.pillai2465@swiggy.com,F,18,10,Hyderabad,2025-11-24 00:00:00,NONE
2466,Myra Singh,6706465815,myra.singh2466@swiggy.com,F,27,9,Hyderabad,2024-08-12 00:00:00,ONE
2467,Rahul Gowda,6304235376,rahul.gowda2467@swiggy.com,M,18,7,Hyderabad,2024-02-03 00:00:00,NONE
2468,Sai Naidu,9388932989,sai.naidu2468@swiggy.com,F,38,10,Hyderabad,2023-08-13 00:00:00,NONE
2469,Dhruv Chowdhury,8303478744,dhruv.chowdhury2469@swiggy.com,M,23,8,Hyderabad,2023-09-03 00:00:00,NONE
2470,Vihaan Pillai,8744592428,vihaan.pillai2470@swiggy.com,F,25,6,Hyderabad,2024-05-22 00:00:00,NONE
2471,Rohit Kulkarni,7223541378,rohit.kulkarni2471@swiggy.com,M,27,10,Hyderabad,2024-02-29 00:00:00,NONE
2472,Vivaan Nair,7451810451,vivaan.nair2472@swiggy.com,M,38,10,Hyderabad,2025-05-07 00:00:00,NONE
2473,Rohit Sharma,8625506557,rohit.sharma2473@swiggy.com,M,19,6,Hyderabad,2025-03-28 00:00:00,NONE
2474,Ishaan Khan,7816052544,ishaan.khan2474@swiggy.com,M,38,8,Hyderabad,2024-11-10 00:00:00,ONE_LITE
2475,Sai Pillai,8485234511,sai.pillai2475@swiggy.com,M,28,2,Hyderabad,2025-08-03 00:00:00,NONE
2476,Aditya Rao,6539752783,aditya.rao2476@swiggy.com,M,35,10,Hyderabad,2025-04-15 00:00:00,ONE_LITE
2477,Ananya Singh,6775429626,ananya.singh2477@swiggy.com,M,22,1,Hyderabad,2025-01-08 00:00:00,NONE
2478,Ishaan Chowdhury,9033819165,ishaan.chowdhury2478@swiggy.com,F,25,4,Hyderabad,2024-12-04 00:00:00,NONE
2479,Anika Desai,6691615438,anika.desai2479@swiggy.com,F,31,4,Hyderabad,2024-11-03 00:00:00,NONE
2480,Neha Chowdhury,7337296280,neha.chowdhury2480@swiggy.com,M,18,8,Hyderabad,2025-11-23 00:00:00,ONE_LITE
2481,Dhruv Naidu,6752125191,dhruv.naidu2481@swiggy.com,F,27,2,Hyderabad,2025-11-11 00:00:00,NONE
2482,Aditya Chowdhury,6696218624,aditya.chowdhury2482@swiggy.com,F,32,9,Hyderabad,2023-09-01 00:00:00,NONE
2483,Kiara Mehta,9134823009,kiara.mehta2483@swiggy.com,F,22,6,Hyderabad,2025-04-26 00:00:00,NONE
2484,Pooja Shetty,6183341998,pooja.shetty2484@swiggy.com,F,27,7,Hyderabad,2025-02-07 00:00:00,ONE_LITE
2485,Reyansh Nair,8122487222,reyansh.nair2485@swiggy.com,M,33,6,Hyderabad,2023-12-02 00:00:00,NONE
2486,Akash Gowda,7826700795,akash.gowda2486@swiggy.com,F,41,7,Hyderabad,2025-09-25 00:00:00,NONE
2487,Myra Bose,7111270191,myra.bose2487@swiggy.com,F,20,2,Hyderabad,2025-10-06 00:00:00,ONE_LITE
2488,Ananya Nair,9306460792,ananya.nair2488@swiggy.com,F,33,2,Hyderabad,2024-07-16 00:00:00,ONE_LITE
2489,Rohit Gupta,6370595934,rohit.gupta2489@swiggy.com,M,41,4,Hyderabad,2025-04-18 00:00:00,NONE
2490,Vihaan Rao,9675571851,vihaan.rao2490@swiggy.com,F,19,6,Hyderabad,2024-05-11 00:00:00,NONE
2491,Rahul Patel,7156522725,rahul.patel2491@swiggy.com,F,39,10,Hyderabad,2025-08-01 00:00:00,ONE
2492,Kiran Nair,8521301171,kiran.nair2492@swiggy.com,F,27,6,Hyderabad,2023-12-18 00:00:00,NONE
2493,Arjun Sharma,7749554656,arjun.sharma2493@swiggy.com,F,18,5,Hyderabad,2025-10-15 00:00:00,ONE_LITE
2494,Sai Gowda,9238361496,sai.gowda2494@swiggy.com,F,42,3,Hyderabad,2024-08-10 00:00:00,ONE_LITE
2495,Akash Kulkarni,8775001582,akash.kulkarni2495@swiggy.com,M,31,10,Hyderabad,2025-07-24 00:00:00,NONE
2496,Pooja Pillai,8821270188,pooja.pillai2496@swiggy.com,F,23,6,Hyderabad,2024-10-11 00:00:00,NONE
2497,Sai Nair,6869193998,sai.nair2497@swiggy.com,M,26,5,Hyderabad,2024-10-19 00:00:00,NONE
2498,Meera Das,6784076766,meera.das2498@swiggy.com,F,29,3,Hyderabad,2025-03-25 00:00:00,NONE
2499,Meera Singh,6793978480,meera.singh2499@swiggy.com,M,40,10,Hyderabad,2023-10-20 00:00:00,ONE
2500,Ananya Shetty,7802207806,ananya.shetty2500@swiggy.com,M,32,8,Hyderabad,2024-02-01 00:00:00,NONE
2501,Sneha Singh,8249313848,sneha.singh2501@swiggy.com,M,35,10,Hyderabad,2023-11-27 00:00:00,NONE
2502,Rohit Gupta,8487972562,rohit.gupta2502@swiggy.com,F,34,9,Hyderabad,2024-03-31 00:00:00,ONE_LITE
2503,Meera Shetty,8969674654,meera.shetty2503@swiggy.com,F,23,2,Hyderabad,2023-08-26 00:00:00,NONE
2504,Sai Khan,7946063287,sai.khan2504@swiggy.com,M,37,1,Hyderabad,2025-02-20 00:00:00,ONE_LITE
2505,Sai Iyer,8334004864,sai.iyer2505@swiggy.com,M,25,10,Hyderabad,2024-03-30 00:00:00,NONE
2506,Suresh Pillai,7566737457,suresh.pillai2506@swiggy.com,M,20,6,Hyderabad,2025-11-21 00:00:00,NONE
2507,Nikhil Iyer,8503507223,nikhil.iyer2507@swiggy.com,M,30,7,Hyderabad,2025-07-22 00:00:00,NONE
2508,Varun Desai,7318103025,varun.desai2508@swiggy.com,M,26,3,Hyderabad,2025-06-14 00:00:00,NONE
2509,Kiran Desai,9979043128,kiran.desai2509@swiggy.com,F,29,4,Hyderabad,2024-01-22 00:00:00,ONE
2510,Diya Desai,9930028912,diya.desai2510@swiggy.com,F,40,7,Hyderabad,2025-04-07 00:00:00,NONE
2511,Saanvi Chowdhury,6899196281,saanvi.chowdhury2511@swiggy.com,M,29,7,Hyderabad,2023-12-10 00:00:00,NONE
2512,Myra Iyer,8386783180,myra.iyer2512@swiggy.com,F,40,9,Hyderabad,2025-09-06 00:00:00,ONE_LITE
2513,Suresh Kulkarni,6288206929,suresh.kulkarni2513@swiggy.com,M,28,3,Hyderabad,2024-09-02 00:00:00,ONE
2514,Kiara Nair,8904775280,kiara.nair2514@swiggy.com,M,43,1,Hyderabad,2024-05-29 00:00:00,ONE
2515,Kiara Reddy,8729769153,kiara.reddy2515@swiggy.com,F,31,9,Hyderabad,2025-08-22 00:00:00,NONE
2516,Meera Iyer,6059064471,meera.iyer2516@swiggy.com,M,41,5,Hyderabad,2025-11-03 00:00:00,NONE
2517,Anika Gowda,6882101342,anika.gowda2517@swiggy.com,F,49,2,Hyderabad,2025-02-12 00:00:00,ONE_PLUS
2518,Dhruv Naidu,9038823061,dhruv.naidu2518@swiggy.com,M,25,4,Hyderabad,2025-01-17 00:00:00,ONE
2519,Ananya Desai,7943049166,ananya.desai2519@swiggy.com,F,24,2,Hyderabad,2025-04-01 00:00:00,ONE
2520,Ira Rao,8647057855,ira.rao2520@swiggy.com,F,20,10,Hyderabad,2024-11-27 00:00:00,NONE
2521,Meera Rao,6479824612,meera.rao2521@swiggy.com,M,27,8,Hyderabad,2023-11-26 00:00:00,NONE
2522,Meera Bose,8667052212,meera.bose2522@swiggy.com,M,32,9,Hyderabad,2025-09-02 00:00:00,NONE
2523,Kiara Das,9678215649,kiara.das2523@swiggy.com,F,42,6,Hyderabad,2023-11-01 00:00:00,NONE
2524,Dhruv Sharma,8673433157,dhruv.sharma2524@swiggy.com,M,27,7,Hyderabad,2023-09-22 00:00:00,ONE_LITE
2525,Ananya Khan,6709867546,ananya.khan2525@swiggy.com,M,43,9,Hyderabad,2024-02-14 00:00:00,NONE
2526,Aarav Das,8588097903,aarav.das2526@swiggy.com,M,24,6,Hyderabad,2025-03-15 00:00:00,ONE_LITE
2527,Rohit Jain,8083677629,rohit.jain2527@swiggy.com,M,18,8,Hyderabad,2024-05-04 00:00:00,NONE
2528,Nikhil Chowdhury,6465595868,nikhil.chowdhury2528@swiggy.com,M,45,1,Hyderabad,2024-08-24 00:00:00,NONE
2529,Vihaan Sharma,9416907370,vihaan.sharma2529@swiggy.com,F,29,3,Hyderabad,2023-09-01 00:00:00,ONE_LITE
2530,Sai Mehta,6146509089,sai.mehta2530@swiggy.com,M,18,2,Hyderabad,2023-09-18 00:00:00,ONE_PLUS
2531,Ira Das,6049147394,ira.das2531@swiggy.com,M,22,5,Hyderabad,2024-05-11 00:00:00,ONE_LITE
2532,Meera Das,6089540237,meera.das2532@swiggy.com,F,31,5,Hyderabad,2024-04-30 00:00:00,ONE_PLUS
2533,Dhruv Khan,9418675648,dhruv.khan2533@swiggy.com,F,18,5,Hyderabad,2024-01-22 00:00:00,ONE
2534,Neha Sharma,8607298457,neha.sharma2534@swiggy.com,F,49,10,Hyderabad,2023-08-20 00:00:00,ONE
2535,Arjun Jain,6814251910,arjun.jain2535@swiggy.com,F,39,10,Hyderabad,2024-04-19 00:00:00,NONE
2536,Dhruv Khan,8289680713,dhruv.khan2536@swiggy.com,M,51,7,Hyderabad,2023-10-03 00:00:00,NONE
2537,Saanvi Sharma,9227271884,saanvi.sharma2537@swiggy.com,M,18,2,Hyderabad,2023-08-14 00:00:00,NONE
2538,Neha Kulkarni,8338620310,neha.kulkarni2538@swiggy.com,F,31,1,Hyderabad,2023-08-18 00:00:00,NONE
2539,Akash Reddy,8001762731,akash.reddy2539@swiggy.com,M,33,10,Hyderabad,2023-07-25 00:00:00,NONE
2540,Dhruv Jain,8649697322,dhruv.jain2540@swiggy.com,M,43,2,Hyderabad,2024-01-06 00:00:00,ONE
2541,Nikhil Das,9149375621,nikhil.das2541@swiggy.com,M,26,3,Hyderabad,2025-01-08 00:00:00,ONE_LITE
2542,Reyansh Kulkarni,7279394163,reyansh.kulkarni2542@swiggy.com,F,23,2,Hyderabad,2024-05-30 00:00:00,NONE
2543,Reyansh Gowda,7911155856,reyansh.gowda2543@swiggy.com,M,33,9,Hyderabad,2025-08-10 00:00:00,NONE
2544,Sai Chowdhury,9394046068,sai.chowdhury2544@swiggy.com,F,18,6,Hyderabad,2024-02-06 00:00:00,NONE
2545,Krishna Desai,7789327442,krishna.desai2545@swiggy.com,M,26,8,Hyderabad,2023-08-23 00:00:00,ONE_PLUS
2546,Diya Jain,8048005893,diya.jain2546@swiggy.com,M,29,5,Hyderabad,2024-04-27 00:00:00,ONE_LITE
2547,Arjun Rao,7884578598,arjun.rao2547@swiggy.com,M,21,9,Hyderabad,2024-09-09 00:00:00,NONE
2548,Anika Patel,8182482976,anika.patel2548@swiggy.com,F,46,7,Hyderabad,2025-11-06 00:00:00,NONE
2549,Nikhil Das,9598816205,nikhil.das2549@swiggy.com,F,32,1,Hyderabad,2025-08-25 00:00:00,ONE_LITE
2550,Aadhya Patel,6213010879,aadhya.patel2550@swiggy.com,M,26,7,Hyderabad,2025-07-11 00:00:00,ONE_LITE
2551,Ishaan Gowda,7994519474,ishaan.gowda2551@swiggy.com,M,18,10,Hyderabad,2025-01-27 00:00:00,ONE_LITE
2552,Ira Jain,7936873451,ira.jain2552@swiggy.com,M,43,5,Hyderabad,2024-04-23 00:00:00,ONE_PLUS
2553,Krishna Patel,6727617511,krishna.patel2553@swiggy.com,F,37,8,Hyderabad,2023-11-16 00:00:00,ONE_PLUS
2554,Sai Gupta,8361349206,sai.gupta2554@swiggy.com,M,24,5,Hyderabad,2025-11-03 00:00:00,ONE_PLUS
2555,Suresh Nair,7601359939,suresh.nair2555@swiggy.com,F,23,1,Hyderabad,2025-02-16 00:00:00,NONE
2556,Kiran Gowda,8072651957,kiran.gowda2556@swiggy.com,M,21,3,Hyderabad,2024-06-01 00:00:00,NONE
2557,Nikhil Das,6422262789,nikhil.das2557@swiggy.com,F,32,3,Hyderabad,2024-09-01 00:00:00,ONE
2558,Suresh Naidu,6524718301,suresh.naidu2558@swiggy.com,F,24,8,Hyderabad,2025-05-13 00:00:00,ONE_LITE
2559,Myra Shetty,9286963863,myra.shetty2559@swiggy.com,M,38,1,Hyderabad,2024-07-14 00:00:00,NONE
2560,Sneha Singh,9332930515,sneha.singh2560@swiggy.com,M,36,6,Hyderabad,2025-04-20 00:00:00,NONE
2561,Rohit Bose,7068489114,rohit.bose2561@swiggy.com,M,27,4,Hyderabad,2025-10-27 00:00:00,NONE
2562,Aditya Mehta,7091669686,aditya.mehta2562@swiggy.com,F,32,4,Hyderabad,2025-02-19 00:00:00,NONE
2563,Ira Pillai,9001064891,ira.pillai2563@swiggy.com,F,30,9,Hyderabad,2025-06-28 00:00:00,NONE
2564,Nikhil Jain,7156340203,nikhil.jain2564@swiggy.com,M,31,10,Hyderabad,2023-07-16 00:00:00,NONE
2565,Varun Gowda,6913701095,varun.gowda2565@swiggy.com,M,34,10,Hyderabad,2023-09-21 00:00:00,NONE
2566,Ira Reddy,7940971204,ira.reddy2566@swiggy.com,F,23,1,Hyderabad,2023-09-06 00:00:00,NONE
2567,Saanvi Desai,6363955032,saanvi.desai2567@swiggy.com,M,34,9,Hyderabad,2024-09-20 00:00:00,ONE
2568,Varun Khan,6423459192,varun.khan2568@swiggy.com,F,20,8,Hyderabad,2025-05-31 00:00:00,ONE_LITE
2569,Dhruv Khan,7730924182,dhruv.khan2569@swiggy.com,M,40,3,Hyderabad,2025-10-18 00:00:00,NONE
2570,Riya Gupta,7179784948,riya.gupta2570@swiggy.com,M,28,4,Hyderabad,2025-01-29 00:00:00,NONE
2571,Varun Das,7546903846,varun.das2571@swiggy.com,M,26,9,Hyderabad,2024-01-09 00:00:00,NONE
2572,Aditya Chowdhury,6664634092,aditya.chowdhury2572@swiggy.com,F,30,7,Hyderabad,2025-02-04 00:00:00,NONE
2573,Vihaan Das,7365189940,vihaan.das2573@swiggy.com,F,42,4,Hyderabad,2023-07-18 00:00:00,ONE_LITE
2574,Dhruv Sharma,6623883714,dhruv.sharma2574@swiggy.com,M,32,8,Hyderabad,2025-11-25 00:00:00,NONE
2575,Nikhil Sharma,8691997138,nikhil.sharma2575@swiggy.com,F,39,10,Hyderabad,2025-07-08 00:00:00,NONE
2576,Arjun Khan,9074557127,arjun.khan2576@swiggy.com,F,29,3,Hyderabad,2025-09-14 00:00:00,ONE_LITE
2577,Nikhil Nair,6057883454,nikhil.nair2577@swiggy.com,F,33,3,Hyderabad,2024-12-14 00:00:00,ONE
2578,Kiran Gupta,9290926315,kiran.gupta2578@swiggy.com,M,18,10,Hyderabad,2025-10-11 00:00:00,ONE
2579,Suresh Pillai,7669474978,suresh.pillai2579@swiggy.com,M,20,6,Hyderabad,2024-09-09 00:00:00,NONE
2580,Aarav Singh,7902280025,aarav.singh2580@swiggy.com,F,46,7,Hyderabad,2025-10-13 00:00:00,NONE
2581,Varun Mehta,8346683574,varun.mehta2581@swiggy.com,F,35,8,Hyderabad,2025-01-15 00:00:00,NONE
2582,Varun Singh,6787235452,varun.singh2582@swiggy.com,F,34,2,Hyderabad,2024-11-26 00:00:00,NONE
2583,Saanvi Mehta,9243201754,saanvi.mehta2583@swiggy.com,F,56,9,Hyderabad,2023-11-17 00:00:00,ONE_LITE
2584,Kiran Jain,8012288589,kiran.jain2584@swiggy.com,F,20,7,Hyderabad,2025-04-29 00:00:00,ONE
2585,Anika Reddy,9482960792,anika.reddy2585@swiggy.com,M,18,2,Hyderabad,2025-01-10 00:00:00,NONE
2586,Myra Singh,9382746324,myra.singh2586@swiggy.com,M,18,6,Hyderabad,2024-09-24 00:00:00,NONE
2587,Ishaan Bose,9848344989,ishaan.bose2587@swiggy.com,M,21,10,Hyderabad,2023-07-24 00:00:00,ONE
2588,Pooja Singh,6384351573,pooja.singh2588@swiggy.com,M,34,7,Hyderabad,2024-11-11 00:00:00,NONE
2589,Ira Mehta,7890326555,ira.mehta2589@swiggy.com,F,27,3,Hyderabad,2024-04-06 00:00:00,NONE
2590,Arjun Rao,7221465646,arjun.rao2590@swiggy.com,M,33,9,Hyderabad,2024-07-16 00:00:00,NONE
2591,Meera Rao,8646034384,meera.rao2591@swiggy.com,F,48,10,Hyderabad,2023-08-04 00:00:00,ONE
2592,Ishaan Shetty,9200698288,ishaan.shetty2592@swiggy.com,M,31,10,Hyderabad,2025-10-20 00:00:00,ONE
2593,Neha Chowdhury,7642534363,neha.chowdhury2593@swiggy.com,F,32,2,Hyderabad,2025-08-05 00:00:00,NONE
2594,Vihaan Kulkarni,9244249204,vihaan.kulkarni2594@swiggy.com,M,45,10,Hyderabad,2024-10-21 00:00:00,NONE
2595,Krishna Chowdhury,6702334692,krishna.chowdhury2595@swiggy.com,F,44,10,Hyderabad,2024-05-17 00:00:00,NONE
2596,Pooja Pillai,7774245193,pooja.pillai2596@swiggy.com,M,24,4,Hyderabad,2023-08-23 00:00:00,ONE
2597,Vihaan Gowda,9794246649,vihaan.gowda2597@swiggy.com,M,20,1,Hyderabad,2023-12-19 00:00:00,NONE
2598,Diya Pillai,7153194458,diya.pillai2598@swiggy.com,F,37,10,Hyderabad,2025-05-11 00:00:00,ONE_LITE
2599,Pooja Reddy,8698860768,pooja.reddy2599@swiggy.com,F,40,1,Hyderabad,2025-08-27 00:00:00,NONE
2600,Aarav Gupta,6191830023,aarav.gupta2600@swiggy.com,F,30,3,Hyderabad,2023-07-25 00:00:00,NONE
2601,Pooja Mehta,7410342769,pooja.mehta2601@swiggy.com,F,38,7,Hyderabad,2025-06-05 00:00:00,NONE
2602,Kiara Naidu,7111259004,kiara.naidu2602@swiggy.com,M,19,6,Hyderabad,2025-10-21 00:00:00,ONE_LITE
2603,Nikhil Chowdhury,7021122734,nikhil.chowdhury2603@swiggy.com,M,38,6,Hyderabad,2024-03-28 00:00:00,NONE
2604,Nikhil Gowda,8721059570,nikhil.gowda2604@swiggy.com,M,24,6,Hyderabad,2025-11-13 00:00:00,ONE
2605,Aarav Mehta,8090461672,aarav.mehta2605@swiggy.com,F,27,5,Hyderabad,2025-02-24 00:00:00,ONE_LITE
2606,Sneha Singh,6624340139,sneha.singh2606@swiggy.com,M,41,3,Hyderabad,2023-10-15 00:00:00,NONE
2607,Dhruv Pillai,9291343657,dhruv.pillai2607@swiggy.com,M,22,6,Hyderabad,2025-01-03 00:00:00,NONE
2608,Sneha Naidu,7178939088,sneha.naidu2608@swiggy.com,M,28,10,Hyderabad,2023-10-27 00:00:00,ONE_LITE
2609,Ishaan Bose,9448568588,ishaan.bose2609@swiggy.com,M,33,4,Hyderabad,2024-02-15 00:00:00,NONE
2610,Krishna Bose,9866041614,krishna.bose2610@swiggy.com,M,18,8,Hyderabad,2025-05-18 00:00:00,NONE
2611,Anika Desai,7499807469,anika.desai2611@swiggy.com,M,18,10,Hyderabad,2025-03-24 00:00:00,NONE
2612,Akash Nair,7507812222,akash.nair2612@swiggy.com,M,18,1,Hyderabad,2023-07-28 00:00:00,NONE
2613,Nikhil Bose,6521790061,nikhil.bose2613@swiggy.com,F,22,3,Hyderabad,2023-10-23 00:00:00,ONE_LITE
2614,Kiran Chowdhury,8340699934,kiran.chowdhury2614@swiggy.com,F,35,8,Hyderabad,2024-10-16 00:00:00,NONE
2615,Akash Gupta,8530000461,akash.gupta2615@swiggy.com,M,18,1,Hyderabad,2024-03-21 00:00:00,ONE
2616,Sneha Das,6982344534,sneha.das2616@swiggy.com,M,29,9,Hyderabad,2023-11-10 00:00:00,NONE
2617,Dhruv Jain,6627837748,dhruv.jain2617@swiggy.com,F,19,1,Hyderabad,2025-03-25 00:00:00,NONE
2618,Nikhil Iyer,7242132978,nikhil.iyer2618@swiggy.com,F,30,5,Hyderabad,2023-08-08 00:00:00,NONE
2619,Vihaan Singh,6537594707,vihaan.singh2619@swiggy.com,F,38,9,Hyderabad,2024-11-17 00:00:00,NONE
2620,Ishaan Rao,7153221019,ishaan.rao2620@swiggy.com,M,18,4,Hyderabad,2023-12-06 00:00:00,NONE
2621,Aditya Jain,7396816230,aditya.jain2621@swiggy.com,M,46,3,Hyderabad,2024-12-29 00:00:00,NONE
2622,Arjun Das,7218007151,arjun.das2622@swiggy.com,M,22,2,Hyderabad,2025-02-09 00:00:00,NONE
2623,Nikhil Gupta,7618661607,nikhil.gupta2623@swiggy.com,F,30,1,Hyderabad,2024-03-03 00:00:00,NONE
2624,Diya Naidu,7086681055,diya.naidu2624@swiggy.com,F,34,5,Hyderabad,2024-04-25 00:00:00,NONE
2625,Rohit Mehta,6460941343,rohit.mehta2625@swiggy.com,F,19,4,Hyderabad,2024-01-22 00:00:00,ONE
2626,Kiran Pillai,8460962416,kiran.pillai2626@swiggy.com,M,23,10,Hyderabad,2025-01-15 00:00:00,NONE
2627,Aarav Chowdhury,7317457358,aarav.chowdhury2627@swiggy.com,M,31,6,Hyderabad,2023-11-12 00:00:00,ONE_LITE
2628,Akash Naidu,7484638457,akash.naidu2628@swiggy.com,M,27,4,Hyderabad,2023-08-24 00:00:00,ONE
2629,Vivaan Jain,6176228430,vivaan.jain2629@swiggy.com,M,47,3,Hyderabad,2024-07-31 00:00:00,ONE_LITE
2630,Riya Nair,9598355776,riya.nair2630@swiggy.com,M,32,2,Hyderabad,2025-01-26 00:00:00,ONE
2631,Sai Jain,7698767693,sai.jain2631@swiggy.com,F,25,8,Hyderabad,2024-03-07 00:00:00,NONE
2632,Riya Kulkarni,6822055621,riya.kulkarni2632@swiggy.com,F,18,9,Hyderabad,2024-09-16 00:00:00,ONE
2633,Aarav Patel,6514586729,aarav.patel2633@swiggy.com,M,18,4,Hyderabad,2024-05-19 00:00:00,NONE
2634,Ishaan Gowda,9061903071,ishaan.gowda2634@swiggy.com,F,21,10,Hyderabad,2023-09-16 00:00:00,NONE
2635,Arjun Khan,9329286662,arjun.khan2635@swiggy.com,M,31,1,Hyderabad,2024-02-24 00:00:00,NONE
2636,Meera Shetty,9102594016,meera.shetty2636@swiggy.com,M,29,1,Hyderabad,2024-03-30 00:00:00,NONE
2637,Varun Khan,9646356001,varun.khan2637@swiggy.com,F,18,10,Hyderabad,2025-11-09 00:00:00,NONE
2638,Nikhil Iyer,6339279852,nikhil.iyer2638@swiggy.com,M,46,10,Hyderabad,2024-02-12 00:00:00,NONE
2639,Sneha Chowdhury,6193736190,sneha.chowdhury2639@swiggy.com,M,18,4,Hyderabad,2023-09-17 00:00:00,NONE
2640,Aarav Naidu,6199806675,aarav.naidu2640@swiggy.com,M,34,9,Hyderabad,2024-08-21 00:00:00,NONE
2641,Krishna Mehta,9121603671,krishna.mehta2641@swiggy.com,F,23,9,Hyderabad,2023-11-14 00:00:00,ONE_PLUS
2642,Ishaan Naidu,7141188014,ishaan.naidu2642@swiggy.com,M,19,2,Hyderabad,2024-05-17 00:00:00,NONE
2643,Suresh Mehta,8592840704,suresh.mehta2643@swiggy.com,F,38,10,Hyderabad,2024-12-08 00:00:00,NONE
2644,Neha Das,6774151013,neha.das2644@swiggy.com,F,30,2,Hyderabad,2025-08-04 00:00:00,NONE
2645,Sai Das,6201624892,sai.das2645@swiggy.com,M,19,5,Hyderabad,2023-10-17 00:00:00,ONE
2646,Rohit Reddy,7705703470,rohit.reddy2646@swiggy.com,M,26,1,Hyderabad,2025-02-11 00:00:00,NONE
2647,Ananya Shetty,7440754600,ananya.shetty2647@swiggy.com,M,23,5,Hyderabad,2024-07-02 00:00:00,ONE_LITE
2648,Rahul Rao,6220923809,rahul.rao2648@swiggy.com,F,40,4,Hyderabad,2025-11-03 00:00:00,NONE
2649,Myra Gowda,6275516913,myra.gowda2649@swiggy.com,F,20,8,Hyderabad,2025-06-09 00:00:00,NONE
2650,Sai Iyer,8241308531,sai.iyer2650@swiggy.com,F,53,2,Hyderabad,2023-10-20 00:00:00,NONE
2651,Ananya Iyer,9668840003,ananya.iyer2651@swiggy.com,F,33,1,Hyderabad,2024-10-13 00:00:00,NONE
2652,Neha Rao,6959608720,neha.rao2652@swiggy.com,M,23,9,Hyderabad,2024-12-02 00:00:00,NONE
2653,Dhruv Mehta,9956101992,dhruv.mehta2653@swiggy.com,M,29,10,Hyderabad,2025-11-02 00:00:00,NONE
2654,Ira Singh,6440815700,ira.singh2654@swiggy.com,M,20,6,Hyderabad,2023-12-13 00:00:00,ONE
2655,Vihaan Rao,6308847112,vihaan.rao2655@swiggy.com,O,37,3,Hyderabad,2023-09-10 00:00:00,NONE
2656,Kiran Desai,8351418709,kiran.desai2656@swiggy.com,F,34,1,Hyderabad,2025-03-15 00:00:00,NONE
2657,Kiran Shetty,7557351416,kiran.shetty2657@swiggy.com,M,26,10,Hyderabad,2024-02-07 00:00:00,NONE
2658,Rahul Kulkarni,6861908256,rahul.kulkarni2658@swiggy.com,M,18,4,Hyderabad,2025-04-21 00:00:00,ONE
2659,Riya Chowdhury,7722145273,riya.chowdhury2659@swiggy.com,F,18,4,Hyderabad,2023-11-27 00:00:00,ONE_LITE
2660,Kiran Khan,9556471298,kiran.khan2660@swiggy.com,M,39,6,Hyderabad,2025-07-16 00:00:00,ONE_LITE
2661,Varun Reddy,6601427161,varun.reddy2661@swiggy.com,O,26,4,Hyderabad,2025-01-12 00:00:00,NONE
2662,Kiran Gupta,7891821851,kiran.gupta2662@swiggy.com,M,36,6,Hyderabad,2024-10-16 00:00:00,ONE_LITE
2663,Aadhya Rao,9223778928,aadhya.rao2663@swiggy.com,M,21,4,Hyderabad,2025-05-12 00:00:00,NONE
2664,Aditya Patel,6382936186,aditya.patel2664@swiggy.com,M,18,3,Hyderabad,2025-09-02 00:00:00,ONE_LITE
2665,Dhruv Shetty,7358061924,dhruv.shetty2665@swiggy.com,M,54,9,Hyderabad,2023-11-23 00:00:00,ONE
2666,Varun Jain,6258914229,varun.jain2666@swiggy.com,M,30,10,Hyderabad,2025-06-03 00:00:00,ONE
2667,Varun Singh,7751204829,varun.singh2667@swiggy.com,F,34,10,Hyderabad,2024-06-05 00:00:00,ONE_LITE
2668,Kiara Khan,7459809852,kiara.khan2668@swiggy.com,F,26,2,Hyderabad,2023-09-03 00:00:00,NONE
2669,Aarav Chowdhury,9142975699,aarav.chowdhury2669@swiggy.com,F,24,4,Hyderabad,2025-09-10 00:00:00,ONE
2670,Suresh Sharma,9960473738,suresh.sharma2670@swiggy.com,M,29,5,Hyderabad,2025-05-01 00:00:00,ONE
2671,Suresh Rao,7681809570,suresh.rao2671@swiggy.com,F,20,7,Hyderabad,2025-03-24 00:00:00,NONE
2672,Ira Iyer,7430110714,ira.iyer2672@swiggy.com,M,29,6,Hyderabad,2025-11-18 00:00:00,NONE
2673,Nikhil Sharma,8945857952,nikhil.sharma2673@swiggy.com,F,42,1,Hyderabad,2025-03-12 00:00:00,ONE_LITE
2674,Akash Shetty,9582751043,akash.shetty2674@swiggy.com,F,30,3,Hyderabad,2025-08-04 00:00:00,ONE
2675,Riya Rao,7196222204,riya.rao2675@swiggy.com,F,44,7,Hyderabad,2024-03-05 00:00:00,NONE
2676,Ishaan Pillai,6095178775,ishaan.pillai2676@swiggy.com,M,18,8,Hyderabad,2025-06-07 00:00:00,ONE_LITE
2677,Rohit Singh,6274755034,rohit.singh2677@swiggy.com,M,27,8,Hyderabad,2024-12-31 00:00:00,ONE
2678,Pooja Gowda,8344703226,pooja.gowda2678@swiggy.com,M,23,8,Hyderabad,2024-01-22 00:00:00,NONE
2679,Aarav Jain,8593878576,aarav.jain2679@swiggy.com,M,29,2,Hyderabad,2025-01-07 00:00:00,ONE_LITE
2680,Diya Das,9843693930,diya.das2680@swiggy.com,F,29,10,Hyderabad,2024-02-19 00:00:00,ONE
2681,Vivaan Iyer,7111369581,vivaan.iyer2681@swiggy.com,F,24,3,Hyderabad,2025-08-30 00:00:00,ONE_LITE
2682,Anika Mehta,9596242122,anika.mehta2682@swiggy.com,F,27,5,Hyderabad,2024-12-09 00:00:00,NONE
2683,Suresh Bose,7048997384,suresh.bose2683@swiggy.com,M,37,8,Hyderabad,2023-10-07 00:00:00,ONE_PLUS
2684,Neha Desai,8319978478,neha.desai2684@swiggy.com,F,18,5,Hyderabad,2024-05-03 00:00:00,NONE
2685,Rohit Singh,7788561268,rohit.singh2685@swiggy.com,F,36,1,Hyderabad,2025-09-04 00:00:00,NONE
2686,Varun Shetty,8732895002,varun.shetty2686@swiggy.com,F,36,7,Hyderabad,2024-12-27 00:00:00,ONE_LITE
2687,Reyansh Sharma,6057379247,reyansh.sharma2687@swiggy.com,F,32,9,Hyderabad,2024-12-15 00:00:00,ONE_LITE
2688,Ishaan Pillai,7096647364,ishaan.pillai2688@swiggy.com,F,30,8,Hyderabad,2025-01-04 00:00:00,ONE_LITE
2689,Suresh Das,8003072805,suresh.das2689@swiggy.com,M,29,5,Hyderabad,2025-07-17 00:00:00,ONE
2690,Saanvi Gupta,6113368660,saanvi.gupta2690@swiggy.com,F,22,8,Hyderabad,2024-06-07 00:00:00,NONE
2691,Riya Iyer,6083928825,riya.iyer2691@swiggy.com,F,24,2,Hyderabad,2023-11-30 00:00:00,NONE
2692,Dhruv Iyer,7268010612,dhruv.iyer2692@swiggy.com,F,30,6,Hyderabad,2025-02-02 00:00:00,ONE_LITE
2693,Vivaan Shetty,9024774974,vivaan.shetty2693@swiggy.com,F,19,9,Hyderabad,2024-05-23 00:00:00,NONE
2694,Nikhil Rao,6333828568,nikhil.rao2694@swiggy.com,F,32,7,Hyderabad,2024-12-12 00:00:00,NONE
2695,Aadhya Patel,9916532067,aadhya.patel2695@swiggy.com,M,34,5,Hyderabad,2025-05-05 00:00:00,NONE
2696,Ishaan Gupta,9269363700,ishaan.gupta2696@swiggy.com,F,21,4,Hyderabad,2023-12-21 00:00:00,ONE_LITE
2697,Aarav Das,8843216183,aarav.das2697@swiggy.com,F,18,7,Hyderabad,2025-03-16 00:00:00,NONE
2698,Ira Shetty,9994297216,ira.shetty2698@swiggy.com,M,21,9,Hyderabad,2024-07-27 00:00:00,NONE
2699,Ishaan Sharma,8505893617,ishaan.sharma2699@swiggy.com,F,36,10,Hyderabad,2024-08-20 00:00:00,ONE
2700,Riya Gupta,6413129585,riya.gupta2700@swiggy.com,F,26,6,Hyderabad,2024-06-26 00:00:00,ONE
2701,Pooja Gowda,7937607538,pooja.gowda2701@swiggy.com,F,37,10,Hyderabad,2025-01-24 00:00:00,NONE
2702,Ira Jain,7180291898,ira.jain2702@swiggy.com,F,25,5,Hyderabad,2025-01-26 00:00:00,NONE
2703,Saanvi Pillai,7340057530,saanvi.pillai2703@swiggy.com,M,38,9,Hyderabad,2024-11-08 00:00:00,NONE
2704,Myra Sharma,8416301507,myra.sharma2704@swiggy.com,F,33,5,Hyderabad,2024-11-08 00:00:00,ONE_LITE
2705,Aditya Rao,6906274610,aditya.rao2705@swiggy.com,M,27,5,Hyderabad,2024-01-15 00:00:00,NONE
2706,Suresh Singh,8873248421,suresh.singh2706@swiggy.com,F,29,5,Hyderabad,2025-11-15 00:00:00,ONE_LITE
2707,Akash Gupta,8774830309,akash.gupta2707@swiggy.com,F,23,9,Hyderabad,2023-11-30 00:00:00,ONE_LITE
2708,Akash Chowdhury,9371386045,akash.chowdhury2708@swiggy.com,F,31,7,Hyderabad,2024-06-12 00:00:00,NONE
2709,Vivaan Bose,8473405314,vivaan.bose2709@swiggy.com,M,44,10,Hyderabad,2025-01-23 00:00:00,NONE
2710,Krishna Bose,7411995360,krishna.bose2710@swiggy.com,F,18,2,Hyderabad,2025-04-17 00:00:00,NONE
2711,Arjun Das,6885785555,arjun.das2711@swiggy.com,M,36,3,Hyderabad,2025-09-05 00:00:00,ONE_LITE
2712,Riya Das,8042340738,riya.das2712@swiggy.com,F,41,9,Hyderabad,2024-02-24 00:00:00,ONE_LITE
2713,Nikhil Desai,9410144971,nikhil.desai2713@swiggy.com,F,35,3,Hyderabad,2025-05-27 00:00:00,NONE
2714,Vihaan Gowda,9554460562,vihaan.gowda2714@swiggy.com,F,28,7,Hyderabad,2025-05-03 00:00:00,ONE
2715,Ira Naidu,8143463437,ira.naidu2715@swiggy.com,M,27,7,Hyderabad,2025-11-23 00:00:00,NONE
2716,Riya Chowdhury,7802090812,riya.chowdhury2716@swiggy.com,M,18,3,Hyderabad,2023-10-05 00:00:00,NONE
2717,Arjun Mehta,8736373623,arjun.mehta2717@swiggy.com,F,30,4,Hyderabad,2023-10-19 00:00:00,NONE
2718,Vihaan Pillai,8029088673,vihaan.pillai2718@swiggy.com,M,37,7,Hyderabad,2025-09-06 00:00:00,ONE_LITE
2719,Rohit Iyer,7166016174,rohit.iyer2719@swiggy.com,M,36,7,Hyderabad,2025-07-08 00:00:00,ONE_LITE
2720,Neha Gupta,6433764561,neha.gupta2720@swiggy.com,F,18,10,Hyderabad,2025-10-28 00:00:00,NONE
2721,Kiara Jain,7026676690,kiara.jain2721@swiggy.com,M,28,6,Hyderabad,2024-04-11 00:00:00,NONE
2722,Aadhya Gupta,7617612384,aadhya.gupta2722@swiggy.com,F,28,4,Hyderabad,2024-07-13 00:00:00,NONE
2723,Myra Patel,7087235540,myra.patel2723@swiggy.com,F,35,6,Hyderabad,2024-09-29 00:00:00,NONE
2724,Arjun Mehta,7765179251,arjun.mehta2724@swiggy.com,M,26,7,Hyderabad,2024-12-25 00:00:00,NONE
2725,Aditya Kulkarni,9244203084,aditya.kulkarni2725@swiggy.com,M,21,1,Hyderabad,2023-11-28 00:00:00,NONE
2726,Kiara Shetty,8783866758,kiara.shetty2726@swiggy.com,M,31,6,Hyderabad,2025-07-10 00:00:00,ONE_PLUS
2727,Dhruv Pillai,7526728489,dhruv.pillai2727@swiggy.com,F,39,3,Hyderabad,2024-04-30 00:00:00,NONE
2728,Suresh Khan,6337997503,suresh.khan2728@swiggy.com,F,26,7,Hyderabad,2025-09-10 00:00:00,NONE
2729,Diya Rao,8126973951,diya.rao2729@swiggy.com,F,22,6,Hyderabad,2023-11-21 00:00:00,NONE
2730,Anika Mehta,9144176474,anika.mehta2730@swiggy.com,M,36,1,Hyderabad,2025-07-31 00:00:00,NONE
2731,Arjun Reddy,8082629100,arjun.reddy2731@swiggy.com,M,25,1,Hyderabad,2024-09-05 00:00:00,ONE_PLUS
2732,Ira Nair,6421062759,ira.nair2732@swiggy.com,F,29,10,Hyderabad,2024-03-05 00:00:00,NONE
2733,Ira Singh,9416048428,ira.singh2733@swiggy.com,M,31,7,Hyderabad,2024-11-22 00:00:00,ONE_PLUS
2734,Ira Singh,6028223709,ira.singh2734@swiggy.com,M,41,4,Hyderabad,2024-04-03 00:00:00,NONE
2735,Ira Pillai,6726755501,ira.pillai2735@swiggy.com,F,26,6,Hyderabad,2025-02-23 00:00:00,ONE_LITE
2736,Arjun Bose,8481245003,arjun.bose2736@swiggy.com,M,34,4,Hyderabad,2025-08-23 00:00:00,NONE
2737,Aarav Iyer,7386470050,aarav.iyer2737@swiggy.com,F,25,1,Hyderabad,2025-01-18 00:00:00,ONE
2738,Krishna Chowdhury,7247234245,krishna.chowdhury2738@swiggy.com,M,42,1,Hyderabad,2024-08-23 00:00:00,NONE
2739,Vivaan Pillai,7115930219,vivaan.pillai2739@swiggy.com,M,32,10,Hyderabad,2024-02-15 00:00:00,NONE
2740,Arjun Pillai,7673009613,arjun.pillai2740@swiggy.com,M,34,6,Hyderabad,2025-01-31 00:00:00,NONE
2741,Aarav Bose,7150156757,aarav.bose2741@swiggy.com,F,36,5,Hyderabad,2023-10-24 00:00:00,NONE
2742,Nikhil Naidu,8576934931,nikhil.naidu2742@swiggy.com,M,36,4,Hyderabad,2023-10-11 00:00:00,ONE_LITE
2743,Ananya Iyer,8780269552,ananya.iyer2743@swiggy.com,M,40,9,Hyderabad,2024-04-15 00:00:00,NONE
2744,Kiara Patel,8417668871,kiara.patel2744@swiggy.com,M,23,4,Hyderabad,2025-11-06 00:00:00,NONE
2745,Kiara Shetty,9433032818,kiara.shetty2745@swiggy.com,F,34,7,Hyderabad,2025-03-24 00:00:00,NONE
2746,Vivaan Kulkarni,6844017865,vivaan.kulkarni2746@swiggy.com,M,18,9,Hyderabad,2024-09-29 00:00:00,NONE
2747,Vivaan Khan,9959482369,vivaan.khan2747@swiggy.com,F,39,3,Hyderabad,2023-10-08 00:00:00,NONE
2748,Pooja Reddy,8434456256,pooja.reddy2748@swiggy.com,M,30,4,Hyderabad,2024-01-02 00:00:00,NONE
2749,Ananya Kulkarni,6092842363,ananya.kulkarni2749@swiggy.com,M,42,3,Hyderabad,2024-11-05 00:00:00,ONE
2750,Aadhya Shetty,7438695181,aadhya.shetty2750@swiggy.com,F,33,4,Hyderabad,2024-08-21 00:00:00,NONE
2751,Pooja Gowda,9783198348,pooja.gowda2751@swiggy.com,M,32,7,Hyderabad,2024-01-27 00:00:00,NONE
2752,Sneha Desai,9347403678,sneha.desai2752@swiggy.com,F,26,4,Hyderabad,2024-05-20 00:00:00,NONE
2753,Riya Pillai,8520523073,riya.pillai2753@swiggy.com,F,18,9,Hyderabad,2025-11-18 00:00:00,ONE
2754,Ishaan Mehta,7368752681,ishaan.mehta2754@swiggy.com,M,49,7,Hyderabad,2025-10-06 00:00:00,NONE
2755,Vivaan Kulkarni,9383459115,vivaan.kulkarni2755@swiggy.com,F,29,6,Hyderabad,2024-08-22 00:00:00,ONE_LITE
2756,Sai Jain,8436731956,sai.jain2756@swiggy.com,F,38,4,Hyderabad,2023-08-27 00:00:00,ONE_LITE
2757,Suresh Jain,6489960639,suresh.jain2757@swiggy.com,F,45,10,Hyderabad,2024-08-11 00:00:00,NONE
2758,Nikhil Rao,8409116152,nikhil.rao2758@swiggy.com,F,18,8,Hyderabad,2024-05-03 00:00:00,ONE_LITE
2759,Ishaan Naidu,9878125805,ishaan.naidu2759@swiggy.com,F,18,3,Hyderabad,2023-12-10 00:00:00,NONE
2760,Aadhya Jain,9863889070,aadhya.jain2760@swiggy.com,F,31,5,Hyderabad,2024-12-13 00:00:00,ONE
2761,Diya Khan,9295416809,diya.khan2761@swiggy.com,M,51,4,Hyderabad,2024-12-07 00:00:00,ONE_LITE
2762,Nikhil Pillai,6318576017,nikhil.pillai2762@swiggy.com,M,26,10,Hyderabad,2023-08-18 00:00:00,NONE
2763,Kiara Das,8845392406,kiara.das2763@swiggy.com,M,24,6,Hyderabad,2025-09-27 00:00:00,ONE_PLUS
2764,Krishna Reddy,8851562482,krishna.reddy2764@swiggy.com,M,43,9,Hyderabad,2025-06-01 00:00:00,NONE
2765,Diya Gupta,8053113850,diya.gupta2765@swiggy.com,F,28,4,Hyderabad,2025-09-09 00:00:00,NONE
2766,Varun Nair,7658762008,varun.nair2766@swiggy.com,M,58,4,Hyderabad,2023-12-11 00:00:00,NONE
2767,Sneha Khan,9207632317,sneha.khan2767@swiggy.com,M,31,4,Hyderabad,2025-03-12 00:00:00,NONE
2768,Reyansh Desai,7320649831,reyansh.desai2768@swiggy.com,M,35,3,Hyderabad,2024-06-09 00:00:00,ONE_LITE
2769,Aditya Patel,9550394060,aditya.patel2769@swiggy.com,F,24,10,Hyderabad,2024-12-02 00:00:00,ONE
2770,Dhruv Das,9646356183,dhruv.das2770@swiggy.com,F,41,7,Hyderabad,2025-11-21 00:00:00,ONE_PLUS
2771,Reyansh Iyer,9465298289,reyansh.iyer2771@swiggy.com,M,21,3,Hyderabad,2025-01-12 00:00:00,ONE
2772,Vivaan Shetty,7125122848,vivaan.shetty2772@swiggy.com,F,21,7,Hyderabad,2024-12-05 00:00:00,NONE
2773,Myra Shetty,7026967840,myra.shetty2773@swiggy.com,M,22,1,Hyderabad,2023-12-25 00:00:00,NONE
2774,Ishaan Khan,8740473705,ishaan.khan2774@swiggy.com,F,24,9,Hyderabad,2024-12-15 00:00:00,NONE
2775,Sai Mehta,8181990715,sai.mehta2775@swiggy.com,M,18,9,Hyderabad,2023-12-17 00:00:00,ONE_LITE
2776,Vihaan Rao,6518443030,vihaan.rao2776@swiggy.com,F,18,6,Hyderabad,2025-07-08 00:00:00,NONE
2777,Arjun Jain,9262297371,arjun.jain2777@swiggy.com,F,36,4,Hyderabad,2023-11-29 00:00:00,ONE_LITE
2778,Diya Naidu,8552099984,diya.naidu2778@swiggy.com,M,46,5,Hyderabad,2024-03-23 00:00:00,ONE
2779,Reyansh Gupta,7177702042,reyansh.gupta2779@swiggy.com,M,47,7,Hyderabad,2024-11-29 00:00:00,ONE_LITE
2780,Meera Das,8850309726,meera.das2780@swiggy.com,F,30,2,Hyderabad,2025-02-06 00:00:00,ONE
2781,Vihaan Kulkarni,9811241642,vihaan.kulkarni2781@swiggy.com,F,28,8,Hyderabad,2024-01-21 00:00:00,ONE
2782,Kiran Khan,9644270735,kiran.khan2782@swiggy.com,M,24,8,Hyderabad,2024-04-20 00:00:00,NONE
2783,Reyansh Chowdhury,6397475494,reyansh.chowdhury2783@swiggy.com,F,31,9,Hyderabad,2023-12-24 00:00:00,NONE
2784,Diya Sharma,7872155152,diya.sharma2784@swiggy.com,M,22,4,Hyderabad,2024-10-20 00:00:00,NONE
2785,Pooja Naidu,7022341674,pooja.naidu2785@swiggy.com,F,38,3,Hyderabad,2024-11-28 00:00:00,ONE
2786,Arjun Das,6599274454,arjun.das2786@swiggy.com,F,27,8,Hyderabad,2024-11-10 00:00:00,NONE
2787,Pooja Pillai,9223268572,pooja.pillai2787@swiggy.com,M,29,3,Hyderabad,2025-03-05 00:00:00,NONE
2788,Nikhil Desai,8516806916,nikhil.desai2788@swiggy.com,M,36,4,Hyderabad,2024-02-27 00:00:00,ONE_LITE
2789,Myra Khan,7700668392,myra.khan2789@swiggy.com,M,47,9,Hyderabad,2023-07-25 00:00:00,NONE
2790,Rohit Rao,6079094038,rohit.rao2790@swiggy.com,F,29,8,Hyderabad,2025-05-05 00:00:00,NONE
2791,Anika Singh,6237026049,anika.singh2791@swiggy.com,F,37,7,Hyderabad,2024-12-18 00:00:00,ONE_LITE
2792,Varun Bose,9957216936,varun.bose2792@swiggy.com,M,29,7,Hyderabad,2024-05-22 00:00:00,NONE
2793,Vivaan Singh,8885744079,vivaan.singh2793@swiggy.com,M,31,5,Hyderabad,2025-04-22 00:00:00,NONE
2794,Vihaan Nair,7514300539,vihaan.nair2794@swiggy.com,M,26,10,Hyderabad,2024-04-04 00:00:00,NONE
2795,Akash Patel,8386509851,akash.patel2795@swiggy.com,M,24,7,Hyderabad,2024-08-24 00:00:00,ONE
2796,Meera Gowda,7915608050,meera.gowda2796@swiggy.com,M,25,8,Hyderabad,2023-10-13 00:00:00,ONE
2797,Meera Kulkarni,7170728253,meera.kulkarni2797@swiggy.com,M,39,6,Hyderabad,2024-01-04 00:00:00,NONE
2798,Aarav Singh,9462590700,aarav.singh2798@swiggy.com,M,42,7,Hyderabad,2024-07-10 00:00:00,ONE
2799,Neha Rao,7417904907,neha.rao2799@swiggy.com,M,25,5,Hyderabad,2025-10-21 00:00:00,NONE
2800,Sai Bose,6517587342,sai.bose2800@swiggy.com,F,23,10,Hyderabad,2024-07-18 00:00:00,NONE
2801,Anika Singh,8837656848,anika.singh2801@swiggy.com,M,21,5,Hyderabad,2025-03-08 00:00:00,ONE_LITE
2802,Myra Desai,6879926998,myra.desai2802@swiggy.com,F,41,6,Hyderabad,2025-02-18 00:00:00,NONE
2803,Anika Naidu,7657641370,anika.naidu2803@swiggy.com,M,35,6,Hyderabad,2025-05-19 00:00:00,NONE
2804,Dhruv Khan,9291370194,dhruv.khan2804@swiggy.com,M,28,2,Hyderabad,2024-07-29 00:00:00,ONE_LITE
2805,Saanvi Rao,7170114974,saanvi.rao2805@swiggy.com,F,40,7,Hyderabad,2023-07-14 00:00:00,ONE
2806,Krishna Kulkarni,9472945602,krishna.kulkarni2806@swiggy.com,M,33,8,Hyderabad,2024-09-13 00:00:00,NONE
2807,Rahul Patel,6943918073,rahul.patel2807@swiggy.com,F,51,9,Hyderabad,2024-05-16 00:00:00,NONE
2808,Rahul Khan,9334814834,rahul.khan2808@swiggy.com,F,42,2,Hyderabad,2024-10-18 00:00:00,ONE
2809,Rahul Sharma,8406177083,rahul.sharma2809@swiggy.com,F,29,9,Hyderabad,2025-06-19 00:00:00,ONE
2810,Reyansh Reddy,6281708444,reyansh.reddy2810@swiggy.com,M,18,2,Hyderabad,2025-03-29 00:00:00,ONE
2811,Rahul Reddy,7262666452,rahul.reddy2811@swiggy.com,M,37,6,Hyderabad,2025-02-07 00:00:00,ONE_LITE
2812,Sai Chowdhury,6946382903,sai.chowdhury2812@swiggy.com,M,21,4,Hyderabad,2023-12-10 00:00:00,NONE
2813,Vihaan Khan,6745963381,vihaan.khan2813@swiggy.com,M,21,4,Hyderabad,2025-05-20 00:00:00,NONE
2814,Vihaan Reddy,6076909190,vihaan.reddy2814@swiggy.com,M,42,2,Hyderabad,2025-01-09 00:00:00,ONE_LITE
2815,Saanvi Jain,7073658656,saanvi.jain2815@swiggy.com,M,41,7,Hyderabad,2024-06-01 00:00:00,ONE
2816,Diya Gowda,8824063334,diya.gowda2816@swiggy.com,F,37,6,Hyderabad,2024-05-02 00:00:00,NONE
2817,Myra Desai,9828230941,myra.desai2817@swiggy.com,M,23,10,Hyderabad,2023-10-16 00:00:00,ONE_LITE
2818,Sneha Kulkarni,9664619402,sneha.kulkarni2818@swiggy.com,F,35,5,Hyderabad,2023-08-24 00:00:00,NONE
2819,Ananya Naidu,6728162847,ananya.naidu2819@swiggy.com,F,45,7,Hyderabad,2025-09-10 00:00:00,ONE_LITE
2820,Aarav Patel,7515465086,aarav.patel2820@swiggy.com,M,25,9,Hyderabad,2025-08-22 00:00:00,NONE
2821,Myra Mehta,9885492750,myra.mehta2821@swiggy.com,F,26,5,Hyderabad,2025-03-20 00:00:00,ONE_LITE
2822,Neha Bose,9369010270,neha.bose2822@swiggy.com,F,18,9,Hyderabad,2024-05-22 00:00:00,ONE_LITE
2823,Pooja Patel,9397367685,pooja.patel2823@swiggy.com,F,35,1,Hyderabad,2024-05-10 00:00:00,ONE
2824,Sai Patel,8907548909,sai.patel2824@swiggy.com,F,33,1,Hyderabad,2024-02-17 00:00:00,ONE_LITE
2825,Myra Das,7117735170,myra.das2825@swiggy.com,M,27,5,Hyderabad,2024-09-13 00:00:00,NONE
2826,Kiara Pillai,7563010502,kiara.pillai2826@swiggy.com,F,32,5,Hyderabad,2024-03-01 00:00:00,NONE
2827,Ira Desai,6937873485,ira.desai2827@swiggy.com,M,33,5,Hyderabad,2023-10-27 00:00:00,ONE
2828,Aarav Mehta,7839572120,aarav.mehta2828@swiggy.com,F,37,2,Hyderabad,2025-04-25 00:00:00,NONE
2829,Varun Bose,7187809989,varun.bose2829@swiggy.com,M,30,7,Hyderabad,2025-07-03 00:00:00,NONE
2830,Diya Jain,9948658932,diya.jain2830@swiggy.com,F,18,9,Hyderabad,2024-07-15 00:00:00,NONE
2831,Vihaan Chowdhury,9682280228,vihaan.chowdhury2831@swiggy.com,F,24,9,Hyderabad,2024-10-17 00:00:00,ONE
2832,Arjun Singh,7591143313,arjun.singh2832@swiggy.com,F,35,5,Hyderabad,2023-07-21 00:00:00,NONE
2833,Neha Naidu,6412501391,neha.naidu2833@swiggy.com,M,23,10,Hyderabad,2024-09-29 00:00:00,NONE
2834,Suresh Gowda,7964579199,suresh.gowda2834@swiggy.com,M,44,4,Hyderabad,2024-03-10 00:00:00,ONE
2835,Aarav Iyer,6460128076,aarav.iyer2835@swiggy.com,M,18,3,Hyderabad,2024-06-19 00:00:00,NONE
2836,Reyansh Rao,8762982207,reyansh.rao2836@swiggy.com,F,40,10,Hyderabad,2025-02-07 00:00:00,NONE
2837,Suresh Patel,6879868447,suresh.patel2837@swiggy.com,M,50,3,Hyderabad,2025-03-28 00:00:00,ONE
2838,Rahul Naidu,9706002278,rahul.naidu2838@swiggy.com,O,18,8,Hyderabad,2024-07-22 00:00:00,ONE
2839,Aarav Iyer,6446328721,aarav.iyer2839@swiggy.com,F,29,3,Hyderabad,2024-10-20 00:00:00,NONE
2840,Ishaan Gowda,8118441436,ishaan.gowda2840@swiggy.com,M,27,4,Hyderabad,2024-04-01 00:00:00,NONE
2841,Vihaan Chowdhury,7109540712,vihaan.chowdhury2841@swiggy.com,M,18,1,Hyderabad,2025-06-12 00:00:00,ONE_LITE
2842,Nikhil Pillai,6552807649,nikhil.pillai2842@swiggy.com,M,34,7,Hyderabad,2023-11-30 00:00:00,NONE
2843,Meera Khan,7673703772,meera.khan2843@swiggy.com,F,30,10,Hyderabad,2023-09-29 00:00:00,NONE
2844,Kiara Kulkarni,8161934877,kiara.kulkarni2844@swiggy.com,F,18,10,Hyderabad,2025-05-30 00:00:00,NONE
2845,Dhruv Das,6657575477,dhruv.das2845@swiggy.com,M,23,8,Hyderabad,2024-03-31 00:00:00,ONE
2846,Sneha Bose,7626957073,sneha.bose2846@swiggy.com,M,29,2,Hyderabad,2025-04-11 00:00:00,ONE_LITE
2847,Ishaan Kulkarni,9022444195,ishaan.kulkarni2847@swiggy.com,M,30,8,Hyderabad,2025-06-03 00:00:00,NONE
2848,Nikhil Bose,6657568705,nikhil.bose2848@swiggy.com,M,37,6,Hyderabad,2025-02-01 00:00:00,ONE_LITE
2849,Neha Reddy,9718653333,neha.reddy2849@swiggy.com,F,36,2,Hyderabad,2025-11-04 00:00:00,ONE
2850,Reyansh Bose,9530668607,reyansh.bose2850@swiggy.com,F,25,6,Hyderabad,2025-08-09 00:00:00,NONE
2851,Kiran Singh,8264668753,kiran.singh2851@swiggy.com,M,20,6,Hyderabad,2024-06-18 00:00:00,ONE
2852,Rohit Naidu,7810911470,rohit.naidu2852@swiggy.com,M,39,6,Hyderabad,2023-12-08 00:00:00,NONE
2853,Krishna Khan,7243444278,krishna.khan2853@swiggy.com,M,24,4,Hyderabad,2025-03-10 00:00:00,ONE_LITE
2854,Pooja Kulkarni,6320264009,pooja.kulkarni2854@swiggy.com,M,18,7,Hyderabad,2023-09-01 00:00:00,NONE
2855,Varun Shetty,9949954238,varun.shetty2855@swiggy.com,F,19,2,Hyderabad,2024-02-22 00:00:00,ONE_PLUS
2856,Nikhil Singh,7478747173,nikhil.singh2856@swiggy.com,F,19,7,Hyderabad,2024-03-19 00:00:00,NONE
2857,Rohit Khan,9231985783,rohit.khan2857@swiggy.com,M,26,7,Hyderabad,2024-07-03 00:00:00,NONE
2858,Suresh Nair,6274500452,suresh.nair2858@swiggy.com,F,35,8,Hyderabad,2023-11-13 00:00:00,NONE
2859,Neha Rao,6277906066,neha.rao2859@swiggy.com,M,29,10,Hyderabad,2025-01-27 00:00:00,ONE_LITE
2860,Rohit Nair,8151943228,rohit.nair2860@swiggy.com,F,45,10,Hyderabad,2025-05-02 00:00:00,ONE
2861,Ananya Iyer,7392062197,ananya.iyer2861@swiggy.com,F,18,1,Hyderabad,2024-04-09 00:00:00,ONE
2862,Rohit Iyer,6244797688,rohit.iyer2862@swiggy.com,F,31,1,Hyderabad,2024-11-25 00:00:00,NONE
2863,Aditya Gupta,7781977966,aditya.gupta2863@swiggy.com,M,24,9,Hyderabad,2025-08-09 00:00:00,ONE
2864,Saanvi Shetty,7554403557,saanvi.shetty2864@swiggy.com,M,27,6,Hyderabad,2025-06-17 00:00:00,NONE
2865,Sai Bose,6660259906,sai.bose2865@swiggy.com,F,32,8,Hyderabad,2025-08-28 00:00:00,ONE_LITE
2866,Krishna Patel,8935420045,krishna.patel2866@swiggy.com,M,37,10,Hyderabad,2025-03-19 00:00:00,NONE
2867,Aditya Desai,6467951637,aditya.desai2867@swiggy.com,M,24,9,Hyderabad,2025-02-06 00:00:00,NONE
2868,Ira Iyer,6493512386,ira.iyer2868@swiggy.com,M,30,6,Hyderabad,2023-09-04 00:00:00,NONE
2869,Saanvi Reddy,6171177622,saanvi.reddy2869@swiggy.com,M,18,6,Hyderabad,2024-05-07 00:00:00,ONE_LITE
2870,Sneha Rao,6171854415,sneha.rao2870@swiggy.com,M,28,3,Hyderabad,2024-05-20 00:00:00,ONE_PLUS
2871,Suresh Singh,7463415109,suresh.singh2871@swiggy.com,F,36,5,Hyderabad,2023-07-11 00:00:00,NONE
2872,Suresh Sharma,9944393065,suresh.sharma2872@swiggy.com,M,30,9,Hyderabad,2024-12-01 00:00:00,NONE
2873,Kiara Reddy,9095645824,kiara.reddy2873@swiggy.com,F,22,1,Hyderabad,2025-01-04 00:00:00,NONE
2874,Krishna Rao,6387272234,krishna.rao2874@swiggy.com,F,25,2,Hyderabad,2024-04-04 00:00:00,NONE
2875,Anika Das,8148179485,anika.das2875@swiggy.com,F,19,5,Hyderabad,2023-10-28 00:00:00,NONE
2876,Aadhya Reddy,8225629091,aadhya.reddy2876@swiggy.com,F,34,10,Hyderabad,2025-09-12 00:00:00,NONE
2877,Ananya Reddy,7470495103,ananya.reddy2877@swiggy.com,M,38,5,Hyderabad,2025-11-19 00:00:00,NONE
2878,Myra Khan,6357956074,myra.khan2878@swiggy.com,F,18,10,Hyderabad,2024-07-17 00:00:00,ONE
2879,Ira Desai,8665585569,ira.desai2879@swiggy.com,M,39,4,Hyderabad,2024-10-25 00:00:00,NONE
2880,Vihaan Khan,9762297904,vihaan.khan2880@swiggy.com,M,26,6,Hyderabad,2024-08-21 00:00:00,NONE
2881,Sai Kulkarni,6242411554,sai.kulkarni2881@swiggy.com,F,30,10,Hyderabad,2025-01-04 00:00:00,ONE_LITE
2882,Aditya Gowda,9978435682,aditya.gowda2882@swiggy.com,M,26,7,Hyderabad,2023-08-16 00:00:00,NONE
2883,Riya Sharma,9930274352,riya.sharma2883@swiggy.com,M,23,3,Hyderabad,2023-08-17 00:00:00,NONE
2884,Anika Iyer,8292168116,anika.iyer2884@swiggy.com,M,27,6,Hyderabad,2023-11-12 00:00:00,NONE
2885,Nikhil Das,7237839395,nikhil.das2885@swiggy.com,F,37,4,Hyderabad,2025-10-02 00:00:00,NONE
2886,Anika Nair,8571404466,anika.nair2886@swiggy.com,F,42,9,Hyderabad,2025-11-07 00:00:00,ONE_LITE
2887,Sneha Pillai,8779492542,sneha.pillai2887@swiggy.com,M,36,9,Hyderabad,2024-01-30 00:00:00,NONE
2888,Ishaan Das,6456953308,ishaan.das2888@swiggy.com,M,45,9,Hyderabad,2023-11-16 00:00:00,ONE
2889,Rahul Mehta,7964139879,rahul.mehta2889@swiggy.com,F,18,1,Hyderabad,2023-12-26 00:00:00,ONE_LITE
2890,Aditya Reddy,6676134122,aditya.reddy2890@swiggy.com,F,19,1,Hyderabad,2023-12-26 00:00:00,ONE_LITE
2891,Dhruv Iyer,7414358994,dhruv.iyer2891@swiggy.com,F,22,6,Hyderabad,2024-03-01 00:00:00,NONE
2892,Rahul Kulkarni,9758569634,rahul.kulkarni2892@swiggy.com,M,28,5,Hyderabad,2023-08-30 00:00:00,NONE
2893,Krishna Pillai,9373615890,krishna.pillai2893@swiggy.com,M,38,6,Hyderabad,2023-10-06 00:00:00,NONE
2894,Kiran Reddy,7010640113,kiran.reddy2894@swiggy.com,M,37,8,Hyderabad,2023-10-31 00:00:00,NONE
2895,Myra Reddy,8499258719,myra.reddy2895@swiggy.com,F,26,4,Hyderabad,2024-05-10 00:00:00,NONE
2896,Dhruv Iyer,8440865855,dhruv.iyer2896@swiggy.com,F,18,10,Hyderabad,2025-06-06 00:00:00,NONE
2897,Meera Jain,8949514133,meera.jain2897@swiggy.com,M,24,1,Hyderabad,2024-10-06 00:00:00,NONE
2898,Akash Nair,6493377731,akash.nair2898@swiggy.com,M,43,7,Hyderabad,2025-10-11 00:00:00,NONE
2899,Suresh Rao,6919216856,suresh.rao2899@swiggy.com,M,24,1,Hyderabad,2025-01-05 00:00:00,NONE
2900,Aditya Reddy,7851357760,aditya.reddy2900@swiggy.com,F,18,9,Hyderabad,2024-05-15 00:00:00,NONE
2901,Dhruv Patel,9700497513,dhruv.patel2901@swiggy.com,M,40,1,Hyderabad,2025-06-24 00:00:00,NONE
2902,Vihaan Das,9066906026,vihaan.das2902@swiggy.com,M,36,9,Hyderabad,2024-01-10 00:00:00,ONE
2903,Vivaan Sharma,7339516085,vivaan.sharma2903@swiggy.com,F,20,6,Hyderabad,2025-10-12 00:00:00,NONE
2904,Diya Mehta,7636786506,diya.mehta2904@swiggy.com,M,37,1,Hyderabad,2024-01-31 00:00:00,ONE
2905,Meera Gupta,6211379007,meera.gupta2905@swiggy.com,F,33,7,Hyderabad,2025-04-25 00:00:00,ONE_PLUS
2906,Aditya Mehta,8268684760,aditya.mehta2906@swiggy.com,M,31,4,Hyderabad,2024-12-05 00:00:00,ONE_LITE
2907,Vivaan Jain,7297078785,vivaan.jain2907@swiggy.com,M,43,1,Hyderabad,2023-11-11 00:00:00,NONE
2908,Rahul Shetty,7105145540,rahul.shetty2908@swiggy.com,M,24,7,Hyderabad,2024-07-08 00:00:00,NONE
2909,Kiara Patel,6999182626,kiara.patel2909@swiggy.com,F,28,1,Hyderabad,2024-04-02 00:00:00,ONE_LITE
2910,Vihaan Desai,9122493213,vihaan.desai2910@swiggy.com,F,25,3,Hyderabad,2024-05-14 00:00:00,NONE
2911,Arjun Rao,6541879597,arjun.rao2911@swiggy.com,F,21,7,Hyderabad,2025-08-09 00:00:00,NONE
2912,Saanvi Jain,7005571960,saanvi.jain2912@swiggy.com,M,24,10,Hyderabad,2025-01-15 00:00:00,ONE
2913,Saanvi Patel,6023908748,saanvi.patel2913@swiggy.com,M,32,6,Hyderabad,2023-09-27 00:00:00,NONE
2914,Sneha Jain,7734236719,sneha.jain2914@swiggy.com,M,18,6,Hyderabad,2025-10-21 00:00:00,NONE
2915,Riya Mehta,7268712740,riya.mehta2915@swiggy.com,F,31,7,Hyderabad,2023-11-02 00:00:00,NONE
2916,Saanvi Das,8015123318,saanvi.das2916@swiggy.com,M,43,10,Hyderabad,2024-06-27 00:00:00,ONE_LITE
2917,Ira Reddy,6263272741,ira.reddy2917@swiggy.com,M,22,8,Hyderabad,2024-01-11 00:00:00,NONE
2918,Dhruv Naidu,7335197822,dhruv.naidu2918@swiggy.com,F,23,6,Hyderabad,2025-05-16 00:00:00,NONE
2919,Aadhya Desai,9853986783,aadhya.desai2919@swiggy.com,M,39,2,Hyderabad,2023-12-24 00:00:00,ONE
2920,Varun Pillai,9528964411,varun.pillai2920@swiggy.com,M,34,6,Hyderabad,2024-10-12 00:00:00,ONE_LITE
2921,Kiran Shetty,8497241214,kiran.shetty2921@swiggy.com,M,39,5,Hyderabad,2025-10-25 00:00:00,NONE
2922,Akash Das,6283551623,akash.das2922@swiggy.com,M,22,8,Hyderabad,2024-08-27 00:00:00,NONE
2923,Kiran Rao,7515267246,kiran.rao2923@swiggy.com,F,46,8,Hyderabad,2024-02-11 00:00:00,ONE_LITE
2924,Sneha Nair,6576893444,sneha.nair2924@swiggy.com,M,26,8,Hyderabad,2025-06-20 00:00:00,NONE
2925,Nikhil Shetty,9139721402,nikhil.shetty2925@swiggy.com,F,18,9,Hyderabad,2025-04-27 00:00:00,NONE
2926,Meera Pillai,8113997514,meera.pillai2926@swiggy.com,M,30,1,Hyderabad,2025-04-29 00:00:00,NONE
2927,Aarav Shetty,8458825696,aarav.shetty2927@swiggy.com,F,18,9,Hyderabad,2023-08-13 00:00:00,NONE
2928,Aditya Patel,7288550420,aditya.patel2928@swiggy.com,M,48,6,Hyderabad,2025-05-13 00:00:00,NONE
2929,Neha Iyer,9670417320,neha.iyer2929@swiggy.com,F,29,6,Hyderabad,2024-04-13 00:00:00,NONE
2930,Akash Shetty,8395619365,akash.shetty2930@swiggy.com,F,34,3,Hyderabad,2024-10-03 00:00:00,NONE
2931,Rahul Patel,8391020888,rahul.patel2931@swiggy.com,F,36,3,Hyderabad,2024-09-17 00:00:00,NONE
2932,Aarav Nair,8780566195,aarav.nair2932@swiggy.com,F,22,8,Hyderabad,2024-01-30 00:00:00,NONE
2933,Vivaan Pillai,8403961242,vivaan.pillai2933@swiggy.com,M,38,7,Hyderabad,2024-11-09 00:00:00,ONE
2934,Kiara Rao,9975108193,kiara.rao2934@swiggy.com,M,35,4,Hyderabad,2025-10-03 00:00:00,NONE
2935,Diya Sharma,6016228845,diya.sharma2935@swiggy.com,M,36,7,Hyderabad,2025-05-30 00:00:00,NONE
2936,Kiara Gowda,8012131581,kiara.gowda2936@swiggy.com,F,18,9,Hyderabad,2023-07-18 00:00:00,NONE
2937,Rohit Shetty,7215826827,rohit.shetty2937@swiggy.com,M,28,10,Hyderabad,2024-08-20 00:00:00,NONE
2938,Ishaan Iyer,6732508857,ishaan.iyer2938@swiggy.com,M,18,6,Hyderabad,2025-02-02 00:00:00,NONE
2939,Ira Gupta,6455439662,ira.gupta2939@swiggy.com,F,28,5,Hyderabad,2023-10-18 00:00:00,NONE
2940,Ishaan Pillai,6307796014,ishaan.pillai2940@swiggy.com,F,43,6,Hyderabad,2024-05-19 00:00:00,ONE_LITE
2941,Rahul Iyer,8797012834,rahul.iyer2941@swiggy.com,F,25,3,Hyderabad,2025-08-22 00:00:00,NONE
2942,Aarav Patel,9040619218,aarav.patel2942@swiggy.com,M,34,7,Hyderabad,2025-03-02 00:00:00,NONE
2943,Sai Nair,9629713821,sai.nair2943@swiggy.com,F,43,7,Hyderabad,2025-06-10 00:00:00,NONE
2944,Vivaan Pillai,8104617247,vivaan.pillai2944@swiggy.com,F,28,2,Hyderabad,2025-02-01 00:00:00,ONE_LITE
2945,Nikhil Patel,7008087377,nikhil.patel2945@swiggy.com,M,39,1,Hyderabad,2024-12-20 00:00:00,ONE_LITE
2946,Aadhya Shetty,6933443229,aadhya.shetty2946@swiggy.com,M,18,4,Hyderabad,2024-02-14 00:00:00,NONE
2947,Sai Chowdhury,6403341593,sai.chowdhury2947@swiggy.com,F,38,3,Hyderabad,2023-12-07 00:00:00,ONE
2948,Myra Mehta,9653031786,myra.mehta2948@swiggy.com,M,19,8,Hyderabad,2024-09-03 00:00:00,ONE
2949,Pooja Singh,7193496995,pooja.singh2949@swiggy.com,F,23,10,Hyderabad,2023-07-14 00:00:00,NONE
2950,Pooja Pillai,8093902712,pooja.pillai2950@swiggy.com,F,27,2,Hyderabad,2024-10-13 00:00:00,NONE
2951,Aadhya Mehta,6406207882,aadhya.mehta2951@swiggy.com,M,32,9,Hyderabad,2025-01-12 00:00:00,NONE
2952,Rohit Das,6539654810,rohit.das2952@swiggy.com,M,18,10,Hyderabad,2025-11-27 00:00:00,ONE
2953,Neha Iyer,6494328164,neha.iyer2953@swiggy.com,F,27,2,Hyderabad,2024-02-01 00:00:00,ONE_PLUS
2954,Sneha Iyer,9402353820,sneha.iyer2954@swiggy.com,F,32,9,Hyderabad,2025-04-15 00:00:00,ONE_LITE
2955,Rohit Kulkarni,7877785980,rohit.kulkarni2955@swiggy.com,M,23,10,Hyderabad,2025-09-23 00:00:00,ONE_PLUS
2956,Krishna Jain,8369018486,krishna.jain2956@swiggy.com,M,40,7,Hyderabad,2025-02-14 00:00:00,NONE
2957,Reyansh Chowdhury,8190492774,reyansh.chowdhury2957@swiggy.com,M,31,7,Hyderabad,2025-07-03 00:00:00,ONE
2958,Diya Sharma,8595363126,diya.sharma2958@swiggy.com,F,30,9,Hyderabad,2025-03-05 00:00:00,NONE
2959,Arjun Iyer,6221904853,arjun.iyer2959@swiggy.com,M,33,7,Hyderabad,2025-01-05 00:00:00,NONE
2960,Nikhil Kulkarni,7162991266,nikhil.kulkarni2960@swiggy.com,F,31,7,Hyderabad,2025-10-24 00:00:00,NONE
2961,Vihaan Reddy,6580448743,vihaan.reddy2961@swiggy.com,M,26,4,Hyderabad,2024-02-19 00:00:00,NONE
2962,Neha Chowdhury,8926382234,neha.chowdhury2962@swiggy.com,M,30,2,Hyderabad,2024-05-06 00:00:00,NONE
2963,Kiran Khan,7988446065,kiran.khan2963@swiggy.com,M,54,4,Hyderabad,2025-02-27 00:00:00,NONE
2964,Pooja Desai,8087732054,pooja.desai2964@swiggy.com,F,34,6,Hyderabad,2025-06-21 00:00:00,ONE
2965,Vihaan Chowdhury,7656206107,vihaan.chowdhury2965@swiggy.com,F,24,2,Hyderabad,2023-10-24 00:00:00,NONE
2966,Riya Desai,6910273532,riya.desai2966@swiggy.com,F,35,6,Hyderabad,2025-10-25 00:00:00,NONE
2967,Rahul Shetty,7090580678,rahul.shetty2967@swiggy.com,F,36,10,Hyderabad,2024-03-17 00:00:00,ONE_LITE
2968,Suresh Singh,9557637019,suresh.singh2968@swiggy.com,F,42,7,Hyderabad,2025-05-30 00:00:00,ONE_PLUS
2969,Akash Bose,7681812034,akash.bose2969@swiggy.com,F,37,2,Hyderabad,2024-08-13 00:00:00,NONE
2970,Aarav Gupta,7981141902,aarav.gupta2970@swiggy.com,F,23,3,Hyderabad,2024-12-08 00:00:00,ONE_PLUS
2971,Rahul Singh,8134681763,rahul.singh2971@swiggy.com,M,18,3,Hyderabad,2024-07-07 00:00:00,ONE_LITE
2972,Riya Jain,8058235072,riya.jain2972@swiggy.com,F,18,3,Hyderabad,2025-11-15 00:00:00,ONE_LITE
2973,Sneha Kulkarni,8683998073,sneha.kulkarni2973@swiggy.com,M,43,6,Hyderabad,2025-10-07 00:00:00,ONE_LITE
2974,Saanvi Gowda,8361254270,saanvi.gowda2974@swiggy.com,F,29,9,Hyderabad,2024-07-12 00:00:00,NONE
2975,Anika Naidu,9216622141,anika.naidu2975@swiggy.com,F,38,2,Hyderabad,2025-07-20 00:00:00,ONE
2976,Sneha Jain,6925727128,sneha.jain2976@swiggy.com,O,28,1,Hyderabad,2025-05-29 00:00:00,NONE
2977,Ishaan Shetty,9575378077,ishaan.shetty2977@swiggy.com,M,27,3,Hyderabad,2025-05-26 00:00:00,NONE
2978,Krishna Bose,9205389261,krishna.bose2978@swiggy.com,F,33,10,Hyderabad,2025-01-20 00:00:00,ONE_LITE
2979,Pooja Pillai,8165682012,pooja.pillai2979@swiggy.com,O,39,2,Hyderabad,2024-09-19 00:00:00,ONE
2980,Meera Mehta,7757851694,meera.mehta2980@swiggy.com,M,20,8,Hyderabad,2023-07-19 00:00:00,NONE
2981,Vihaan Patel,8746533334,vihaan.patel2981@swiggy.com,M,30,4,Hyderabad,2024-05-20 00:00:00,ONE
2982,Aarav Kulkarni,8939589511,aarav.kulkarni2982@swiggy.com,F,53,8,Hyderabad,2025-11-12 00:00:00,ONE_LITE
2983,Rohit Pillai,8575381924,rohit.pillai2983@swiggy.com,F,29,9,Hyderabad,2025-10-30 00:00:00,NONE
2984,Sai Kulkarni,6720371882,sai.kulkarni2984@swiggy.com,F,40,9,Hyderabad,2023-10-07 00:00:00,NONE
2985,Nikhil Reddy,6464664720,nikhil.reddy2985@swiggy.com,M,30,1,Hyderabad,2024-08-28 00:00:00,NONE
2986,Ira Iyer,9953254782,ira.iyer2986@swiggy.com,F,40,2,Hyderabad,2023-11-23 00:00:00,ONE
2987,Saanvi Singh,9909462485,saanvi.singh2987@swiggy.com,M,18,1,Hyderabad,2025-04-06 00:00:00,ONE_LITE
2988,Dhruv Desai,8010129225,dhruv.desai2988@swiggy.com,M,27,1,Hyderabad,2025-11-13 00:00:00,ONE
2989,Arjun Desai,7043160728,arjun.desai2989@swiggy.com,M,22,8,Hyderabad,2025-03-23 00:00:00,NONE
2990,Rahul Patel,8041876489,rahul.patel2990@swiggy.com,M,23,8,Hyderabad,2024-02-27 00:00:00,ONE_LITE
2991,Ishaan Kulkarni,7090689489,ishaan.kulkarni2991@swiggy.com,M,33,1,Hyderabad,2023-07-14 00:00:00,NONE
2992,Ananya Das,7949650729,ananya.das2992@swiggy.com,F,45,5,Hyderabad,2025-02-16 00:00:00,NONE
2993,Reyansh Sharma,7999964725,reyansh.sharma2993@swiggy.com,F,31,1,Hyderabad,2025-01-09 00:00:00,NONE
2994,Vihaan Nair,6765290226,vihaan.nair2994@swiggy.com,F,26,3,Hyderabad,2025-10-09 00:00:00,ONE
2995,Aadhya Pillai,9345872432,aadhya.pillai2995@swiggy.com,M,25,5,Hyderabad,2025-10-24 00:00:00,NONE
2996,Vivaan Mehta,9072363729,vivaan.mehta2996@swiggy.com,F,32,1,Hyderabad,2025-11-14 00:00:00,ONE
2997,Sai Desai,6095683140,sai.desai2997@swiggy.com,M,38,8,Hyderabad,2024-12-03 00:00:00,ONE_LITE
2998,Vivaan Singh,7705187316,vivaan.singh2998@swiggy.com,M,40,4,Hyderabad,2024-06-02 00:00:00,ONE
2999,Rohit Patel,7563194887,rohit.patel2999@swiggy.com,M,31,1,Hyderabad,2024-05-06 00:00:00,NONE
3000,Rahul Das,7488968881,rahul.das3000@swiggy.com,M,19,5,Hyderabad,2025-09-16 00:00:00,ONE
1,Arjun Desai,8575030988,arjun.desai1@swiggy.com,M,40,10,Hyderabad,2025-05-08 00:00:00,NONE
2,Vivaan Khan,9040771452,vivaan.khan2@swiggy.com,F,36,5,Hyderabad,2025-03-27 00:00:00,NONE
3,Krishna Pillai,8736384200,krishna.pillai3@swiggy.com,F,35,10,Hyderabad,2024-09-20 00:00:00,NONE
4,Anika Khan,9062980262,anika.khan4@swiggy.com,F,49,9,Hyderabad,2025-04-06 00:00:00,NONE
5,Akash Bose,6244063480,akash.bose5@swiggy.com,M,30,3,Hyderabad,2023-11-18 00:00:00,NONE
6,Diya Kulkarni,9214422948,diya.kulkarni6@swiggy.com,M,25,2,Hyderabad,2025-09-26 00:00:00,ONE_LITE
7,Vivaan Pillai,9998142403,vivaan.pillai7@swiggy.com,M,20,9,Hyderabad,2025-08-19 00:00:00,NONE
8,Akash Rao,7499571295,akash.rao8@swiggy.com,M,34,7,Hyderabad,2025-03-01 00:00:00,ONE_LITE
9,Suresh Kulkarni,9049505800,suresh.kulkarni9@swiggy.com,M,22,9,Hyderabad,2025-09-26 00:00:00,ONE
10,Vihaan Bose,8500653263,vihaan.bose10@swiggy.com,F,27,4,Hyderabad,2024-10-10 00:00:00,ONE
11,Arjun Mehta,6370499022,arjun.mehta11@swiggy.com,F,32,5,Hyderabad,2024-10-18 00:00:00,NONE
12,Varun Khan,7245398565,varun.khan12@swiggy.com,M,41,6,Hyderabad,2025-09-18 00:00:00,NONE
13,Reyansh Patel,9712236852,reyansh.patel13@swiggy.com,F,32,2,Hyderabad,2025-07-13 00:00:00,NONE
14,Rahul Das,7031914751,rahul.das14@swiggy.com,M,37,1,Hyderabad,2025-08-25 00:00:00,NONE
15,Vivaan Desai,8403990366,vivaan.desai15@swiggy.com,F,32,3,Hyderabad,2024-05-18 00:00:00,ONE_LITE
16,Meera Das,8921714197,meera.das16@swiggy.com,M,33,6,Hyderabad,2023-09-21 00:00:00,ONE_LITE
17,Rohit Khan,7173041938,rohit.khan17@swiggy.com,F,32,7,Hyderabad,2023-08-29 00:00:00,NONE
18,Aarav Gupta,6389263959,aarav.gupta18@swiggy.com,M,23,4,Hyderabad,2025-04-13 00:00:00,NONE
19,Sai Bose,7053749181,sai.bose19@swiggy.com,F,19,2,Hyderabad,2025-03-05 00:00:00,NONE
20,Ira Reddy,8306338733,ira.reddy20@swiggy.com,M,35,1,Hyderabad,2023-12-03 00:00:00,ONE_LITE
21,Diya Mehta,8163715483,diya.mehta21@swiggy.com,F,38,7,Hyderabad,2024-12-28 00:00:00,NONE
22,Neha Bose,7442497105,neha.bose22@swiggy.com,F,33,4,Hyderabad,2024-09-13 00:00:00,ONE_LITE
23,Aditya Khan,7210248046,aditya.khan23@swiggy.com,M,21,10,Hyderabad,2024-12-19 00:00:00,NONE
24,Kiran Nair,6316888728,kiran.nair24@swiggy.com,M,22,4,Hyderabad,2023-11-23 00:00:00,ONE_PLUS
25,Vivaan Pillai,8911455374,vivaan.pillai25@swiggy.com,F,30,9,Hyderabad,2024-08-09 00:00:00,ONE
26,Pooja Pillai,6874226756,pooja.pillai26@swiggy.com,M,43,9,Hyderabad,2024-09-17 00:00:00,ONE_LITE
27,Aditya Mehta,8235126704,aditya.mehta27@swiggy.com,F,20,5,Hyderabad,2024-09-03 00:00:00,NONE
28,Ira Sharma,8837908549,ira.sharma28@swiggy.com,F,34,9,Hyderabad,2024-08-07 00:00:00,ONE
29,Diya Das,8424367789,diya.das29@swiggy.com,M,34,5,Hyderabad,2023-10-18 00:00:00,ONE
30,Aarav Nair,9048123438,aarav.nair30@swiggy.com,F,29,10,Hyderabad,2024-05-30 00:00:00,ONE_PLUS
31,Pooja Das,7847092090,pooja.das31@swiggy.com,M,25,5,Hyderabad,2023-10-19 00:00:00,NONE
32,Krishna Reddy,8241942369,krishna.reddy32@swiggy.com,F,37,1,Hyderabad,2025-03-19 00:00:00,NONE
33,Pooja Shetty,7103693706,pooja.shetty33@swiggy.com,F,22,2,Hyderabad,2023-09-23 00:00:00,ONE
34,Kiran Mehta,9750560604,kiran.mehta34@swiggy.com,O,31,4,Hyderabad,2025-08-15 00:00:00,ONE_LITE
35,Ira Desai,6747928544,ira.desai35@swiggy.com,M,33,8,Hyderabad,2025-08-11 00:00:00,NONE
36,Ananya Khan,9247563434,ananya.khan36@swiggy.com,F,35,10,Hyderabad,2025-02-26 00:00:00,ONE_LITE
37,Reyansh Kulkarni,7872090747,reyansh.kulkarni37@swiggy.com,M,34,6,Hyderabad,2023-09-03 00:00:00,NONE
38,Kiran Singh,6702635454,kiran.singh38@swiggy.com,F,34,8,Hyderabad,2024-02-05 00:00:00,ONE
39,Aadhya Rao,7327379617,aadhya.rao39@swiggy.com,M,35,9,Hyderabad,2024-12-24 00:00:00,NONE
40,Anika Chowdhury,7982337100,anika.chowdhury40@swiggy.com,F,40,5,Hyderabad,2023-11-17 00:00:00,ONE_LITE
41,Arjun Singh,9854410948,arjun.singh41@swiggy.com,M,23,5,Hyderabad,2023-12-14 00:00:00,ONE
42,Aditya Bose,9189025456,aditya.bose42@swiggy.com,M,27,7,Hyderabad,2024-07-12 00:00:00,ONE_LITE
43,Myra Rao,7893667922,myra.rao43@swiggy.com,F,36,9,Hyderabad,2024-11-03 00:00:00,NONE
44,Ishaan Shetty,9146402280,ishaan.shetty44@swiggy.com,M,18,2,Hyderabad,2025-06-20 00:00:00,NONE
45,Neha Bose,8456980137,neha.bose45@swiggy.com,M,30,4,Hyderabad,2025-03-02 00:00:00,ONE
46,Myra Patel,6669540043,myra.patel46@swiggy.com,M,20,10,Hyderabad,2025-02-05 00:00:00,ONE
47,Aditya Khan,9962074691,aditya.khan47@swiggy.com,M,30,5,Hyderabad,2025-11-01 00:00:00,ONE_LITE
48,Rahul Singh,9443114464,rahul.singh48@swiggy.com,F,24,10,Hyderabad,2024-09-07 00:00:00,NONE
49,Myra Iyer,7217880840,myra.iyer49@swiggy.com,F,18,9,Hyderabad,2025-10-21 00:00:00,ONE_LITE
50,Riya Singh,6725946196,riya.singh50@swiggy.com,M,31,9,Hyderabad,2024-11-22 00:00:00,ONE
51,Sai Mehta,9509941847,sai.mehta51@swiggy.com,M,34,4,Hyderabad,2023-12-02 00:00:00,NONE
52,Reyansh Das,6925395882,reyansh.das52@swiggy.com,M,37,9,Hyderabad,2023-12-06 00:00:00,NONE
53,Akash Chowdhury,7822594153,akash.chowdhury53@swiggy.com,M,45,7,Hyderabad,2024-12-14 00:00:00,NONE
54,Meera Nair,6989238434,meera.nair54@swiggy.com,M,33,9,Hyderabad,2023-10-08 00:00:00,ONE_LITE
55,Rohit Naidu,6919318090,rohit.naidu55@swiggy.com,F,49,7,Hyderabad,2024-10-28 00:00:00,ONE_PLUS
56,Sneha Naidu,9493668883,sneha.naidu56@swiggy.com,M,39,3,Hyderabad,2024-10-04 00:00:00,NONE
57,Kiran Singh,9626220977,kiran.singh57@swiggy.com,F,33,6,Hyderabad,2024-02-25 00:00:00,NONE
58,Sai Mehta,9072315571,sai.mehta58@swiggy.com,M,36,2,Hyderabad,2024-08-30 00:00:00,NONE
59,Sneha Nair,8452646842,sneha.nair59@swiggy.com,M,27,2,Hyderabad,2024-03-13 00:00:00,NONE
60,Aditya Rao,7929643981,aditya.rao60@swiggy.com,F,18,9,Hyderabad,2025-06-19 00:00:00,NONE
61,Aadhya Bose,7929625670,aadhya.bose61@swiggy.com,M,42,7,Hyderabad,2024-04-21 00:00:00,ONE_LITE
62,Saanvi Mehta,8636667686,saanvi.mehta62@swiggy.com,F,18,10,Hyderabad,2023-10-26 00:00:00,NONE
63,Neha Rao,9570271159,neha.rao63@swiggy.com,M,31,1,Hyderabad,2025-01-15 00:00:00,ONE_LITE
64,Akash Jain,8284873191,akash.jain64@swiggy.com,F,24,9,Hyderabad,2024-07-02 00:00:00,NONE
65,Suresh Nair,7032137236,suresh.nair65@swiggy.com,F,44,4,Hyderabad,2024-01-05 00:00:00,ONE
66,Rohit Khan,6085920893,rohit.khan66@swiggy.com,F,18,6,Hyderabad,2025-08-09 00:00:00,NONE
67,Arjun Sharma,9340814679,arjun.sharma67@swiggy.com,M,32,7,Hyderabad,2025-07-31 00:00:00,ONE
68,Suresh Naidu,6686926242,suresh.naidu68@swiggy.com,M,24,7,Hyderabad,2024-04-05 00:00:00,NONE
69,Rohit Desai,7029980269,rohit.desai69@swiggy.com,M,24,6,Hyderabad,2025-08-18 00:00:00,ONE
70,Ananya Khan,8728558277,ananya.khan70@swiggy.com,F,37,1,Hyderabad,2023-09-14 00:00:00,NONE
71,Reyansh Naidu,8571813750,reyansh.naidu71@swiggy.com,F,37,10,Hyderabad,2025-11-25 00:00:00,ONE_LITE
72,Arjun Das,9747515907,arjun.das72@swiggy.com,M,35,5,Hyderabad,2025-10-05 00:00:00,NONE
73,Myra Reddy,9984174831,myra.reddy73@swiggy.com,F,29,9,Hyderabad,2025-01-23 00:00:00,ONE
74,Riya Bose,7352547168,riya.bose74@swiggy.com,F,31,3,Hyderabad,2025-02-19 00:00:00,NONE
75,Sneha Gupta,6423440463,sneha.gupta75@swiggy.com,F,28,9,Hyderabad,2023-11-20 00:00:00,NONE
76,Akash Singh,9004731095,akash.singh76@swiggy.com,F,39,3,Hyderabad,2023-12-25 00:00:00,ONE
77,Aadhya Das,9963526218,aadhya.das77@swiggy.com,F,41,2,Hyderabad,2024-10-03 00:00:00,NONE
78,Nikhil Jain,8889866098,nikhil.jain78@swiggy.com,F,30,6,Hyderabad,2025-08-02 00:00:00,NONE
79,Sai Jain,7931160790,sai.jain79@swiggy.com,M,32,5,Hyderabad,2025-10-29 00:00:00,NONE
80,Diya Das,6337750016,diya.das80@swiggy.com,F,28,9,Hyderabad,2025-04-21 00:00:00,ONE_PLUS
81,Myra Das,6642531655,myra.das81@swiggy.com,M,20,2,Hyderabad,2025-02-22 00:00:00,ONE_LITE
82,Ishaan Nair,9032123071,ishaan.nair82@swiggy.com,F,19,5,Hyderabad,2025-10-12 00:00:00,ONE_LITE
83,Kiran Khan,7080098557,kiran.khan83@swiggy.com,F,29,7,Hyderabad,2024-05-31 00:00:00,ONE
84,Vihaan Nair,9919463414,vihaan.nair84@swiggy.com,F,21,7,Hyderabad,2025-02-04 00:00:00,NONE
85,Aditya Nair,7727065173,aditya.nair85@swiggy.com,F,22,7,Hyderabad,2024-06-09 00:00:00,NONE
86,Vihaan Naidu,7167617477,vihaan.naidu86@swiggy.com,F,27,3,Hyderabad,2025-03-31 00:00:00,NONE
87,Akash Bose,7861043205,akash.bose87@swiggy.com,M,32,8,Hyderabad,2023-12-31 00:00:00,ONE_LITE
88,Myra Sharma,9326905359,myra.sharma88@swiggy.com,F,25,5,Hyderabad,2024-08-12 00:00:00,NONE
89,Akash Bose,8341018375,akash.bose89@swiggy.com,M,18,1,Hyderabad,2024-08-24 00:00:00,ONE_LITE
90,Ishaan Rao,6563937606,ishaan.rao90@swiggy.com,F,18,3,Hyderabad,2025-10-18 00:00:00,ONE
91,Ananya Patel,6276983513,ananya.patel91@swiggy.com,F,23,6,Hyderabad,2025-09-21 00:00:00,ONE_PLUS
92,Riya Iyer,7563179990,riya.iyer92@swiggy.com,F,28,7,Hyderabad,2025-07-18 00:00:00,ONE
93,Aadhya Reddy,7393719127,aadhya.reddy93@swiggy.com,F,29,7,Hyderabad,2024-06-25 00:00:00,NONE
94,Meera Chowdhury,9686511669,meera.chowdhury94@swiggy.com,M,20,9,Hyderabad,2023-09-30 00:00:00,NONE
95,Ira Desai,8967722979,ira.desai95@swiggy.com,M,32,8,Hyderabad,2025-10-14 00:00:00,NONE
96,Rohit Bose,6423598812,rohit.bose96@swiggy.com,F,22,4,Hyderabad,2024-11-16 00:00:00,ONE_LITE
97,Meera Patel,9272914924,meera.patel97@swiggy.com,M,36,8,Hyderabad,2024-11-12 00:00:00,ONE_PLUS
98,Ira Sharma,6529309867,ira.sharma98@swiggy.com,F,26,6,Hyderabad,2025-10-31 00:00:00,NONE
99,Dhruv Singh,8746902196,dhruv.singh99@swiggy.com,F,32,3,Hyderabad,2025-10-19 00:00:00,NONE
100,Nikhil Mehta,8304741950,nikhil.mehta100@swiggy.com,F,30,7,Hyderabad,2025-08-06 00:00:00,NONE
101,Ishaan Naidu,7462460905,ishaan.naidu101@swiggy.com,F,43,9,Hyderabad,2024-04-18 00:00:00,ONE_PLUS
102,Kiara Pillai,9346920737,kiara.pillai102@swiggy.com,F,38,9,Hyderabad,2023-09-14 00:00:00,NONE
103,Anika Kulkarni,8058174668,anika.kulkarni103@swiggy.com,F,49,2,Hyderabad,2023-09-29 00:00:00,ONE_LITE
104,Nikhil Rao,9201095952,nikhil.rao104@swiggy.com,M,22,2,Hyderabad,2023-11-25 00:00:00,NONE
105,Aadhya Sharma,7274449316,aadhya.sharma105@swiggy.com,M,23,4,Hyderabad,2025-02-08 00:00:00,NONE
106,Kiara Jain,9706853063,kiara.jain106@swiggy.com,F,31,6,Hyderabad,2023-09-03 00:00:00,ONE_PLUS
107,Ira Shetty,6308392990,ira.shetty107@swiggy.com,F,38,10,Hyderabad,2023-11-24 00:00:00,ONE_LITE
108,Kiara Shetty,9167007335,kiara.shetty108@swiggy.com,M,24,7,Hyderabad,2024-11-20 00:00:00,ONE_LITE
109,Rohit Rao,7375536217,rohit.rao109@swiggy.com,F,18,10,Hyderabad,2025-06-23 00:00:00,ONE
110,Diya Pillai,9224929418,diya.pillai110@swiggy.com,F,46,8,Hyderabad,2024-06-15 00:00:00,ONE
111,Varun Rao,9899675221,varun.rao111@swiggy.com,M,40,8,Hyderabad,2025-06-04 00:00:00,NONE
112,Aadhya Chowdhury,8121705385,aadhya.chowdhury112@swiggy.com,M,25,3,Hyderabad,2023-09-07 00:00:00,ONE_PLUS
113,Aditya Mehta,6975780964,aditya.mehta113@swiggy.com,M,28,10,Hyderabad,2025-08-31 00:00:00,ONE_LITE
114,Arjun Pillai,8715885319,arjun.pillai114@swiggy.com,M,41,9,Hyderabad,2024-12-10 00:00:00,NONE
115,Kiara Mehta,9265135519,kiara.mehta115@swiggy.com,F,30,4,Hyderabad,2024-12-08 00:00:00,NONE
116,Rohit Gowda,7858006567,rohit.gowda116@swiggy.com,F,30,3,Hyderabad,2025-06-05 00:00:00,ONE
117,Rahul Reddy,6856328446,rahul.reddy117@swiggy.com,M,20,7,Hyderabad,2024-03-05 00:00:00,ONE
118,Ira Singh,6263778913,ira.singh118@swiggy.com,F,28,3,Hyderabad,2024-09-03 00:00:00,ONE_PLUS
119,Ananya Khan,6141098499,ananya.khan119@swiggy.com,F,18,9,Hyderabad,2025-08-11 00:00:00,NONE
120,Suresh Kulkarni,8745430959,suresh.kulkarni120@swiggy.com,F,41,6,Hyderabad,2024-04-15 00:00:00,NONE
121,Aadhya Sharma,9258620112,aadhya.sharma121@swiggy.com,F,40,4,Hyderabad,2024-04-09 00:00:00,NONE
122,Diya Desai,9451505729,diya.desai122@swiggy.com,F,30,6,Hyderabad,2023-10-07 00:00:00,ONE_LITE
123,Arjun Patel,6395316400,arjun.patel123@swiggy.com,M,35,10,Hyderabad,2025-07-29 00:00:00,ONE
124,Saanvi Chowdhury,6181933685,saanvi.chowdhury124@swiggy.com,M,42,6,Hyderabad,2023-08-27 00:00:00,ONE_LITE
125,Kiara Pillai,6728369577,kiara.pillai125@swiggy.com,M,39,9,Hyderabad,2023-08-02 00:00:00,NONE
126,Saanvi Jain,8751668160,saanvi.jain126@swiggy.com,M,18,1,Hyderabad,2024-03-26 00:00:00,NONE
127,Aarav Rao,7442564877,aarav.rao127@swiggy.com,M,43,2,Hyderabad,2025-05-16 00:00:00,ONE
128,Meera Kulkarni,6531933776,meera.kulkarni128@swiggy.com,F,30,9,Hyderabad,2025-04-29 00:00:00,NONE
129,Saanvi Gupta,8229977644,saanvi.gupta129@swiggy.com,F,18,5,Hyderabad,2024-03-13 00:00:00,ONE
130,Suresh Jain,7163989822,suresh.jain130@swiggy.com,F,29,9,Hyderabad,2023-09-05 00:00:00,NONE
131,Akash Rao,7728252172,akash.rao131@swiggy.com,M,18,2,Hyderabad,2024-12-08 00:00:00,NONE
132,Varun Chowdhury,8604717059,varun.chowdhury132@swiggy.com,M,36,1,Hyderabad,2024-01-12 00:00:00,NONE
133,Akash Singh,6672207627,akash.singh133@swiggy.com,M,33,7,Hyderabad,2024-01-29 00:00:00,NONE
134,Ira Shetty,9934999805,ira.shetty134@swiggy.com,M,21,1,Hyderabad,2025-06-01 00:00:00,NONE
135,Dhruv Rao,6815283767,dhruv.rao135@swiggy.com,M,21,2,Hyderabad,2024-12-19 00:00:00,ONE
136,Ananya Mehta,8188850611,ananya.mehta136@swiggy.com,M,34,1,Hyderabad,2023-11-04 00:00:00,NONE
137,Aarav Jain,6279370660,aarav.jain137@swiggy.com,M,29,6,Hyderabad,2025-03-18 00:00:00,NONE
138,Dhruv Shetty,6698766932,dhruv.shetty138@swiggy.com,M,20,2,Hyderabad,2024-08-08 00:00:00,NONE
139,Arjun Rao,7454562278,arjun.rao139@swiggy.com,F,23,3,Hyderabad,2024-07-26 00:00:00,NONE
140,Myra Chowdhury,7050555135,myra.chowdhury140@swiggy.com,F,31,2,Hyderabad,2024-06-07 00:00:00,ONE
141,Krishna Bose,6058454048,krishna.bose141@swiggy.com,M,35,2,Hyderabad,2024-01-01 00:00:00,NONE
142,Reyansh Reddy,8503099090,reyansh.reddy142@swiggy.com,M,36,1,Hyderabad,2024-10-18 00:00:00,NONE
143,Nikhil Naidu,6384930981,nikhil.naidu143@swiggy.com,M,18,7,Hyderabad,2025-05-27 00:00:00,NONE
144,Sai Pillai,6572002655,sai.pillai144@swiggy.com,F,42,6,Hyderabad,2025-07-29 00:00:00,NONE
145,Myra Desai,8297184780,myra.desai145@swiggy.com,M,35,4,Hyderabad,2025-03-19 00:00:00,NONE
146,Vihaan Gowda,9468204577,vihaan.gowda146@swiggy.com,F,32,4,Hyderabad,2025-09-20 00:00:00,NONE
147,Dhruv Khan,7578289542,dhruv.khan147@swiggy.com,M,18,3,Hyderabad,2024-06-30 00:00:00,NONE
148,Varun Shetty,6503635642,varun.shetty148@swiggy.com,M,31,9,Hyderabad,2024-04-01 00:00:00,NONE
149,Meera Singh,8837895951,meera.singh149@swiggy.com,M,24,3,Hyderabad,2023-10-17 00:00:00,NONE
150,Krishna Kulkarni,9980712668,krishna.kulkarni150@swiggy.com,F,20,4,Hyderabad,2025-03-11 00:00:00,NONE
151,Nikhil Bose,8483909919,nikhil.bose151@swiggy.com,F,29,4,Hyderabad,2023-08-27 00:00:00,ONE_LITE
152,Kiran Gowda,8323246338,kiran.gowda152@swiggy.com,F,43,8,Hyderabad,2025-03-24 00:00:00,NONE
153,Neha Singh,7934521295,neha.singh153@swiggy.com,F,20,8,Hyderabad,2025-08-19 00:00:00,ONE_LITE
154,Arjun Gupta,7252593747,arjun.gupta154@swiggy.com,M,28,7,Hyderabad,2025-01-29 00:00:00,NONE
155,Sai Desai,8151899580,sai.desai155@swiggy.com,F,18,8,Hyderabad,2024-08-13 00:00:00,ONE_LITE
156,Aarav Das,8827053666,aarav.das156@swiggy.com,M,35,1,Hyderabad,2023-10-07 00:00:00,NONE
157,Saanvi Reddy,9540752564,saanvi.reddy157@swiggy.com,M,24,8,Hyderabad,2024-01-22 00:00:00,NONE
158,Akash Patel,8262370942,akash.patel158@swiggy.com,F,22,3,Hyderabad,2025-08-10 00:00:00,NONE
159,Rohit Iyer,9035001447,rohit.iyer159@swiggy.com,F,32,4,Hyderabad,2025-01-24 00:00:00,NONE
160,Varun Chowdhury,9296529625,varun.chowdhury160@swiggy.com,M,29,10,Hyderabad,2025-08-22 00:00:00,NONE
161,Akash Kulkarni,9957730128,akash.kulkarni161@swiggy.com,F,24,1,Hyderabad,2025-05-28 00:00:00,ONE_PLUS
162,Varun Pillai,7377607302,varun.pillai162@swiggy.com,F,36,7,Hyderabad,2024-01-04 00:00:00,NONE
163,Riya Gowda,6936742531,riya.gowda163@swiggy.com,F,18,2,Hyderabad,2024-12-14 00:00:00,ONE
164,Diya Iyer,7770176731,diya.iyer164@swiggy.com,M,34,10,Hyderabad,2024-01-21 00:00:00,ONE
165,Myra Desai,7104551055,myra.desai165@swiggy.com,M,18,1,Hyderabad,2025-01-16 00:00:00,NONE
166,Aarav Mehta,6309995131,aarav.mehta166@swiggy.com,F,30,6,Hyderabad,2024-10-29 00:00:00,NONE
167,Saanvi Naidu,9122739746,saanvi.naidu167@swiggy.com,F,29,5,Hyderabad,2025-02-26 00:00:00,NONE
168,Arjun Mehta,9936833889,arjun.mehta168@swiggy.com,M,19,8,Hyderabad,2025-08-10 00:00:00,NONE
169,Ananya Gowda,8413376973,ananya.gowda169@swiggy.com,M,39,3,Hyderabad,2025-01-24 00:00:00,NONE
170,Neha Nair,7155565947,neha.nair170@swiggy.com,F,24,5,Hyderabad,2023-08-14 00:00:00,NONE
171,Dhruv Iyer,6613214345,dhruv.iyer171@swiggy.com,F,18,8,Hyderabad,2023-09-03 00:00:00,ONE
172,Meera Chowdhury,6573856076,meera.chowdhury172@swiggy.com,F,22,10,Hyderabad,2024-10-13 00:00:00,NONE
173,Rahul Gowda,9566937102,rahul.gowda173@swiggy.com,F,33,6,Hyderabad,2025-06-10 00:00:00,ONE
174,Anika Bose,8437553014,anika.bose174@swiggy.com,M,24,9,Hyderabad,2024-05-05 00:00:00,ONE
175,Pooja Naidu,7342444633,pooja.naidu175@swiggy.com,F,40,2,Hyderabad,2025-08-01 00:00:00,NONE
176,Sneha Kulkarni,9619211592,sneha.kulkarni176@swiggy.com,F,32,2,Hyderabad,2025-11-04 00:00:00,NONE
177,Sai Shetty,6378440227,sai.shetty177@swiggy.com,M,33,7,Hyderabad,2024-02-22 00:00:00,NONE
178,Vihaan Pillai,8311649333,vihaan.pillai178@swiggy.com,F,26,2,Hyderabad,2024-04-15 00:00:00,ONE_LITE
179,Aadhya Rao,8872601131,aadhya.rao179@swiggy.com,F,40,2,Hyderabad,2024-12-06 00:00:00,NONE
180,Diya Das,8544599112,diya.das180@swiggy.com,M,26,3,Hyderabad,2024-06-22 00:00:00,NONE
181,Pooja Rao,9894135644,pooja.rao181@swiggy.com,M,30,3,Hyderabad,2025-01-09 00:00:00,NONE
182,Sai Iyer,9720227574,sai.iyer182@swiggy.com,F,45,8,Hyderabad,2024-07-15 00:00:00,NONE
183,Anika Patel,7783807591,anika.patel183@swiggy.com,F,32,9,Hyderabad,2025-08-04 00:00:00,NONE
184,Sneha Sharma,6280818276,sneha.sharma184@swiggy.com,F,36,4,Hyderabad,2025-01-27 00:00:00,NONE
185,Ira Shetty,8788555192,ira.shetty185@swiggy.com,M,33,10,Hyderabad,2024-02-19 00:00:00,ONE_LITE
186,Sneha Chowdhury,9174026711,sneha.chowdhury186@swiggy.com,F,26,10,Hyderabad,2025-02-27 00:00:00,ONE_LITE
187,Ishaan Nair,6166307747,ishaan.nair187@swiggy.com,F,25,6,Hyderabad,2023-08-02 00:00:00,ONE
188,Saanvi Kulkarni,9880966873,saanvi.kulkarni188@swiggy.com,F,22,6,Hyderabad,2024-08-19 00:00:00,NONE
189,Krishna Singh,7325187870,krishna.singh189@swiggy.com,F,34,7,Hyderabad,2023-08-06 00:00:00,NONE
190,Vihaan Shetty,6494998388,vihaan.shetty190@swiggy.com,F,33,8,Hyderabad,2025-11-11 00:00:00,NONE
191,Aadhya Jain,9391336267,aadhya.jain191@swiggy.com,F,27,2,Hyderabad,2024-01-27 00:00:00,NONE
192,Saanvi Iyer,8554031864,saanvi.iyer192@swiggy.com,M,21,1,Hyderabad,2025-04-23 00:00:00,ONE
193,Aditya Patel,9381771915,aditya.patel193@swiggy.com,F,37,4,Hyderabad,2024-10-31 00:00:00,NONE
194,Rahul Shetty,6327964281,rahul.shetty194@swiggy.com,F,42,1,Hyderabad,2024-03-13 00:00:00,ONE_LITE
195,Suresh Nair,7931205667,suresh.nair195@swiggy.com,M,18,2,Hyderabad,2024-04-03 00:00:00,NONE
196,Sneha Mehta,8557208941,sneha.mehta196@swiggy.com,F,43,1,Hyderabad,2023-07-13 00:00:00,NONE
197,Riya Iyer,9991853679,riya.iyer197@swiggy.com,F,52,8,Hyderabad,2024-02-13 00:00:00,NONE
198,Anika Iyer,9200756547,anika.iyer198@swiggy.com,F,31,2,Hyderabad,2025-11-10 00:00:00,NONE
199,Meera Pillai,8235285368,meera.pillai199@swiggy.com,F,34,2,Hyderabad,2024-02-11 00:00:00,ONE
200,Kiran Das,8004463771,kiran.das200@swiggy.com,M,32,2,Hyderabad,2025-01-14 00:00:00,ONE_LITE
201,Aarav Shetty,6957711728,aarav.shetty201@swiggy.com,F,44,3,Hyderabad,2023-12-10 00:00:00,ONE_LITE
202,Neha Das,7529645081,neha.das202@swiggy.com,F,25,1,Hyderabad,2024-12-19 00:00:00,ONE
203,Nikhil Patel,9250824319,nikhil.patel203@swiggy.com,M,30,3,Hyderabad,2025-03-11 00:00:00,NONE
204,Neha Das,8347203591,neha.das204@swiggy.com,M,39,1,Hyderabad,2024-05-10 00:00:00,ONE_LITE
205,Diya Iyer,6873043277,diya.iyer205@swiggy.com,M,20,9,Hyderabad,2025-10-11 00:00:00,NONE
206,Aadhya Bose,6977571905,aadhya.bose206@swiggy.com,F,18,4,Hyderabad,2024-08-09 00:00:00,NONE
207,Aarav Nair,7152409709,aarav.nair207@swiggy.com,M,26,1,Hyderabad,2024-12-19 00:00:00,NONE
208,Kiran Desai,6900180549,kiran.desai208@swiggy.com,M,45,9,Hyderabad,2024-10-01 00:00:00,NONE
209,Reyansh Kulkarni,6773202751,reyansh.kulkarni209@swiggy.com,M,18,4,Hyderabad,2025-02-02 00:00:00,NONE
210,Myra Kulkarni,6137448083,myra.kulkarni210@swiggy.com,M,29,3,Hyderabad,2024-08-24 00:00:00,ONE
211,Krishna Kulkarni,8023562904,krishna.kulkarni211@swiggy.com,F,27,10,Hyderabad,2025-10-17 00:00:00,ONE_LITE
212,Suresh Pillai,8017107214,suresh.pillai212@swiggy.com,O,20,8,Hyderabad,2024-05-07 00:00:00,NONE
213,Anika Jain,9009419830,anika.jain213@swiggy.com,F,30,2,Hyderabad,2024-04-10 00:00:00,NONE
214,Sai Bose,6830612128,sai.bose214@swiggy.com,F,29,8,Hyderabad,2025-10-07 00:00:00,NONE
215,Riya Gowda,8648403467,riya.gowda215@swiggy.com,M,29,1,Hyderabad,2024-03-09 00:00:00,NONE
216,Neha Pillai,9973549531,neha.pillai216@swiggy.com,M,25,4,Hyderabad,2024-02-21 00:00:00,ONE_LITE
217,Ishaan Reddy,7095799162,ishaan.reddy217@swiggy.com,M,18,6,Hyderabad,2024-03-26 00:00:00,ONE
218,Ishaan Bose,6388158690,ishaan.bose218@swiggy.com,F,39,1,Hyderabad,2023-10-07 00:00:00,NONE
219,Anika Naidu,8889510060,anika.naidu219@swiggy.com,M,18,6,Hyderabad,2024-04-25 00:00:00,NONE
220,Ananya Gowda,8831880171,ananya.gowda220@swiggy.com,M,22,8,Hyderabad,2025-11-27 00:00:00,ONE_LITE
221,Kiara Desai,9393131197,kiara.desai221@swiggy.com,M,38,2,Hyderabad,2023-07-15 00:00:00,NONE
222,Ananya Shetty,7251361799,ananya.shetty222@swiggy.com,M,41,8,Hyderabad,2024-02-02 00:00:00,NONE
223,Anika Sharma,8699259172,anika.sharma223@swiggy.com,F,25,7,Hyderabad,2023-09-30 00:00:00,NONE
224,Rahul Iyer,7422021037,rahul.iyer224@swiggy.com,M,34,6,Hyderabad,2025-06-09 00:00:00,ONE_LITE
225,Saanvi Nair,7514866108,saanvi.nair225@swiggy.com,M,36,3,Hyderabad,2024-09-30 00:00:00,NONE
226,Ananya Jain,9013758056,ananya.jain226@swiggy.com,M,33,5,Hyderabad,2025-11-07 00:00:00,ONE
227,Aarav Das,8640394595,aarav.das227@swiggy.com,M,35,8,Hyderabad,2023-12-07 00:00:00,ONE_LITE
228,Ishaan Patel,9354000864,ishaan.patel228@swiggy.com,M,27,5,Hyderabad,2025-01-27 00:00:00,NONE
229,Krishna Shetty,7941748263,krishna.shetty229@swiggy.com,M,32,2,Hyderabad,2025-11-01 00:00:00,NONE
230,Aadhya Shetty,6042851606,aadhya.shetty230@swiggy.com,F,18,6,Hyderabad,2024-11-02 00:00:00,NONE
231,Nikhil Bose,8588458484,nikhil.bose231@swiggy.com,M,23,9,Hyderabad,2024-09-30 00:00:00,ONE
232,Varun Sharma,8171998149,varun.sharma232@swiggy.com,M,18,2,Hyderabad,2024-10-19 00:00:00,ONE_LITE
233,Pooja Naidu,7378055859,pooja.naidu233@swiggy.com,M,18,7,Hyderabad,2025-05-05 00:00:00,ONE_LITE
234,Kiran Gowda,6115591177,kiran.gowda234@swiggy.com,F,45,1,Hyderabad,2023-09-14 00:00:00,NONE
235,Varun Das,7346021660,varun.das235@swiggy.com,M,29,9,Hyderabad,2024-12-10 00:00:00,ONE
236,Ishaan Sharma,6980832460,ishaan.sharma236@swiggy.com,F,39,6,Hyderabad,2023-12-21 00:00:00,ONE
237,Dhruv Rao,7246128778,dhruv.rao237@swiggy.com,M,32,4,Hyderabad,2025-07-13 00:00:00,NONE
238,Neha Shetty,9351880188,neha.shetty238@swiggy.com,M,18,1,Hyderabad,2024-06-18 00:00:00,ONE_LITE
239,Myra Sharma,7728561035,myra.sharma239@swiggy.com,F,30,4,Hyderabad,2025-10-25 00:00:00,NONE
240,Anika Pillai,7382800087,anika.pillai240@swiggy.com,M,33,3,Hyderabad,2024-07-30 00:00:00,NONE
241,Rahul Khan,8240770966,rahul.khan241@swiggy.com,F,31,4,Hyderabad,2025-04-15 00:00:00,NONE
242,Reyansh Gowda,7772884235,reyansh.gowda242@swiggy.com,F,21,1,Hyderabad,2025-04-12 00:00:00,NONE
243,Anika Patel,9568366210,anika.patel243@swiggy.com,F,32,10,Hyderabad,2024-10-17 00:00:00,ONE_LITE
244,Ananya Jain,7696152088,ananya.jain244@swiggy.com,F,38,5,Hyderabad,2024-02-11 00:00:00,ONE_LITE
245,Ananya Naidu,9692430751,ananya.naidu245@swiggy.com,F,18,7,Hyderabad,2024-01-21 00:00:00,NONE
246,Meera Singh,7588810128,meera.singh246@swiggy.com,M,18,4,Hyderabad,2023-12-26 00:00:00,NONE
247,Varun Kulkarni,9228483541,varun.kulkarni247@swiggy.com,F,31,3,Hyderabad,2024-01-01 00:00:00,NONE
248,Anika Bose,9411654819,anika.bose248@swiggy.com,M,23,1,Hyderabad,2024-02-17 00:00:00,NONE
249,Anika Rao,8377461602,anika.rao249@swiggy.com,M,21,6,Hyderabad,2024-10-04 00:00:00,NONE
250,Nikhil Shetty,6771444405,nikhil.shetty250@swiggy.com,M,39,3,Hyderabad,2024-04-16 00:00:00,ONE_LITE
251,Varun Kulkarni,8007283153,varun.kulkarni251@swiggy.com,F,22,6,Hyderabad,2025-11-13 00:00:00,ONE_LITE
252,Vivaan Mehta,7455461947,vivaan.mehta252@swiggy.com,M,36,2,Hyderabad,2023-08-07 00:00:00,NONE
253,Diya Reddy,8292051773,diya.reddy253@swiggy.com,M,53,3,Hyderabad,2023-08-19 00:00:00,ONE_LITE
254,Meera Gowda,9501801412,meera.gowda254@swiggy.com,F,29,5,Hyderabad,2023-09-30 00:00:00,NONE
255,Kiran Reddy,7415674856,kiran.reddy255@swiggy.com,M,29,3,Hyderabad,2025-05-01 00:00:00,NONE
256,Neha Patel,6112527204,neha.patel256@swiggy.com,M,45,5,Hyderabad,2025-08-03 00:00:00,ONE_LITE
257,Akash Singh,7200154970,akash.singh257@swiggy.com,F,35,4,Hyderabad,2023-12-24 00:00:00,NONE
258,Rahul Khan,6924010283,rahul.khan258@swiggy.com,F,38,2,Hyderabad,2025-03-10 00:00:00,NONE
259,Sneha Sharma,9861346808,sneha.sharma259@swiggy.com,M,29,2,Hyderabad,2025-08-22 00:00:00,NONE
260,Diya Nair,6238767160,diya.nair260@swiggy.com,F,35,3,Hyderabad,2025-08-03 00:00:00,NONE
261,Ira Bose,6861330689,ira.bose261@swiggy.com,F,35,3,Hyderabad,2025-08-13 00:00:00,ONE
262,Akash Singh,9840608577,akash.singh262@swiggy.com,F,39,3,Hyderabad,2024-07-21 00:00:00,ONE_LITE
263,Sneha Kulkarni,9474661886,sneha.kulkarni263@swiggy.com,M,33,4,Hyderabad,2024-01-12 00:00:00,NONE
264,Akash Shetty,6880429026,akash.shetty264@swiggy.com,F,31,1,Hyderabad,2024-02-08 00:00:00,NONE
265,Ishaan Iyer,6450439704,ishaan.iyer265@swiggy.com,M,20,7,Hyderabad,2023-08-14 00:00:00,ONE
266,Meera Reddy,9796856438,meera.reddy266@swiggy.com,F,39,1,Hyderabad,2024-05-06 00:00:00,ONE
267,Myra Kulkarni,6734060367,myra.kulkarni267@swiggy.com,M,30,4,Hyderabad,2023-07-17 00:00:00,ONE
268,Aadhya Patel,9848742118,aadhya.patel268@swiggy.com,F,30,9,Hyderabad,2024-06-11 00:00:00,NONE
269,Pooja Gupta,7149857469,pooja.gupta269@swiggy.com,F,26,4,Hyderabad,2024-08-16 00:00:00,NONE
270,Aarav Chowdhury,9545979618,aarav.chowdhury270@swiggy.com,F,27,3,Hyderabad,2024-07-05 00:00:00,NONE
271,Rohit Gowda,7539972994,rohit.gowda271@swiggy.com,F,28,2,Hyderabad,2024-10-27 00:00:00,NONE
272,Ira Gowda,7853752276,ira.gowda272@swiggy.com,F,26,3,Hyderabad,2025-07-09 00:00:00,NONE
273,Rahul Shetty,7775597685,rahul.shetty273@swiggy.com,F,32,3,Hyderabad,2023-12-01 00:00:00,NONE
274,Aarav Chowdhury,9016171228,aarav.chowdhury274@swiggy.com,M,38,7,Hyderabad,2023-08-23 00:00:00,NONE
275,Nikhil Pillai,9346652635,nikhil.pillai275@swiggy.com,M,30,5,Hyderabad,2025-05-03 00:00:00,ONE
276,Rohit Sharma,6399350267,rohit.sharma276@swiggy.com,F,39,5,Hyderabad,2023-12-19 00:00:00,ONE
277,Ishaan Desai,8792161153,ishaan.desai277@swiggy.com,M,25,8,Hyderabad,2023-08-01 00:00:00,ONE_PLUS
278,Meera Jain,8180490957,meera.jain278@swiggy.com,F,42,7,Hyderabad,2025-02-15 00:00:00,NONE
279,Rohit Mehta,6750759571,rohit.mehta279@swiggy.com,F,25,10,Hyderabad,2023-07-18 00:00:00,ONE
280,Diya Iyer,7223327598,diya.iyer280@swiggy.com,F,43,9,Hyderabad,2024-05-27 00:00:00,NONE
281,Rohit Desai,6269208371,rohit.desai281@swiggy.com,M,18,1,Hyderabad,2025-08-02 00:00:00,NONE
282,Suresh Mehta,9983840815,suresh.mehta282@swiggy.com,M,21,5,Hyderabad,2024-05-23 00:00:00,NONE
283,Nikhil Pillai,9626268288,nikhil.pillai283@swiggy.com,M,29,2,Hyderabad,2025-06-09 00:00:00,NONE
284,Pooja Iyer,8070012089,pooja.iyer284@swiggy.com,F,32,7,Hyderabad,2024-02-04 00:00:00,NONE
285,Myra Nair,6331070708,myra.nair285@swiggy.com,F,38,7,Hyderabad,2024-10-26 00:00:00,NONE
286,Vihaan Mehta,7629380127,vihaan.mehta286@swiggy.com,M,28,6,Hyderabad,2024-07-01 00:00:00,ONE
287,Rahul Naidu,7697739551,rahul.naidu287@swiggy.com,M,31,9,Hyderabad,2025-01-29 00:00:00,ONE_LITE
288,Riya Nair,9379346512,riya.nair288@swiggy.com,M,34,1,Hyderabad,2024-04-20 00:00:00,ONE_LITE
289,Vihaan Shetty,9899452007,vihaan.shetty289@swiggy.com,M,24,5,Hyderabad,2025-05-13 00:00:00,NONE
290,Aadhya Naidu,8169346355,aadhya.naidu290@swiggy.com,M,25,8,Hyderabad,2024-12-24 00:00:00,ONE
291,Ananya Das,8022748178,ananya.das291@swiggy.com,F,42,6,Hyderabad,2023-08-23 00:00:00,NONE
292,Aadhya Mehta,6516881528,aadhya.mehta292@swiggy.com,M,24,8,Hyderabad,2024-08-28 00:00:00,ONE_LITE
293,Aditya Reddy,9857202856,aditya.reddy293@swiggy.com,M,31,2,Hyderabad,2023-11-14 00:00:00,ONE
294,Diya Khan,7150302996,diya.khan294@swiggy.com,F,18,3,Hyderabad,2024-11-18 00:00:00,ONE_LITE
295,Myra Shetty,8558179072,myra.shetty295@swiggy.com,F,24,9,Hyderabad,2025-07-07 00:00:00,NONE
296,Ishaan Sharma,8573980619,ishaan.sharma296@swiggy.com,F,26,5,Hyderabad,2024-11-14 00:00:00,ONE
297,Suresh Jain,8335802924,suresh.jain297@swiggy.com,F,35,5,Hyderabad,2023-07-27 00:00:00,ONE
298,Neha Singh,9511062137,neha.singh298@swiggy.com,M,48,6,Hyderabad,2024-07-17 00:00:00,NONE
299,Ishaan Das,7744218005,ishaan.das299@swiggy.com,M,29,2,Hyderabad,2024-01-21 00:00:00,NONE
300,Rahul Chowdhury,9811954968,rahul.chowdhury300@swiggy.com,M,46,3,Hyderabad,2025-07-13 00:00:00,NONE
301,Krishna Rao,6818678162,krishna.rao301@swiggy.com,M,29,5,Hyderabad,2025-09-01 00:00:00,ONE_LITE
302,Riya Bose,9231285410,riya.bose302@swiggy.com,F,40,6,Hyderabad,2024-08-20 00:00:00,NONE
303,Riya Sharma,9069509644,riya.sharma303@swiggy.com,M,36,8,Hyderabad,2024-03-08 00:00:00,ONE
304,Kiara Das,8947389854,kiara.das304@swiggy.com,F,46,1,Hyderabad,2023-12-14 00:00:00,NONE
305,Nikhil Khan,9284177510,nikhil.khan305@swiggy.com,F,37,5,Hyderabad,2024-07-27 00:00:00,ONE
306,Neha Kulkarni,6316284326,neha.kulkarni306@swiggy.com,F,34,4,Hyderabad,2023-12-24 00:00:00,ONE_LITE
307,Meera Pillai,6154957318,meera.pillai307@swiggy.com,F,28,4,Hyderabad,2024-09-30 00:00:00,ONE_LITE
308,Ishaan Rao,8157866036,ishaan.rao308@swiggy.com,F,31,2,Hyderabad,2023-10-24 00:00:00,NONE
309,Arjun Singh,6023679462,arjun.singh309@swiggy.com,F,30,2,Hyderabad,2023-08-07 00:00:00,NONE
310,Nikhil Shetty,6426820552,nikhil.shetty310@swiggy.com,M,41,10,Hyderabad,2025-09-30 00:00:00,NONE
311,Vivaan Desai,8690236420,vivaan.desai311@swiggy.com,F,18,3,Hyderabad,2024-01-07 00:00:00,ONE_LITE
312,Meera Mehta,7382944015,meera.mehta312@swiggy.com,F,36,2,Hyderabad,2025-08-27 00:00:00,ONE_LITE
313,Kiara Mehta,7989885695,kiara.mehta313@swiggy.com,M,32,9,Hyderabad,2025-09-14 00:00:00,ONE
314,Ananya Rao,6884237278,ananya.rao314@swiggy.com,M,44,4,Hyderabad,2023-10-14 00:00:00,ONE_PLUS
315,Kiara Pillai,9722373513,kiara.pillai315@swiggy.com,F,25,7,Hyderabad,2024-12-01 00:00:00,ONE_LITE
316,Reyansh Shetty,8417822261,reyansh.shetty316@swiggy.com,F,31,4,Hyderabad,2024-04-19 00:00:00,NONE
317,Akash Iyer,6675046498,akash.iyer317@swiggy.com,F,40,2,Hyderabad,2025-07-28 00:00:00,NONE
318,Sai Chowdhury,7371549038,sai.chowdhury318@swiggy.com,F,18,5,Hyderabad,2024-07-13 00:00:00,NONE
319,Vihaan Chowdhury,6306313812,vihaan.chowdhury319@swiggy.com,F,24,3,Hyderabad,2024-08-16 00:00:00,ONE_PLUS
320,Riya Kulkarni,7144734459,riya.kulkarni320@swiggy.com,M,33,5,Hyderabad,2024-08-02 00:00:00,ONE
321,Vihaan Jain,8581874041,vihaan.jain321@swiggy.com,M,44,4,Hyderabad,2023-08-17 00:00:00,NONE
322,Suresh Kulkarni,6355360846,suresh.kulkarni322@swiggy.com,M,29,9,Hyderabad,2024-05-30 00:00:00,ONE_LITE
323,Ananya Jain,7358343665,ananya.jain323@swiggy.com,O,18,8,Hyderabad,2023-10-27 00:00:00,NONE
324,Nikhil Mehta,7357406498,nikhil.mehta324@swiggy.com,F,18,9,Hyderabad,2025-06-02 00:00:00,NONE
325,Rahul Gowda,6801232262,rahul.gowda325@swiggy.com,M,32,6,Hyderabad,2024-09-22 00:00:00,ONE_LITE
326,Sneha Desai,6410769701,sneha.desai326@swiggy.com,M,24,8,Hyderabad,2023-09-20 00:00:00,ONE_LITE
327,Aditya Singh,9037021683,aditya.singh327@swiggy.com,M,35,2,Hyderabad,2025-08-22 00:00:00,ONE_PLUS
328,Dhruv Rao,8180683495,dhruv.rao328@swiggy.com,F,29,4,Hyderabad,2023-11-03 00:00:00,NONE
329,Myra Naidu,8547846594,myra.naidu329@swiggy.com,M,29,5,Hyderabad,2024-05-15 00:00:00,NONE
330,Aditya Rao,7323088340,aditya.rao330@swiggy.com,M,32,4,Hyderabad,2023-08-26 00:00:00,ONE
331,Saanvi Mehta,9775751842,saanvi.mehta331@swiggy.com,M,18,8,Hyderabad,2023-10-16 00:00:00,NONE
332,Diya Khan,7065766265,diya.khan332@swiggy.com,M,42,7,Hyderabad,2023-08-02 00:00:00,ONE
333,Krishna Iyer,8114474319,krishna.iyer333@swiggy.com,M,33,5,Hyderabad,2024-10-01 00:00:00,ONE_PLUS
334,Vihaan Mehta,7140002474,vihaan.mehta334@swiggy.com,F,34,1,Hyderabad,2025-05-21 00:00:00,ONE
335,Kiran Sharma,7071235182,kiran.sharma335@swiggy.com,F,31,6,Hyderabad,2024-08-10 00:00:00,ONE
336,Aarav Patel,8392917062,aarav.patel336@swiggy.com,M,36,7,Hyderabad,2023-08-02 00:00:00,ONE
337,Dhruv Kulkarni,8609526188,dhruv.kulkarni337@swiggy.com,M,23,7,Hyderabad,2023-12-31 00:00:00,NONE
338,Ishaan Das,7075329566,ishaan.das338@swiggy.com,M,46,4,Hyderabad,2025-08-04 00:00:00,NONE
339,Nikhil Iyer,8106996067,nikhil.iyer339@swiggy.com,F,37,3,Hyderabad,2024-11-12 00:00:00,NONE
340,Saanvi Khan,7977841631,saanvi.khan340@swiggy.com,M,24,2,Hyderabad,2025-07-22 00:00:00,NONE
341,Kiran Rao,7545534858,kiran.rao341@swiggy.com,M,25,1,Hyderabad,2024-07-19 00:00:00,NONE
342,Kiara Naidu,6223063108,kiara.naidu342@swiggy.com,M,18,3,Hyderabad,2025-09-18 00:00:00,ONE_LITE
343,Ananya Iyer,6167124306,ananya.iyer343@swiggy.com,F,21,10,Hyderabad,2025-03-28 00:00:00,ONE_LITE
344,Arjun Shetty,9240586572,arjun.shetty344@swiggy.com,F,29,1,Hyderabad,2023-07-26 00:00:00,NONE
345,Riya Iyer,9924808059,riya.iyer345@swiggy.com,M,43,6,Hyderabad,2025-04-15 00:00:00,NONE
346,Aadhya Sharma,7578025123,aadhya.sharma346@swiggy.com,M,37,7,Hyderabad,2023-08-09 00:00:00,ONE_LITE
347,Rohit Khan,8557756741,rohit.khan347@swiggy.com,M,27,4,Hyderabad,2024-06-07 00:00:00,NONE
348,Diya Chowdhury,7655995984,diya.chowdhury348@swiggy.com,M,23,3,Hyderabad,2024-05-13 00:00:00,NONE
349,Suresh Kulkarni,8527929437,suresh.kulkarni349@swiggy.com,M,46,7,Hyderabad,2023-08-05 00:00:00,NONE
350,Aarav Chowdhury,8933280862,aarav.chowdhury350@swiggy.com,M,35,5,Hyderabad,2024-03-27 00:00:00,ONE
351,Meera Bose,8041282235,meera.bose351@swiggy.com,M,42,9,Hyderabad,2024-06-22 00:00:00,NONE
352,Suresh Iyer,7718659537,suresh.iyer352@swiggy.com,F,38,10,Hyderabad,2025-04-19 00:00:00,NONE
353,Aditya Sharma,7384882660,aditya.sharma353@swiggy.com,F,36,10,Hyderabad,2024-11-02 00:00:00,NONE
354,Dhruv Chowdhury,9353616997,dhruv.chowdhury354@swiggy.com,F,33,7,Hyderabad,2025-10-03 00:00:00,ONE_LITE
355,Aditya Khan,6231050305,aditya.khan355@swiggy.com,F,41,10,Hyderabad,2024-06-29 00:00:00,NONE
356,Arjun Singh,8461672073,arjun.singh356@swiggy.com,F,31,3,Hyderabad,2023-10-09 00:00:00,NONE
357,Vihaan Das,6313671388,vihaan.das357@swiggy.com,F,24,10,Hyderabad,2025-08-28 00:00:00,NONE
358,Myra Sharma,8137810998,myra.sharma358@swiggy.com,M,25,10,Hyderabad,2025-07-01 00:00:00,ONE
359,Ananya Patel,7402525247,ananya.patel359@swiggy.com,M,34,5,Hyderabad,2025-11-13 00:00:00,ONE_PLUS
360,Kiran Reddy,6560127606,kiran.reddy360@swiggy.com,M,24,3,Hyderabad,2023-12-17 00:00:00,ONE_LITE
361,Diya Jain,7808623903,diya.jain361@swiggy.com,F,30,1,Hyderabad,2025-09-20 00:00:00,ONE_LITE
362,Aditya Shetty,8549025331,aditya.shetty362@swiggy.com,F,31,10,Hyderabad,2024-06-01 00:00:00,NONE
363,Aadhya Desai,7295868880,aadhya.desai363@swiggy.com,M,27,6,Hyderabad,2023-12-28 00:00:00,NONE
364,Ishaan Naidu,7860396622,ishaan.naidu364@swiggy.com,F,18,9,Hyderabad,2025-02-14 00:00:00,ONE
365,Dhruv Gowda,7416562168,dhruv.gowda365@swiggy.com,M,18,3,Hyderabad,2024-09-17 00:00:00,ONE_LITE
366,Akash Naidu,8359138778,akash.naidu366@swiggy.com,M,18,3,Hyderabad,2024-09-13 00:00:00,ONE_PLUS
367,Dhruv Rao,7111096665,dhruv.rao367@swiggy.com,F,45,7,Hyderabad,2024-10-02 00:00:00,ONE
368,Aarav Desai,9645673841,aarav.desai368@swiggy.com,F,25,4,Hyderabad,2023-12-25 00:00:00,NONE
369,Vivaan Das,9992622194,vivaan.das369@swiggy.com,M,35,4,Hyderabad,2025-04-10 00:00:00,ONE
370,Kiran Kulkarni,6847687395,kiran.kulkarni370@swiggy.com,M,18,10,Hyderabad,2024-07-14 00:00:00,ONE
371,Rahul Sharma,9480953755,rahul.sharma371@swiggy.com,F,24,9,Hyderabad,2024-06-08 00:00:00,ONE_LITE
372,Dhruv Rao,6872129694,dhruv.rao372@swiggy.com,F,33,1,Hyderabad,2025-05-17 00:00:00,ONE_LITE
373,Suresh Chowdhury,9158533048,suresh.chowdhury373@swiggy.com,M,29,8,Hyderabad,2025-08-27 00:00:00,NONE
374,Aditya Jain,7697711435,aditya.jain374@swiggy.com,F,40,4,Hyderabad,2024-08-19 00:00:00,NONE
375,Neha Chowdhury,8337956181,neha.chowdhury375@swiggy.com,M,40,7,Hyderabad,2023-11-14 00:00:00,NONE
376,Dhruv Mehta,6218907044,dhruv.mehta376@swiggy.com,M,18,1,Hyderabad,2024-09-24 00:00:00,NONE
377,Varun Singh,8264460826,varun.singh377@swiggy.com,M,18,1,Hyderabad,2024-03-15 00:00:00,ONE_PLUS
378,Sai Naidu,9608682904,sai.naidu378@swiggy.com,M,40,4,Hyderabad,2025-10-08 00:00:00,ONE
379,Rohit Mehta,8973073887,rohit.mehta379@swiggy.com,M,30,3,Hyderabad,2025-06-15 00:00:00,ONE_PLUS
380,Dhruv Singh,8183422059,dhruv.singh380@swiggy.com,F,18,9,Hyderabad,2025-09-22 00:00:00,NONE
381,Saanvi Gowda,7482569647,saanvi.gowda381@swiggy.com,M,43,9,Hyderabad,2025-08-30 00:00:00,NONE
382,Neha Shetty,8790061879,neha.shetty382@swiggy.com,M,37,8,Hyderabad,2024-07-11 00:00:00,NONE
383,Ananya Desai,8022735306,ananya.desai383@swiggy.com,F,27,7,Hyderabad,2025-10-12 00:00:00,NONE
384,Suresh Bose,9818944011,suresh.bose384@swiggy.com,F,48,6,Hyderabad,2024-10-18 00:00:00,ONE
385,Varun Kulkarni,6747827352,varun.kulkarni385@swiggy.com,F,27,8,Hyderabad,2024-05-27 00:00:00,ONE_LITE
386,Akash Desai,9920968535,akash.desai386@swiggy.com,M,28,6,Hyderabad,2023-09-01 00:00:00,NONE
387,Sneha Kulkarni,9208383513,sneha.kulkarni387@swiggy.com,F,36,5,Hyderabad,2023-12-06 00:00:00,NONE
388,Krishna Iyer,6579134833,krishna.iyer388@swiggy.com,M,29,1,Hyderabad,2023-09-23 00:00:00,NONE
389,Kiara Naidu,8747509650,kiara.naidu389@swiggy.com,M,38,2,Hyderabad,2023-08-09 00:00:00,NONE
390,Vihaan Chowdhury,7076222576,vihaan.chowdhury390@swiggy.com,M,33,8,Hyderabad,2025-10-11 00:00:00,NONE
391,Sai Jain,9065233172,sai.jain391@swiggy.com,F,39,5,Hyderabad,2025-06-28 00:00:00,NONE
392,Aditya Mehta,7500903037,aditya.mehta392@swiggy.com,F,20,4,Hyderabad,2025-06-05 00:00:00,NONE
393,Pooja Rao,7387659741,pooja.rao393@swiggy.com,M,24,10,Hyderabad,2024-02-22 00:00:00,ONE_PLUS
394,Myra Mehta,6491823193,myra.mehta394@swiggy.com,M,47,8,Hyderabad,2025-08-20 00:00:00,ONE
395,Saanvi Reddy,9434176118,saanvi.reddy395@swiggy.com,F,31,6,Hyderabad,2024-08-20 00:00:00,ONE_LITE
396,Meera Iyer,7544659338,meera.iyer396@swiggy.com,F,33,2,Hyderabad,2024-12-29 00:00:00,NONE
397,Neha Das,7526095454,neha.das397@swiggy.com,F,39,10,Hyderabad,2024-09-12 00:00:00,ONE
398,Pooja Rao,8345658360,pooja.rao398@swiggy.com,F,40,9,Hyderabad,2025-08-20 00:00:00,NONE
399,Arjun Bose,9764264282,arjun.bose399@swiggy.com,F,32,4,Hyderabad,2023-08-14 00:00:00,NONE
400,Kiran Desai,9565880990,kiran.desai400@swiggy.com,M,23,5,Hyderabad,2024-09-08 00:00:00,ONE_PLUS
401,Aadhya Patel,7827333356,aadhya.patel401@swiggy.com,M,32,9,Hyderabad,2023-08-10 00:00:00,ONE_PLUS
402,Krishna Pillai,6834281061,krishna.pillai402@swiggy.com,F,33,8,Hyderabad,2025-07-08 00:00:00,ONE_LITE
403,Ira Naidu,9188869644,ira.naidu403@swiggy.com,M,40,8,Hyderabad,2024-01-24 00:00:00,ONE
404,Aadhya Khan,8404772950,aadhya.khan404@swiggy.com,F,18,8,Hyderabad,2024-10-30 00:00:00,ONE
405,Saanvi Desai,9590758725,saanvi.desai405@swiggy.com,M,28,1,Hyderabad,2024-04-25 00:00:00,ONE
406,Aditya Khan,6666655695,aditya.khan406@swiggy.com,M,31,9,Hyderabad,2024-03-13 00:00:00,NONE
407,Myra Chowdhury,6533921653,myra.chowdhury407@swiggy.com,M,44,1,Hyderabad,2024-08-04 00:00:00,NONE
408,Vivaan Singh,8562704107,vivaan.singh408@swiggy.com,M,22,10,Hyderabad,2025-03-06 00:00:00,NONE
409,Riya Jain,7801151482,riya.jain409@swiggy.com,M,44,5,Hyderabad,2025-07-15 00:00:00,NONE
410,Sai Chowdhury,9301914972,sai.chowdhury410@swiggy.com,M,39,4,Hyderabad,2024-07-19 00:00:00,ONE_LITE
411,Rahul Shetty,8580280444,rahul.shetty411@swiggy.com,F,18,8,Hyderabad,2023-11-15 00:00:00,NONE
412,Diya Nair,6254273359,diya.nair412@swiggy.com,M,50,9,Hyderabad,2025-04-02 00:00:00,NONE
413,Rahul Desai,6662282546,rahul.desai413@swiggy.com,M,39,2,Hyderabad,2024-06-01 00:00:00,NONE
414,Rohit Bose,8569300045,rohit.bose414@swiggy.com,F,51,4,Hyderabad,2023-11-07 00:00:00,ONE_LITE
415,Ishaan Mehta,7100968967,ishaan.mehta415@swiggy.com,F,36,8,Hyderabad,2024-12-03 00:00:00,ONE
416,Sneha Gowda,8376811126,sneha.gowda416@swiggy.com,F,32,2,Hyderabad,2025-08-31 00:00:00,NONE
417,Myra Jain,6667272039,myra.jain417@swiggy.com,F,23,2,Hyderabad,2024-02-12 00:00:00,NONE
418,Reyansh Shetty,6092361546,reyansh.shetty418@swiggy.com,M,27,5,Hyderabad,2023-08-18 00:00:00,NONE
419,Kiran Jain,9007704600,kiran.jain419@swiggy.com,M,31,2,Hyderabad,2024-09-01 00:00:00,NONE
420,Arjun Kulkarni,6559448775,arjun.kulkarni420@swiggy.com,F,42,7,Hyderabad,2025-02-28 00:00:00,NONE
421,Kiran Singh,9593646905,kiran.singh421@swiggy.com,M,21,1,Hyderabad,2024-10-30 00:00:00,ONE_LITE
422,Pooja Rao,7610316863,pooja.rao422@swiggy.com,F,27,6,Hyderabad,2025-09-06 00:00:00,NONE
423,Myra Gupta,8009237649,myra.gupta423@swiggy.com,F,24,2,Hyderabad,2024-02-19 00:00:00,NONE
424,Vivaan Kulkarni,9374265985,vivaan.kulkarni424@swiggy.com,M,32,8,Hyderabad,2025-11-11 00:00:00,ONE_LITE
425,Akash Iyer,9740962606,akash.iyer425@swiggy.com,M,32,10,Hyderabad,2025-04-03 00:00:00,ONE_PLUS
426,Neha Patel,6680815602,neha.patel426@swiggy.com,F,42,5,Hyderabad,2023-08-10 00:00:00,NONE
427,Pooja Nair,7165392010,pooja.nair427@swiggy.com,F,30,6,Hyderabad,2023-08-20 00:00:00,ONE_PLUS
428,Nikhil Das,8654900867,nikhil.das428@swiggy.com,M,30,5,Hyderabad,2025-07-06 00:00:00,NONE
429,Aditya Reddy,9106848762,aditya.reddy429@swiggy.com,M,18,1,Hyderabad,2024-07-17 00:00:00,ONE_LITE
430,Myra Das,8960149673,myra.das430@swiggy.com,M,23,5,Hyderabad,2024-06-10 00:00:00,ONE
431,Ishaan Gupta,9996895462,ishaan.gupta431@swiggy.com,M,23,1,Hyderabad,2024-05-05 00:00:00,ONE
432,Vihaan Naidu,6419032268,vihaan.naidu432@swiggy.com,M,32,1,Hyderabad,2025-05-13 00:00:00,ONE_LITE
433,Vihaan Sharma,8105024547,vihaan.sharma433@swiggy.com,M,35,8,Hyderabad,2025-10-14 00:00:00,ONE_LITE
434,Nikhil Patel,7224180504,nikhil.patel434@swiggy.com,M,33,6,Hyderabad,2025-04-06 00:00:00,NONE
435,Myra Shetty,6341323052,myra.shetty435@swiggy.com,F,38,4,Hyderabad,2024-03-13 00:00:00,NONE
436,Myra Das,8722179955,myra.das436@swiggy.com,M,49,2,Hyderabad,2024-08-08 00:00:00,NONE
437,Ira Chowdhury,6824404824,ira.chowdhury437@swiggy.com,M,22,4,Hyderabad,2025-08-31 00:00:00,ONE_LITE
438,Arjun Bose,9409754386,arjun.bose438@swiggy.com,F,44,4,Hyderabad,2024-04-01 00:00:00,NONE
439,Saanvi Khan,9507912604,saanvi.khan439@swiggy.com,O,35,2,Hyderabad,2024-08-21 00:00:00,ONE_LITE
440,Kiran Rao,9941718670,kiran.rao440@swiggy.com,M,44,5,Hyderabad,2025-06-15 00:00:00,NONE
441,Varun Kulkarni,9276652663,varun.kulkarni441@swiggy.com,F,24,2,Hyderabad,2024-10-29 00:00:00,NONE
442,Akash Desai,9136315072,akash.desai442@swiggy.com,M,20,1,Hyderabad,2024-06-18 00:00:00,NONE
443,Meera Patel,6778777385,meera.patel443@swiggy.com,M,32,6,Hyderabad,2025-03-28 00:00:00,NONE
444,Vivaan Iyer,7345176526,vivaan.iyer444@swiggy.com,F,18,7,Hyderabad,2025-02-17 00:00:00,ONE
445,Varun Rao,9082912648,varun.rao445@swiggy.com,M,41,2,Hyderabad,2025-05-19 00:00:00,NONE
446,Aarav Mehta,6951346208,aarav.mehta446@swiggy.com,F,19,9,Hyderabad,2024-02-24 00:00:00,ONE_PLUS
447,Kiara Kulkarni,6567465545,kiara.kulkarni447@swiggy.com,F,23,4,Hyderabad,2023-07-27 00:00:00,ONE_LITE
448,Neha Jain,8497034197,neha.jain448@swiggy.com,F,29,5,Hyderabad,2025-06-05 00:00:00,ONE_LITE
449,Sai Naidu,8203121503,sai.naidu449@swiggy.com,F,31,5,Hyderabad,2025-05-25 00:00:00,NONE
450,Aadhya Rao,8510979919,aadhya.rao450@swiggy.com,M,18,6,Hyderabad,2025-06-29 00:00:00,NONE
451,Ananya Mehta,6897967793,ananya.mehta451@swiggy.com,M,39,9,Hyderabad,2024-06-26 00:00:00,ONE
452,Saanvi Sharma,8610623361,saanvi.sharma452@swiggy.com,M,35,2,Hyderabad,2023-11-09 00:00:00,ONE
453,Neha Jain,8054605136,neha.jain453@swiggy.com,M,40,9,Hyderabad,2025-04-14 00:00:00,NONE
454,Aadhya Nair,8743033452,aadhya.nair454@swiggy.com,F,31,1,Hyderabad,2024-01-15 00:00:00,NONE
455,Ira Rao,7178748513,ira.rao455@swiggy.com,F,31,8,Hyderabad,2023-10-30 00:00:00,NONE
456,Aditya Bose,6049457711,aditya.bose456@swiggy.com,F,28,9,Hyderabad,2024-12-19 00:00:00,ONE
457,Meera Singh,9835472713,meera.singh457@swiggy.com,M,22,7,Hyderabad,2025-02-04 00:00:00,NONE
458,Rahul Mehta,6196074953,rahul.mehta458@swiggy.com,F,18,8,Hyderabad,2025-07-23 00:00:00,NONE
459,Ira Jain,6983702514,ira.jain459@swiggy.com,M,20,8,Hyderabad,2024-04-27 00:00:00,ONE_LITE
460,Sai Sharma,7369026016,sai.sharma460@swiggy.com,M,18,3,Hyderabad,2024-11-27 00:00:00,ONE_LITE
461,Nikhil Shetty,7886366058,nikhil.shetty461@swiggy.com,M,30,2,Hyderabad,2024-03-24 00:00:00,ONE
462,Kiara Mehta,7749125875,kiara.mehta462@swiggy.com,F,29,1,Hyderabad,2025-07-10 00:00:00,NONE
463,Meera Pillai,9491103614,meera.pillai463@swiggy.com,F,23,9,Hyderabad,2023-07-15 00:00:00,ONE
464,Nikhil Kulkarni,8708281211,nikhil.kulkarni464@swiggy.com,M,38,10,Hyderabad,2024-06-10 00:00:00,NONE
465,Kiran Patel,9044106549,kiran.patel465@swiggy.com,F,30,2,Hyderabad,2024-09-18 00:00:00,NONE
466,Dhruv Reddy,9792913089,dhruv.reddy466@swiggy.com,F,29,1,Hyderabad,2025-09-21 00:00:00,ONE_LITE
467,Aadhya Shetty,8508757917,aadhya.shetty467@swiggy.com,F,29,10,Hyderabad,2024-12-06 00:00:00,NONE
468,Vihaan Gupta,6354913322,vihaan.gupta468@swiggy.com,F,37,1,Hyderabad,2023-11-16 00:00:00,ONE_LITE
469,Ananya Patel,6117750312,ananya.patel469@swiggy.com,M,20,2,Hyderabad,2023-10-10 00:00:00,NONE
470,Dhruv Rao,8528108461,dhruv.rao470@swiggy.com,M,27,10,Hyderabad,2023-11-05 00:00:00,NONE
471,Vihaan Nair,6561369781,vihaan.nair471@swiggy.com,M,30,8,Hyderabad,2024-01-09 00:00:00,NONE
472,Ananya Gupta,6187275276,ananya.gupta472@swiggy.com,M,34,6,Hyderabad,2025-05-08 00:00:00,ONE_PLUS
473,Saanvi Gowda,6951414290,saanvi.gowda473@swiggy.com,M,21,7,Hyderabad,2024-11-28 00:00:00,NONE
474,Aditya Singh,9936160077,aditya.singh474@swiggy.com,M,28,1,Hyderabad,2023-07-31 00:00:00,ONE_LITE
475,Dhruv Singh,6558507981,dhruv.singh475@swiggy.com,F,28,8,Hyderabad,2025-05-05 00:00:00,ONE_LITE
476,Sneha Nair,6405837417,sneha.nair476@swiggy.com,O,43,8,Hyderabad,2025-01-09 00:00:00,NONE
477,Vihaan Bose,6665485349,vihaan.bose477@swiggy.com,F,24,8,Hyderabad,2023-10-07 00:00:00,NONE
478,Aadhya Mehta,7051385763,aadhya.mehta478@swiggy.com,M,27,10,Hyderabad,2024-01-05 00:00:00,ONE_LITE
479,Aadhya Das,7022306811,aadhya.das479@swiggy.com,O,33,7,Hyderabad,2024-12-09 00:00:00,NONE
480,Vivaan Rao,6592659335,vivaan.rao480@swiggy.com,F,40,9,Hyderabad,2024-12-29 00:00:00,NONE
481,Kiran Gupta,7486129269,kiran.gupta481@swiggy.com,M,18,8,Hyderabad,2025-08-17 00:00:00,NONE
482,Sneha Pillai,8209427080,sneha.pillai482@swiggy.com,M,27,2,Hyderabad,2023-07-21 00:00:00,NONE
483,Aditya Bose,6430852634,aditya.bose483@swiggy.com,F,24,6,Hyderabad,2025-02-21 00:00:00,ONE
484,Kiara Rao,8865146892,kiara.rao484@swiggy.com,M,18,5,Hyderabad,2024-02-27 00:00:00,NONE
485,Riya Das,9531163438,riya.das485@swiggy.com,M,18,9,Hyderabad,2023-08-22 00:00:00,ONE
486,Krishna Das,7862641128,krishna.das486@swiggy.com,M,31,2,Hyderabad,2024-02-17 00:00:00,NONE
487,Meera Das,6601128618,meera.das487@swiggy.com,F,29,8,Hyderabad,2024-07-18 00:00:00,ONE_PLUS
488,Aarav Sharma,9320986838,aarav.sharma488@swiggy.com,F,35,8,Hyderabad,2023-09-18 00:00:00,NONE
489,Vihaan Bose,9589928218,vihaan.bose489@swiggy.com,F,29,3,Hyderabad,2025-03-31 00:00:00,NONE
490,Anika Nair,8921224805,anika.nair490@swiggy.com,M,21,6,Hyderabad,2023-07-29 00:00:00,NONE
491,Meera Das,6698937809,meera.das491@swiggy.com,M,18,2,Hyderabad,2025-01-07 00:00:00,ONE_LITE
492,Pooja Sharma,8236796524,pooja.sharma492@swiggy.com,F,18,10,Hyderabad,2025-10-23 00:00:00,NONE
493,Akash Jain,7082289687,akash.jain493@swiggy.com,F,23,1,Hyderabad,2024-10-21 00:00:00,ONE
494,Vivaan Jain,9894487888,vivaan.jain494@swiggy.com,M,39,7,Hyderabad,2023-09-11 00:00:00,ONE_LITE
495,Aditya Desai,6687400667,aditya.desai495@swiggy.com,F,49,5,Hyderabad,2024-06-27 00:00:00,NONE
496,Diya Gupta,7301598786,diya.gupta496@swiggy.com,F,24,3,Hyderabad,2025-11-24 00:00:00,ONE_LITE
497,Saanvi Naidu,7153203338,saanvi.naidu497@swiggy.com,F,30,6,Hyderabad,2024-08-22 00:00:00,ONE_LITE
498,Aarav Reddy,8991714420,aarav.reddy498@swiggy.com,F,23,10,Hyderabad,2025-04-12 00:00:00,NONE
499,Anika Patel,9749461718,anika.patel499@swiggy.com,F,26,6,Hyderabad,2025-06-06 00:00:00,NONE
500,Suresh Singh,6186926441,suresh.singh500@swiggy.com,M,31,5,Hyderabad,2025-02-06 00:00:00,NONE
501,Ishaan Gowda,6936401366,ishaan.gowda501@swiggy.com,F,18,5,Hyderabad,2025-03-04 00:00:00,ONE_PLUS
502,Ira Gowda,7050943668,ira.gowda502@swiggy.com,F,21,7,Hyderabad,2023-12-03 00:00:00,NONE
503,Reyansh Chowdhury,6333955259,reyansh.chowdhury503@swiggy.com,M,40,1,Hyderabad,2025-11-22 00:00:00,ONE_LITE
504,Aditya Kulkarni,6110188792,aditya.kulkarni504@swiggy.com,M,36,8,Hyderabad,2025-07-15 00:00:00,NONE
505,Pooja Jain,7417495964,pooja.jain505@swiggy.com,F,38,5,Hyderabad,2024-03-10 00:00:00,NONE
506,Vivaan Khan,8027499037,vivaan.khan506@swiggy.com,M,23,4,Hyderabad,2025-06-28 00:00:00,ONE_LITE
507,Saanvi Patel,8108115285,saanvi.patel507@swiggy.com,M,41,8,Hyderabad,2024-08-16 00:00:00,NONE
508,Kiara Bose,8407680663,kiara.bose508@swiggy.com,F,35,10,Hyderabad,2025-11-23 00:00:00,ONE_LITE
509,Pooja Kulkarni,8047462630,pooja.kulkarni509@swiggy.com,F,24,10,Hyderabad,2025-08-11 00:00:00,NONE
510,Ananya Bose,8206300933,ananya.bose510@swiggy.com,F,38,10,Hyderabad,2024-08-21 00:00:00,ONE_PLUS
511,Nikhil Nair,9023469128,nikhil.nair511@swiggy.com,F,34,3,Hyderabad,2025-03-27 00:00:00,ONE_LITE
512,Riya Naidu,7685484547,riya.naidu512@swiggy.com,M,39,5,Hyderabad,2023-12-27 00:00:00,NONE
513,Sai Das,6059667956,sai.das513@swiggy.com,M,20,6,Hyderabad,2024-03-09 00:00:00,ONE
514,Myra Das,9941198520,myra.das514@swiggy.com,F,18,2,Hyderabad,2025-02-03 00:00:00,NONE
515,Kiara Patel,6447835707,kiara.patel515@swiggy.com,M,28,2,Hyderabad,2025-10-12 00:00:00,ONE
516,Neha Shetty,6047377483,neha.shetty516@swiggy.com,F,27,8,Hyderabad,2025-05-28 00:00:00,ONE
517,Sai Iyer,7815011468,sai.iyer517@swiggy.com,F,28,3,Hyderabad,2025-04-25 00:00:00,NONE
518,Saanvi Mehta,7696801186,saanvi.mehta518@swiggy.com,M,32,10,Hyderabad,2023-11-15 00:00:00,ONE
519,Krishna Singh,8646713440,krishna.singh519@swiggy.com,F,35,4,Hyderabad,2025-10-31 00:00:00,ONE
520,Suresh Rao,6485258006,suresh.rao520@swiggy.com,F,40,3,Hyderabad,2025-06-24 00:00:00,NONE
521,Sneha Singh,7035799820,sneha.singh521@swiggy.com,F,33,7,Hyderabad,2024-09-28 00:00:00,ONE_PLUS
522,Anika Kulkarni,9268166441,anika.kulkarni522@swiggy.com,M,24,1,Hyderabad,2024-09-21 00:00:00,ONE
523,Aadhya Rao,8556987487,aadhya.rao523@swiggy.com,F,32,4,Hyderabad,2024-08-04 00:00:00,NONE
524,Pooja Desai,6786276116,pooja.desai524@swiggy.com,M,45,7,Hyderabad,2024-09-27 00:00:00,ONE_LITE
525,Ira Singh,7259326185,ira.singh525@swiggy.com,F,36,2,Hyderabad,2023-09-07 00:00:00,NONE
526,Ira Patel,8122330821,ira.patel526@swiggy.com,F,33,2,Hyderabad,2024-12-17 00:00:00,ONE_LITE
527,Rohit Patel,9944811679,rohit.patel527@swiggy.com,M,28,9,Hyderabad,2024-03-19 00:00:00,NONE
528,Kiara Patel,8689124570,kiara.patel528@swiggy.com,M,22,9,Hyderabad,2025-10-16 00:00:00,ONE
529,Pooja Naidu,9844728350,pooja.naidu529@swiggy.com,F,19,6,Hyderabad,2024-12-20 00:00:00,ONE_LITE
530,Nikhil Das,7627571498,nikhil.das530@swiggy.com,F,34,6,Hyderabad,2023-11-26 00:00:00,NONE
531,Rohit Desai,9477503474,rohit.desai531@swiggy.com,M,22,9,Hyderabad,2023-09-06 00:00:00,ONE_LITE
532,Vivaan Naidu,9997894878,vivaan.naidu532@swiggy.com,M,35,7,Hyderabad,2023-10-12 00:00:00,ONE_PLUS
533,Aarav Jain,8742576687,aarav.jain533@swiggy.com,M,36,6,Hyderabad,2024-12-10 00:00:00,NONE
534,Krishna Mehta,9037719205,krishna.mehta534@swiggy.com,M,26,7,Hyderabad,2023-09-25 00:00:00,ONE_PLUS
535,Nikhil Shetty,9075277910,nikhil.shetty535@swiggy.com,F,32,9,Hyderabad,2024-12-14 00:00:00,NONE
536,Rahul Chowdhury,7179450327,rahul.chowdhury536@swiggy.com,M,38,6,Hyderabad,2025-03-07 00:00:00,NONE
537,Kiran Pillai,8327767523,kiran.pillai537@swiggy.com,M,18,10,Hyderabad,2024-04-27 00:00:00,ONE_LITE
538,Pooja Desai,6078008443,pooja.desai538@swiggy.com,M,41,10,Hyderabad,2025-05-14 00:00:00,ONE
539,Anika Pillai,6856969741,anika.pillai539@swiggy.com,M,24,9,Hyderabad,2024-10-11 00:00:00,ONE_LITE
540,Saanvi Rao,8955640159,saanvi.rao540@swiggy.com,F,31,9,Hyderabad,2025-07-20 00:00:00,ONE_LITE
541,Sneha Das,9150139347,sneha.das541@swiggy.com,F,39,2,Hyderabad,2024-03-21 00:00:00,ONE_LITE
542,Anika Das,9932170500,anika.das542@swiggy.com,F,35,3,Hyderabad,2023-09-17 00:00:00,NONE
543,Dhruv Bose,6974767544,dhruv.bose543@swiggy.com,M,28,8,Hyderabad,2024-04-20 00:00:00,NONE
544,Sneha Kulkarni,9764235987,sneha.kulkarni544@swiggy.com,F,25,8,Hyderabad,2025-06-28 00:00:00,ONE
545,Kiran Reddy,7515165051,kiran.reddy545@swiggy.com,M,19,2,Hyderabad,2025-06-11 00:00:00,ONE
546,Varun Reddy,9659228850,varun.reddy546@swiggy.com,M,28,8,Hyderabad,2024-07-01 00:00:00,NONE
547,Ananya Nair,9493105309,ananya.nair547@swiggy.com,M,43,9,Hyderabad,2024-03-16 00:00:00,NONE
548,Dhruv Naidu,8203416300,dhruv.naidu548@swiggy.com,F,35,9,Hyderabad,2025-06-08 00:00:00,ONE_PLUS
549,Ananya Naidu,6829802525,ananya.naidu549@swiggy.com,M,40,7,Hyderabad,2025-08-18 00:00:00,ONE_LITE
550,Vihaan Jain,9350069055,vihaan.jain550@swiggy.com,M,35,9,Hyderabad,2024-10-29 00:00:00,NONE
551,Nikhil Pillai,8340629397,nikhil.pillai551@swiggy.com,M,46,2,Hyderabad,2025-03-20 00:00:00,ONE
552,Akash Pillai,6089661092,akash.pillai552@swiggy.com,M,43,9,Hyderabad,2024-09-20 00:00:00,NONE
553,Rohit Nair,7828215006,rohit.nair553@swiggy.com,M,31,5,Hyderabad,2023-07-22 00:00:00,NONE
554,Meera Jain,6258896972,meera.jain554@swiggy.com,F,18,3,Hyderabad,2023-11-16 00:00:00,NONE
555,Krishna Rao,7066049648,krishna.rao555@swiggy.com,M,34,6,Hyderabad,2024-12-13 00:00:00,NONE
556,Diya Pillai,9760086638,diya.pillai556@swiggy.com,M,25,8,Hyderabad,2023-10-09 00:00:00,NONE
557,Diya Shetty,9131077671,diya.shetty557@swiggy.com,M,29,10,Hyderabad,2024-11-26 00:00:00,NONE
558,Dhruv Khan,8990476096,dhruv.khan558@swiggy.com,F,45,10,Hyderabad,2024-02-26 00:00:00,NONE
559,Anika Chowdhury,6117661571,anika.chowdhury559@swiggy.com,M,21,2,Hyderabad,2025-02-16 00:00:00,ONE
560,Varun Chowdhury,7169652549,varun.chowdhury560@swiggy.com,F,32,10,Hyderabad,2025-04-08 00:00:00,ONE
561,Ira Das,7154507095,ira.das561@swiggy.com,M,29,1,Hyderabad,2025-01-01 00:00:00,ONE_PLUS
562,Diya Gupta,7050794021,diya.gupta562@swiggy.com,M,28,6,Hyderabad,2025-11-22 00:00:00,NONE
563,Rahul Patel,9485632123,rahul.patel563@swiggy.com,M,38,5,Hyderabad,2025-09-24 00:00:00,ONE
564,Ananya Chowdhury,8976765000,ananya.chowdhury564@swiggy.com,F,22,1,Hyderabad,2023-08-09 00:00:00,NONE
565,Kiran Iyer,8080641008,kiran.iyer565@swiggy.com,M,18,6,Hyderabad,2023-07-13 00:00:00,NONE
566,Riya Das,8876444616,riya.das566@swiggy.com,F,37,7,Hyderabad,2025-08-21 00:00:00,NONE
567,Kiara Kulkarni,8107589153,kiara.kulkarni567@swiggy.com,F,30,1,Hyderabad,2024-08-20 00:00:00,NONE
568,Riya Rao,8270349738,riya.rao568@swiggy.com,M,34,8,Hyderabad,2023-11-16 00:00:00,ONE
569,Saanvi Mehta,7295612850,saanvi.mehta569@swiggy.com,M,37,3,Hyderabad,2025-06-30 00:00:00,NONE
570,Krishna Gupta,9366953596,krishna.gupta570@swiggy.com,F,18,6,Hyderabad,2025-05-11 00:00:00,NONE
571,Sai Patel,6894966424,sai.patel571@swiggy.com,F,18,7,Hyderabad,2024-12-26 00:00:00,NONE
572,Suresh Nair,8480035146,suresh.nair572@swiggy.com,M,40,6,Hyderabad,2023-08-24 00:00:00,NONE
573,Aarav Gupta,8222182112,aarav.gupta573@swiggy.com,M,31,6,Hyderabad,2025-10-14 00:00:00,NONE
574,Pooja Naidu,6683243315,pooja.naidu574@swiggy.com,M,40,2,Hyderabad,2025-11-06 00:00:00,NONE
575,Varun Iyer,9197133592,varun.iyer575@swiggy.com,F,31,10,Hyderabad,2024-09-09 00:00:00,ONE
576,Riya Bose,8821262155,riya.bose576@swiggy.com,M,26,1,Hyderabad,2023-10-08 00:00:00,NONE
577,Suresh Iyer,6761387351,suresh.iyer577@swiggy.com,M,33,8,Hyderabad,2025-04-27 00:00:00,NONE
578,Kiran Singh,6456762842,kiran.singh578@swiggy.com,M,38,6,Hyderabad,2024-06-07 00:00:00,NONE
579,Ira Nair,8935104354,ira.nair579@swiggy.com,F,30,4,Hyderabad,2025-01-18 00:00:00,ONE_LITE
580,Ira Rao,6434204209,ira.rao580@swiggy.com,M,23,10,Hyderabad,2024-12-18 00:00:00,ONE
581,Kiara Chowdhury,9790002133,kiara.chowdhury581@swiggy.com,F,24,5,Hyderabad,2023-07-19 00:00:00,NONE
582,Kiran Gowda,8977902874,kiran.gowda582@swiggy.com,M,22,5,Hyderabad,2025-05-16 00:00:00,NONE
583,Anika Reddy,6699827225,anika.reddy583@swiggy.com,M,32,7,Hyderabad,2023-08-09 00:00:00,ONE
584,Myra Rao,7731762453,myra.rao584@swiggy.com,F,27,9,Hyderabad,2023-10-14 00:00:00,ONE
585,Dhruv Reddy,6883464753,dhruv.reddy585@swiggy.com,M,37,10,Hyderabad,2025-07-19 00:00:00,NONE
586,Neha Sharma,8193666892,neha.sharma586@swiggy.com,M,29,1,Hyderabad,2024-04-25 00:00:00,NONE
587,Meera Nair,8439631618,meera.nair587@swiggy.com,F,26,7,Hyderabad,2025-09-23 00:00:00,NONE
588,Aarav Shetty,8092260051,aarav.shetty588@swiggy.com,F,40,10,Hyderabad,2024-07-15 00:00:00,ONE
589,Sai Patel,8540981247,sai.patel589@swiggy.com,F,38,7,Hyderabad,2024-10-23 00:00:00,NONE
590,Riya Bose,7556201038,riya.bose590@swiggy.com,F,23,8,Hyderabad,2025-06-18 00:00:00,ONE_LITE
591,Akash Bose,6457284772,akash.bose591@swiggy.com,M,30,9,Hyderabad,2024-12-26 00:00:00,ONE
592,Neha Shetty,6287491539,neha.shetty592@swiggy.com,F,37,10,Hyderabad,2023-08-07 00:00:00,NONE
593,Reyansh Pillai,7607994713,reyansh.pillai593@swiggy.com,M,26,4,Hyderabad,2025-06-19 00:00:00,ONE
594,Nikhil Kulkarni,6425406737,nikhil.kulkarni594@swiggy.com,F,26,2,Hyderabad,2024-06-29 00:00:00,NONE
595,Vivaan Reddy,7193740529,vivaan.reddy595@swiggy.com,M,48,4,Hyderabad,2024-10-17 00:00:00,ONE_LITE
596,Pooja Jain,8101253076,pooja.jain596@swiggy.com,F,20,3,Hyderabad,2024-08-02 00:00:00,NONE
597,Aadhya Shetty,8785406566,aadhya.shetty597@swiggy.com,M,29,3,Hyderabad,2024-09-02 00:00:00,ONE
598,Kiran Mehta,6007793204,kiran.mehta598@swiggy.com,F,34,2,Hyderabad,2024-10-24 00:00:00,ONE_PLUS
599,Pooja Gupta,9287811413,pooja.gupta599@swiggy.com,M,28,1,Hyderabad,2024-12-17 00:00:00,ONE_LITE
600,Krishna Gowda,8934213060,krishna.gowda600@swiggy.com,M,38,9,Hyderabad,2024-02-25 00:00:00,NONE
601,Ishaan Iyer,7630235915,ishaan.iyer601@swiggy.com,F,35,4,Hyderabad,2024-08-15 00:00:00,ONE_LITE
602,Reyansh Patel,7966963683,reyansh.patel602@swiggy.com,F,32,10,Hyderabad,2025-06-05 00:00:00,NONE
603,Ananya Reddy,6362592683,ananya.reddy603@swiggy.com,F,31,8,Hyderabad,2025-09-19 00:00:00,NONE
604,Ishaan Gowda,9032120959,ishaan.gowda604@swiggy.com,M,41,7,Hyderabad,2023-10-14 00:00:00,ONE_LITE
605,Reyansh Kulkarni,9596208325,reyansh.kulkarni605@swiggy.com,F,18,6,Hyderabad,2025-07-13 00:00:00,NONE
606,Rohit Khan,6516049099,rohit.khan606@swiggy.com,F,24,4,Hyderabad,2023-08-30 00:00:00,NONE
607,Sai Bose,8207372122,sai.bose607@swiggy.com,M,37,3,Hyderabad,2025-08-26 00:00:00,NONE
608,Krishna Jain,6093145778,krishna.jain608@swiggy.com,M,34,8,Hyderabad,2024-02-16 00:00:00,NONE
609,Nikhil Nair,6879517244,nikhil.nair609@swiggy.com,M,44,8,Hyderabad,2025-11-07 00:00:00,NONE
610,Riya Singh,9371908734,riya.singh610@swiggy.com,F,27,7,Hyderabad,2024-05-01 00:00:00,ONE_LITE
611,Suresh Desai,6465409351,suresh.desai611@swiggy.com,F,33,7,Hyderabad,2024-10-19 00:00:00,NONE
612,Nikhil Desai,6630342493,nikhil.desai612@swiggy.com,M,29,7,Hyderabad,2025-03-11 00:00:00,ONE_LITE
613,Rohit Naidu,7691256110,rohit.naidu613@swiggy.com,M,25,1,Hyderabad,2023-12-14 00:00:00,ONE_LITE
614,Kiran Bose,9514823963,kiran.bose614@swiggy.com,F,31,7,Hyderabad,2024-10-16 00:00:00,NONE
615,Ira Iyer,9673179339,ira.iyer615@swiggy.com,F,37,5,Hyderabad,2023-11-07 00:00:00,NONE
616,Vihaan Iyer,6567137119,vihaan.iyer616@swiggy.com,M,18,8,Hyderabad,2025-11-26 00:00:00,ONE_LITE
617,Pooja Gupta,8278198491,pooja.gupta617@swiggy.com,M,34,8,Hyderabad,2024-04-26 00:00:00,NONE
618,Dhruv Iyer,6100247029,dhruv.iyer618@swiggy.com,F,31,3,Hyderabad,2025-09-07 00:00:00,ONE
619,Vivaan Patel,8506979434,vivaan.patel619@swiggy.com,F,33,10,Hyderabad,2023-09-11 00:00:00,ONE
620,Varun Kulkarni,7896303314,varun.kulkarni620@swiggy.com,F,27,6,Hyderabad,2023-12-30 00:00:00,ONE_LITE
621,Pooja Naidu,9682683664,pooja.naidu621@swiggy.com,M,39,7,Hyderabad,2023-11-16 00:00:00,NONE
622,Krishna Reddy,7030834646,krishna.reddy622@swiggy.com,M,28,7,Hyderabad,2024-01-21 00:00:00,NONE
623,Ira Singh,9721155851,ira.singh623@swiggy.com,M,25,2,Hyderabad,2024-12-06 00:00:00,ONE_PLUS
624,Pooja Pillai,6141622760,pooja.pillai624@swiggy.com,F,29,2,Hyderabad,2025-01-23 00:00:00,ONE_LITE
625,Aarav Shetty,7972248115,aarav.shetty625@swiggy.com,F,34,7,Hyderabad,2023-11-26 00:00:00,NONE
626,Neha Kulkarni,8976637736,neha.kulkarni626@swiggy.com,F,27,8,Hyderabad,2025-08-27 00:00:00,ONE
627,Neha Khan,8221351951,neha.khan627@swiggy.com,F,21,9,Hyderabad,2024-09-06 00:00:00,NONE
628,Anika Reddy,7058933675,anika.reddy628@swiggy.com,M,39,6,Hyderabad,2024-11-03 00:00:00,ONE
629,Ishaan Patel,6083822612,ishaan.patel629@swiggy.com,M,33,10,Hyderabad,2024-04-02 00:00:00,ONE
630,Ananya Mehta,9285622908,ananya.mehta630@swiggy.com,M,46,1,Hyderabad,2024-03-24 00:00:00,NONE
631,Kiran Gupta,8708143968,kiran.gupta631@swiggy.com,M,37,3,Hyderabad,2023-08-03 00:00:00,NONE
632,Diya Kulkarni,6697352618,diya.kulkarni632@swiggy.com,M,18,1,Hyderabad,2024-05-15 00:00:00,NONE
633,Arjun Kulkarni,9874116212,arjun.kulkarni633@swiggy.com,M,38,7,Hyderabad,2025-08-20 00:00:00,ONE_LITE
634,Rahul Reddy,7756919489,rahul.reddy634@swiggy.com,M,45,4,Hyderabad,2023-11-06 00:00:00,ONE
635,Saanvi Shetty,9153417213,saanvi.shetty635@swiggy.com,M,30,2,Hyderabad,2024-11-28 00:00:00,NONE
636,Riya Shetty,6796048364,riya.shetty636@swiggy.com,F,40,5,Hyderabad,2023-12-24 00:00:00,NONE
637,Vihaan Iyer,9465055277,vihaan.iyer637@swiggy.com,M,38,1,Hyderabad,2025-07-28 00:00:00,ONE_LITE
638,Saanvi Das,7500971805,saanvi.das638@swiggy.com,F,34,3,Hyderabad,2024-10-30 00:00:00,ONE
639,Neha Chowdhury,6085867261,neha.chowdhury639@swiggy.com,M,24,9,Hyderabad,2023-09-17 00:00:00,NONE
640,Sai Reddy,6811215809,sai.reddy640@swiggy.com,F,18,10,Hyderabad,2023-12-17 00:00:00,ONE
641,Aadhya Pillai,8490395764,aadhya.pillai641@swiggy.com,M,44,9,Hyderabad,2025-01-26 00:00:00,ONE
642,Kiran Kulkarni,7656600182,kiran.kulkarni642@swiggy.com,F,41,10,Hyderabad,2024-07-13 00:00:00,ONE_LITE
643,Meera Gupta,7274526149,meera.gupta643@swiggy.com,M,27,3,Hyderabad,2024-03-21 00:00:00,NONE
644,Arjun Pillai,8079613686,arjun.pillai644@swiggy.com,F,22,7,Hyderabad,2023-12-17 00:00:00,NONE
645,Arjun Kulkarni,6392256430,arjun.kulkarni645@swiggy.com,F,30,7,Hyderabad,2023-08-09 00:00:00,ONE_PLUS
646,Reyansh Naidu,8209297158,reyansh.naidu646@swiggy.com,M,45,6,Hyderabad,2023-09-23 00:00:00,ONE_LITE
647,Neha Singh,9578568193,neha.singh647@swiggy.com,M,24,10,Hyderabad,2023-08-09 00:00:00,NONE
648,Suresh Pillai,6410511370,suresh.pillai648@swiggy.com,M,29,6,Hyderabad,2023-08-25 00:00:00,NONE
649,Nikhil Khan,6719752498,nikhil.khan649@swiggy.com,M,18,6,Hyderabad,2023-12-04 00:00:00,ONE_PLUS
650,Rahul Iyer,7430079107,rahul.iyer650@swiggy.com,M,29,4,Hyderabad,2025-01-19 00:00:00,ONE_LITE
651,Neha Reddy,6691466510,neha.reddy651@swiggy.com,M,27,9,Hyderabad,2024-07-11 00:00:00,NONE
652,Suresh Reddy,6772798856,suresh.reddy652@swiggy.com,F,23,4,Hyderabad,2023-07-30 00:00:00,ONE
653,Sai Chowdhury,8131304193,sai.chowdhury653@swiggy.com,M,28,10,Hyderabad,2024-08-25 00:00:00,NONE
654,Meera Patel,7222752396,meera.patel654@swiggy.com,F,36,4,Hyderabad,2023-07-30 00:00:00,NONE
655,Varun Gowda,6004213740,varun.gowda655@swiggy.com,M,39,1,Hyderabad,2024-08-10 00:00:00,NONE
656,Krishna Iyer,8490724338,krishna.iyer656@swiggy.com,F,30,7,Hyderabad,2024-07-12 00:00:00,NONE
657,Reyansh Patel,6641708712,reyansh.patel657@swiggy.com,M,23,9,Hyderabad,2023-08-19 00:00:00,ONE_PLUS
658,Ira Kulkarni,9114624577,ira.kulkarni658@swiggy.com,M,18,3,Hyderabad,2024-10-19 00:00:00,NONE
659,Nikhil Nair,6197130608,nikhil.nair659@swiggy.com,F,18,6,Hyderabad,2023-10-20 00:00:00,ONE
660,Suresh Reddy,6420467121,suresh.reddy660@swiggy.com,F,38,7,Hyderabad,2024-03-26 00:00:00,ONE
661,Ishaan Das,8471761861,ishaan.das661@swiggy.com,M,25,5,Hyderabad,2023-12-11 00:00:00,ONE
662,Diya Sharma,7994600436,diya.sharma662@swiggy.com,M,31,2,Hyderabad,2025-07-15 00:00:00,NONE
663,Ananya Das,6040139728,ananya.das663@swiggy.com,F,27,4,Hyderabad,2025-04-14 00:00:00,ONE_LITE
664,Aarav Sharma,7249119330,aarav.sharma664@swiggy.com,M,21,3,Hyderabad,2025-10-17 00:00:00,NONE
665,Meera Naidu,7387562250,meera.naidu665@swiggy.com,M,28,1,Hyderabad,2023-12-29 00:00:00,NONE
666,Rahul Gowda,9098814096,rahul.gowda666@swiggy.com,M,30,2,Hyderabad,2025-07-17 00:00:00,NONE
667,Saanvi Gupta,8015288998,saanvi.gupta667@swiggy.com,F,20,5,Hyderabad,2023-11-16 00:00:00,ONE
668,Kiran Patel,6049505610,kiran.patel668@swiggy.com,M,42,8,Hyderabad,2024-02-22 00:00:00,ONE_LITE
669,Neha Gupta,6455045536,neha.gupta669@swiggy.com,F,38,10,Hyderabad,2025-09-26 00:00:00,ONE_LITE
670,Aarav Shetty,8509557282,aarav.shetty670@swiggy.com,M,32,4,Hyderabad,2025-05-23 00:00:00,ONE_LITE
671,Vihaan Shetty,8020189276,vihaan.shetty671@swiggy.com,M,19,5,Hyderabad,2024-05-11 00:00:00,ONE
672,Krishna Pillai,9036307574,krishna.pillai672@swiggy.com,M,30,4,Hyderabad,2023-08-07 00:00:00,NONE
673,Ananya Sharma,9829195977,ananya.sharma673@swiggy.com,M,25,10,Hyderabad,2025-01-30 00:00:00,NONE
674,Suresh Nair,7865822587,suresh.nair674@swiggy.com,F,30,2,Hyderabad,2023-11-19 00:00:00,NONE
675,Ishaan Das,7144481591,ishaan.das675@swiggy.com,F,38,3,Hyderabad,2024-08-28 00:00:00,NONE
676,Dhruv Shetty,8861144647,dhruv.shetty676@swiggy.com,M,33,5,Hyderabad,2025-11-06 00:00:00,ONE_LITE
677,Nikhil Reddy,9308760201,nikhil.reddy677@swiggy.com,M,39,3,Hyderabad,2023-11-14 00:00:00,ONE_LITE
678,Neha Reddy,9588017883,neha.reddy678@swiggy.com,F,23,10,Hyderabad,2025-11-14 00:00:00,NONE
679,Ishaan Sharma,7618125819,ishaan.sharma679@swiggy.com,F,28,8,Hyderabad,2025-06-22 00:00:00,ONE
680,Ira Nair,8329667949,ira.nair680@swiggy.com,F,37,1,Hyderabad,2025-04-09 00:00:00,NONE
681,Dhruv Desai,9619986155,dhruv.desai681@swiggy.com,F,39,4,Hyderabad,2025-08-15 00:00:00,NONE
682,Varun Mehta,7319698700,varun.mehta682@swiggy.com,M,40,7,Hyderabad,2025-06-27 00:00:00,NONE
683,Rahul Naidu,7147981471,rahul.naidu683@swiggy.com,M,27,3,Hyderabad,2023-09-23 00:00:00,NONE
684,Sai Nair,7346473862,sai.nair684@swiggy.com,M,37,6,Hyderabad,2025-07-20 00:00:00,NONE
685,Saanvi Pillai,6583545677,saanvi.pillai685@swiggy.com,F,24,7,Hyderabad,2024-05-14 00:00:00,ONE_LITE
686,Aarav Gupta,9341193871,aarav.gupta686@swiggy.com,M,28,4,Hyderabad,2024-11-22 00:00:00,NONE
687,Pooja Pillai,6280197309,pooja.pillai687@swiggy.com,F,18,8,Hyderabad,2025-07-03 00:00:00,ONE_LITE
688,Kiran Patel,9451112084,kiran.patel688@swiggy.com,M,24,6,Hyderabad,2025-10-03 00:00:00,ONE_PLUS
689,Suresh Naidu,7474601066,suresh.naidu689@swiggy.com,M,25,3,Hyderabad,2024-08-03 00:00:00,ONE_LITE
690,Sai Reddy,6868589574,sai.reddy690@swiggy.com,F,29,3,Hyderabad,2024-06-30 00:00:00,NONE
691,Aditya Chowdhury,6912621758,aditya.chowdhury691@swiggy.com,M,29,3,Hyderabad,2025-02-22 00:00:00,NONE
692,Ananya Nair,6186110680,ananya.nair692@swiggy.com,M,26,8,Hyderabad,2024-07-27 00:00:00,NONE
693,Meera Patel,9209129205,meera.patel693@swiggy.com,M,35,5,Hyderabad,2025-06-14 00:00:00,ONE
694,Neha Singh,9003979533,neha.singh694@swiggy.com,F,27,1,Hyderabad,2024-04-29 00:00:00,NONE
695,Kiran Patel,7471815358,kiran.patel695@swiggy.com,F,40,6,Hyderabad,2025-07-18 00:00:00,NONE
696,Arjun Rao,9807886719,arjun.rao696@swiggy.com,M,33,5,Hyderabad,2025-06-15 00:00:00,ONE_PLUS
697,Riya Chowdhury,7412690762,riya.chowdhury697@swiggy.com,M,18,9,Hyderabad,2023-11-12 00:00:00,ONE_PLUS
698,Aditya Naidu,6007387844,aditya.naidu698@swiggy.com,M,19,10,Hyderabad,2024-03-16 00:00:00,NONE
699,Sai Iyer,7530749974,sai.iyer699@swiggy.com,F,35,3,Hyderabad,2025-01-29 00:00:00,ONE_LITE
700,Anika Singh,9324664563,anika.singh700@swiggy.com,M,34,3,Hyderabad,2025-07-24 00:00:00,NONE
701,Ira Chowdhury,6286667280,ira.chowdhury701@swiggy.com,M,28,2,Hyderabad,2023-12-30 00:00:00,NONE
702,Diya Shetty,6828634581,diya.shetty702@swiggy.com,F,25,2,Hyderabad,2025-02-03 00:00:00,NONE
703,Vihaan Nair,6133947420,vihaan.nair703@swiggy.com,M,20,3,Hyderabad,2023-11-09 00:00:00,ONE_LITE
704,Arjun Gupta,7597087922,arjun.gupta704@swiggy.com,F,32,3,Hyderabad,2024-08-03 00:00:00,NONE
705,Rohit Das,7211208442,rohit.das705@swiggy.com,M,39,1,Hyderabad,2023-10-13 00:00:00,NONE
706,Pooja Sharma,9849219457,pooja.sharma706@swiggy.com,M,47,5,Hyderabad,2025-05-23 00:00:00,ONE_LITE
707,Akash Bose,6858175168,akash.bose707@swiggy.com,M,53,7,Hyderabad,2024-11-29 00:00:00,NONE
708,Arjun Rao,8437627998,arjun.rao708@swiggy.com,F,18,6,Hyderabad,2025-11-13 00:00:00,NONE
709,Anika Patel,9294513399,anika.patel709@swiggy.com,F,39,8,Hyderabad,2024-02-12 00:00:00,ONE
710,Aadhya Desai,9338149438,aadhya.desai710@swiggy.com,F,30,10,Hyderabad,2025-11-13 00:00:00,NONE
711,Nikhil Kulkarni,9943514266,nikhil.kulkarni711@swiggy.com,F,35,7,Hyderabad,2024-06-10 00:00:00,NONE
712,Riya Patel,9816644790,riya.patel712@swiggy.com,M,26,5,Hyderabad,2023-12-10 00:00:00,ONE
713,Anika Sharma,7827518937,anika.sharma713@swiggy.com,F,40,8,Hyderabad,2024-06-30 00:00:00,NONE
714,Akash Nair,9975263996,akash.nair714@swiggy.com,M,29,8,Hyderabad,2024-10-01 00:00:00,ONE_LITE
715,Vivaan Reddy,9138853992,vivaan.reddy715@swiggy.com,M,24,1,Hyderabad,2024-09-29 00:00:00,NONE
716,Riya Nair,9851691954,riya.nair716@swiggy.com,M,42,7,Hyderabad,2025-05-14 00:00:00,NONE
717,Neha Naidu,9678625920,neha.naidu717@swiggy.com,F,29,2,Hyderabad,2023-12-01 00:00:00,ONE_LITE
718,Rahul Bose,8079037146,rahul.bose718@swiggy.com,F,32,7,Hyderabad,2025-11-16 00:00:00,ONE
719,Ishaan Khan,7187832001,ishaan.khan719@swiggy.com,F,28,6,Hyderabad,2025-05-20 00:00:00,ONE_LITE
720,Anika Patel,9451280438,anika.patel720@swiggy.com,M,28,1,Hyderabad,2024-02-13 00:00:00,ONE
721,Saanvi Reddy,6090633981,saanvi.reddy721@swiggy.com,F,35,7,Hyderabad,2025-08-16 00:00:00,ONE
722,Rohit Bose,9133950521,rohit.bose722@swiggy.com,F,18,1,Hyderabad,2025-05-29 00:00:00,ONE_LITE
723,Meera Reddy,8238010612,meera.reddy723@swiggy.com,M,40,10,Hyderabad,2025-10-28 00:00:00,NONE
724,Aadhya Pillai,7484992187,aadhya.pillai724@swiggy.com,M,38,4,Hyderabad,2025-08-25 00:00:00,ONE_LITE
725,Anika Bose,7127445231,anika.bose725@swiggy.com,M,24,7,Hyderabad,2025-08-14 00:00:00,NONE
726,Krishna Bose,7360105528,krishna.bose726@swiggy.com,F,37,7,Hyderabad,2024-09-14 00:00:00,NONE
727,Diya Reddy,9137306371,diya.reddy727@swiggy.com,O,38,9,Hyderabad,2024-12-02 00:00:00,NONE
728,Aarav Kulkarni,8478536512,aarav.kulkarni728@swiggy.com,M,34,6,Hyderabad,2023-12-24 00:00:00,NONE
729,Sneha Iyer,6648104021,sneha.iyer729@swiggy.com,F,24,10,Hyderabad,2023-08-24 00:00:00,ONE_LITE
730,Riya Kulkarni,6200750419,riya.kulkarni730@swiggy.com,F,33,8,Hyderabad,2025-06-05 00:00:00,ONE
731,Akash Chowdhury,9304843330,akash.chowdhury731@swiggy.com,F,33,1,Hyderabad,2024-05-30 00:00:00,ONE_LITE
732,Riya Sharma,6294698912,riya.sharma732@swiggy.com,M,39,6,Hyderabad,2024-07-10 00:00:00,NONE
733,Vihaan Kulkarni,6207885060,vihaan.kulkarni733@swiggy.com,M,23,1,Hyderabad,2025-07-08 00:00:00,NONE
734,Vivaan Mehta,9267369513,vivaan.mehta734@swiggy.com,M,28,1,Hyderabad,2025-08-06 00:00:00,NONE
735,Anika Das,6652442740,anika.das735@swiggy.com,F,18,3,Hyderabad,2023-10-18 00:00:00,ONE
736,Aditya Desai,8672090028,aditya.desai736@swiggy.com,M,31,5,Hyderabad,2023-11-30 00:00:00,NONE
737,Vihaan Kulkarni,8875397681,vihaan.kulkarni737@swiggy.com,F,18,4,Hyderabad,2024-07-16 00:00:00,ONE
738,Akash Desai,6985712138,akash.desai738@swiggy.com,M,23,3,Hyderabad,2025-04-17 00:00:00,NONE
739,Myra Patel,9281064290,myra.patel739@swiggy.com,F,37,2,Hyderabad,2025-06-30 00:00:00,ONE
740,Arjun Nair,6502067424,arjun.nair740@swiggy.com,M,28,7,Hyderabad,2025-04-24 00:00:00,NONE
741,Kiara Gowda,6510211852,kiara.gowda741@swiggy.com,F,30,10,Hyderabad,2025-02-18 00:00:00,NONE
742,Reyansh Khan,6317822732,reyansh.khan742@swiggy.com,F,32,9,Hyderabad,2025-08-16 00:00:00,NONE
743,Suresh Reddy,9196786161,suresh.reddy743@swiggy.com,F,18,10,Hyderabad,2025-02-06 00:00:00,NONE
744,Arjun Reddy,6409817034,arjun.reddy744@swiggy.com,F,31,6,Hyderabad,2024-08-18 00:00:00,ONE_LITE
745,Sneha Khan,6185985110,sneha.khan745@swiggy.com,F,37,1,Hyderabad,2024-07-15 00:00:00,NONE
746,Suresh Kulkarni,6435624833,suresh.kulkarni746@swiggy.com,F,21,5,Hyderabad,2023-08-27 00:00:00,ONE
747,Rohit Gowda,6167098614,rohit.gowda747@swiggy.com,F,33,9,Hyderabad,2023-09-26 00:00:00,ONE_LITE
748,Suresh Das,7209312659,suresh.das748@swiggy.com,M,25,4,Hyderabad,2024-04-15 00:00:00,NONE
749,Reyansh Desai,7349305364,reyansh.desai749@swiggy.com,M,25,9,Hyderabad,2025-06-01 00:00:00,NONE
750,Neha Desai,7109165251,neha.desai750@swiggy.com,M,31,8,Hyderabad,2024-04-26 00:00:00,ONE_LITE
751,Aditya Mehta,9428140380,aditya.mehta751@swiggy.com,M,27,8,Hyderabad,2025-02-05 00:00:00,NONE
752,Varun Mehta,8971749209,varun.mehta752@swiggy.com,M,31,3,Hyderabad,2024-12-04 00:00:00,ONE
753,Rohit Nair,6398951488,rohit.nair753@swiggy.com,F,24,4,Hyderabad,2023-08-19 00:00:00,NONE
754,Nikhil Gupta,7153056538,nikhil.gupta754@swiggy.com,M,27,3,Hyderabad,2023-12-29 00:00:00,NONE
755,Arjun Chowdhury,6656334949,arjun.chowdhury755@swiggy.com,M,32,7,Hyderabad,2025-08-21 00:00:00,ONE
756,Ira Iyer,8632515527,ira.iyer756@swiggy.com,F,31,1,Hyderabad,2023-10-04 00:00:00,NONE
757,Diya Reddy,6884008630,diya.reddy757@swiggy.com,F,32,7,Hyderabad,2025-07-22 00:00:00,NONE
758,Saanvi Kulkarni,9155775591,saanvi.kulkarni758@swiggy.com,M,24,5,Hyderabad,2024-04-27 00:00:00,NONE
759,Rahul Mehta,9862018521,rahul.mehta759@swiggy.com,F,38,3,Hyderabad,2025-01-23 00:00:00,ONE_LITE
760,Kiara Rao,6014988586,kiara.rao760@swiggy.com,F,41,1,Hyderabad,2023-07-29 00:00:00,ONE_PLUS
761,Ira Naidu,9186175426,ira.naidu761@swiggy.com,F,24,10,Hyderabad,2025-07-24 00:00:00,ONE_PLUS
762,Aadhya Jain,6374812135,aadhya.jain762@swiggy.com,F,27,10,Hyderabad,2024-07-11 00:00:00,ONE
763,Rahul Gowda,6099472938,rahul.gowda763@swiggy.com,M,30,1,Hyderabad,2024-02-06 00:00:00,NONE
764,Aadhya Chowdhury,6511654817,aadhya.chowdhury764@swiggy.com,M,35,9,Hyderabad,2025-04-26 00:00:00,NONE
765,Aditya Singh,6961756265,aditya.singh765@swiggy.com,M,25,5,Hyderabad,2024-10-20 00:00:00,NONE
766,Anika Gowda,6007264632,anika.gowda766@swiggy.com,M,28,10,Hyderabad,2024-12-06 00:00:00,ONE
767,Varun Shetty,6740618076,varun.shetty767@swiggy.com,F,35,4,Hyderabad,2025-08-12 00:00:00,ONE
768,Ananya Patel,6395124221,ananya.patel768@swiggy.com,F,19,1,Hyderabad,2025-06-02 00:00:00,NONE
769,Neha Gupta,9566288345,neha.gupta769@swiggy.com,F,18,9,Hyderabad,2023-08-22 00:00:00,NONE
770,Sai Chowdhury,6128538884,sai.chowdhury770@swiggy.com,F,37,2,Hyderabad,2024-12-14 00:00:00,NONE
771,Anika Iyer,8721263299,anika.iyer771@swiggy.com,M,19,7,Hyderabad,2025-09-16 00:00:00,ONE_LITE
772,Kiran Desai,9812525636,kiran.desai772@swiggy.com,M,44,5,Hyderabad,2024-10-24 00:00:00,ONE_LITE
773,Varun Patel,6996042802,varun.patel773@swiggy.com,M,25,9,Hyderabad,2023-12-14 00:00:00,ONE
774,Rohit Sharma,8485688304,rohit.sharma774@swiggy.com,M,28,6,Hyderabad,2023-10-14 00:00:00,NONE
775,Varun Pillai,6920056438,varun.pillai775@swiggy.com,F,27,10,Hyderabad,2025-09-06 00:00:00,NONE
776,Akash Sharma,9785867507,akash.sharma776@swiggy.com,M,21,4,Hyderabad,2025-11-06 00:00:00,NONE
777,Kiran Das,8116933920,kiran.das777@swiggy.com,F,29,3,Hyderabad,2024-09-13 00:00:00,NONE
778,Ira Pillai,9907801103,ira.pillai778@swiggy.com,M,27,1,Hyderabad,2025-04-09 00:00:00,ONE_PLUS
779,Arjun Gowda,6410254739,arjun.gowda779@swiggy.com,M,36,4,Hyderabad,2025-02-01 00:00:00,ONE_LITE
780,Kiran Mehta,7726526509,kiran.mehta780@swiggy.com,F,36,4,Hyderabad,2024-08-30 00:00:00,NONE
781,Reyansh Iyer,8985351770,reyansh.iyer781@swiggy.com,M,36,10,Hyderabad,2024-07-18 00:00:00,NONE
782,Myra Rao,9082539083,myra.rao782@swiggy.com,M,35,4,Hyderabad,2023-12-13 00:00:00,NONE
783,Diya Rao,9236560799,diya.rao783@swiggy.com,M,30,1,Hyderabad,2024-11-01 00:00:00,NONE
784,Akash Jain,8738447701,akash.jain784@swiggy.com,M,43,6,Hyderabad,2023-08-02 00:00:00,NONE
785,Akash Mehta,6477294929,akash.mehta785@swiggy.com,M,31,7,Hyderabad,2023-11-20 00:00:00,NONE
786,Rohit Jain,9972502226,rohit.jain786@swiggy.com,M,30,5,Hyderabad,2023-09-01 00:00:00,ONE
787,Vihaan Mehta,7884000365,vihaan.mehta787@swiggy.com,F,27,10,Hyderabad,2025-11-15 00:00:00,ONE
788,Anika Iyer,7859427242,anika.iyer788@swiggy.com,M,43,7,Hyderabad,2025-09-29 00:00:00,NONE
789,Sneha Gowda,9261543529,sneha.gowda789@swiggy.com,M,29,3,Hyderabad,2025-06-30 00:00:00,NONE
790,Aarav Desai,9630452338,aarav.desai790@swiggy.com,M,18,5,Hyderabad,2025-03-09 00:00:00,ONE_LITE
791,Rahul Das,7137346496,rahul.das791@swiggy.com,F,30,7,Hyderabad,2025-09-15 00:00:00,NONE
792,Vivaan Mehta,8906857553,vivaan.mehta792@swiggy.com,M,32,3,Hyderabad,2024-11-15 00:00:00,ONE_PLUS
793,Pooja Bose,9617699959,pooja.bose793@swiggy.com,M,26,4,Hyderabad,2024-11-05 00:00:00,NONE
794,Ira Pillai,9850454282,ira.pillai794@swiggy.com,F,27,9,Hyderabad,2023-11-07 00:00:00,ONE_LITE
795,Ishaan Desai,8471278335,ishaan.desai795@swiggy.com,M,34,4,Hyderabad,2024-12-26 00:00:00,ONE_LITE
796,Saanvi Gowda,8445815745,saanvi.gowda796@swiggy.com,F,40,6,Hyderabad,2024-01-28 00:00:00,NONE
797,Reyansh Mehta,7304956788,reyansh.mehta797@swiggy.com,M,27,3,Hyderabad,2024-03-17 00:00:00,NONE
798,Vihaan Das,7774188010,vihaan.das798@swiggy.com,F,34,1,Hyderabad,2025-06-10 00:00:00,NONE
799,Akash Nair,6345718856,akash.nair799@swiggy.com,M,22,9,Hyderabad,2024-06-03 00:00:00,ONE_LITE
800,Suresh Desai,6967477775,suresh.desai800@swiggy.com,F,48,1,Hyderabad,2025-09-13 00:00:00,NONE
801,Arjun Reddy,7643172724,arjun.reddy801@swiggy.com,M,48,9,Hyderabad,2025-09-03 00:00:00,NONE
802,Kiara Chowdhury,6237909874,kiara.chowdhury802@swiggy.com,M,30,1,Hyderabad,2024-04-29 00:00:00,NONE
803,Varun Gowda,7021248299,varun.gowda803@swiggy.com,M,18,5,Hyderabad,2024-04-18 00:00:00,ONE
804,Rohit Jain,8055150851,rohit.jain804@swiggy.com,M,43,2,Hyderabad,2025-04-04 00:00:00,NONE
805,Pooja Reddy,7295758217,pooja.reddy805@swiggy.com,M,26,8,Hyderabad,2023-07-29 00:00:00,NONE
806,Varun Das,6289713077,varun.das806@swiggy.com,M,35,2,Hyderabad,2024-08-29 00:00:00,ONE_PLUS
807,Kiara Kulkarni,7476068017,kiara.kulkarni807@swiggy.com,O,18,6,Hyderabad,2025-06-20 00:00:00,ONE_PLUS
808,Krishna Pillai,9962582144,krishna.pillai808@swiggy.com,F,34,9,Hyderabad,2025-01-06 00:00:00,NONE
809,Saanvi Mehta,8189870052,saanvi.mehta809@swiggy.com,F,33,3,Hyderabad,2023-11-07 00:00:00,NONE
810,Ira Jain,6623598886,ira.jain810@swiggy.com,M,30,3,Hyderabad,2025-10-19 00:00:00,ONE
811,Rahul Nair,7522987442,rahul.nair811@swiggy.com,F,36,8,Hyderabad,2023-09-04 00:00:00,NONE
812,Sai Rao,7633188866,sai.rao812@swiggy.com,M,18,7,Hyderabad,2025-08-01 00:00:00,ONE_LITE
813,Reyansh Chowdhury,8870723343,reyansh.chowdhury813@swiggy.com,F,27,1,Hyderabad,2025-02-03 00:00:00,ONE_LITE
814,Saanvi Khan,7604285719,saanvi.khan814@swiggy.com,M,29,1,Hyderabad,2025-02-26 00:00:00,NONE
815,Arjun Gowda,9903733700,arjun.gowda815@swiggy.com,M,18,10,Hyderabad,2024-12-25 00:00:00,ONE
816,Meera Gupta,8837213452,meera.gupta816@swiggy.com,F,35,4,Hyderabad,2024-11-22 00:00:00,NONE
817,Sneha Reddy,9570206607,sneha.reddy817@swiggy.com,M,26,1,Hyderabad,2025-10-22 00:00:00,ONE_LITE
818,Diya Naidu,7805770759,diya.naidu818@swiggy.com,F,29,7,Hyderabad,2024-01-26 00:00:00,NONE
819,Anika Nair,8887473409,anika.nair819@swiggy.com,M,36,2,Hyderabad,2023-11-05 00:00:00,NONE
820,Diya Mehta,6095495204,diya.mehta820@swiggy.com,M,28,10,Hyderabad,2024-08-02 00:00:00,ONE_PLUS
821,Nikhil Pillai,9450744131,nikhil.pillai821@swiggy.com,M,42,7,Hyderabad,2024-11-11 00:00:00,ONE
822,Meera Shetty,8842164752,meera.shetty822@swiggy.com,F,24,2,Hyderabad,2025-08-22 00:00:00,ONE
823,Ira Mehta,7806582254,ira.mehta823@swiggy.com,M,23,8,Hyderabad,2025-03-14 00:00:00,ONE_LITE
824,Rahul Khan,7445779401,rahul.khan824@swiggy.com,M,37,8,Hyderabad,2025-01-11 00:00:00,ONE_LITE
825,Kiara Patel,8181846518,kiara.patel825@swiggy.com,M,30,1,Hyderabad,2025-06-15 00:00:00,ONE_LITE
826,Aarav Mehta,9429656361,aarav.mehta826@swiggy.com,M,21,7,Hyderabad,2024-10-15 00:00:00,NONE
827,Krishna Gowda,7524997815,krishna.gowda827@swiggy.com,M,26,9,Hyderabad,2023-12-27 00:00:00,NONE
828,Ananya Das,8109316530,ananya.das828@swiggy.com,F,36,8,Hyderabad,2025-11-17 00:00:00,ONE_PLUS
829,Sai Iyer,7683012947,sai.iyer829@swiggy.com,F,44,8,Hyderabad,2024-03-29 00:00:00,NONE
830,Nikhil Nair,7562512151,nikhil.nair830@swiggy.com,M,30,6,Hyderabad,2024-02-27 00:00:00,NONE
831,Rahul Nair,7586976920,rahul.nair831@swiggy.com,F,28,9,Hyderabad,2024-04-05 00:00:00,ONE
832,Aditya Gowda,8140091844,aditya.gowda832@swiggy.com,M,38,4,Hyderabad,2025-04-20 00:00:00,ONE
833,Nikhil Patel,8533435588,nikhil.patel833@swiggy.com,M,18,5,Hyderabad,2024-07-03 00:00:00,NONE
834,Pooja Jain,8854765430,pooja.jain834@swiggy.com,F,33,3,Hyderabad,2024-02-18 00:00:00,NONE
835,Nikhil Desai,6259931704,nikhil.desai835@swiggy.com,M,18,6,Hyderabad,2024-08-07 00:00:00,NONE
836,Aarav Bose,7399502663,aarav.bose836@swiggy.com,F,31,9,Hyderabad,2025-05-12 00:00:00,ONE
837,Rahul Sharma,9899644878,rahul.sharma837@swiggy.com,F,36,5,Hyderabad,2025-02-20 00:00:00,NONE
838,Aarav Gowda,8718081473,aarav.gowda838@swiggy.com,F,40,1,Hyderabad,2024-11-14 00:00:00,NONE
839,Sneha Gupta,9368819730,sneha.gupta839@swiggy.com,M,25,9,Hyderabad,2025-02-16 00:00:00,NONE
840,Pooja Sharma,9171210664,pooja.sharma840@swiggy.com,F,29,7,Hyderabad,2024-09-27 00:00:00,NONE
841,Reyansh Pillai,7148090910,reyansh.pillai841@swiggy.com,M,23,1,Hyderabad,2025-01-13 00:00:00,NONE
842,Rahul Reddy,8723072869,rahul.reddy842@swiggy.com,M,30,6,Hyderabad,2024-04-01 00:00:00,ONE_PLUS
843,Nikhil Naidu,7071132181,nikhil.naidu843@swiggy.com,M,36,4,Hyderabad,2023-10-24 00:00:00,NONE
844,Kiran Rao,7033758619,kiran.rao844@swiggy.com,F,19,5,Hyderabad,2025-03-07 00:00:00,ONE_LITE
845,Arjun Pillai,8946623957,arjun.pillai845@swiggy.com,M,40,10,Hyderabad,2024-10-29 00:00:00,NONE
846,Kiara Gupta,7229564435,kiara.gupta846@swiggy.com,M,21,5,Hyderabad,2025-08-27 00:00:00,ONE
847,Ananya Patel,7804361934,ananya.patel847@swiggy.com,F,24,10,Hyderabad,2025-10-24 00:00:00,NONE
848,Aarav Rao,6567427644,aarav.rao848@swiggy.com,F,42,3,Hyderabad,2023-10-19 00:00:00,ONE_LITE
849,Nikhil Chowdhury,9479405989,nikhil.chowdhury849@swiggy.com,F,22,1,Hyderabad,2025-04-02 00:00:00,NONE
850,Anika Naidu,8670071334,anika.naidu850@swiggy.com,F,34,9,Hyderabad,2025-05-08 00:00:00,ONE
851,Varun Shetty,7318471570,varun.shetty851@swiggy.com,M,35,3,Hyderabad,2025-05-06 00:00:00,ONE_PLUS
852,Vihaan Singh,6696877017,vihaan.singh852@swiggy.com,F,18,3,Hyderabad,2024-12-10 00:00:00,NONE
853,Nikhil Kulkarni,7874304752,nikhil.kulkarni853@swiggy.com,M,47,3,Hyderabad,2024-10-14 00:00:00,ONE
854,Nikhil Khan,7350530240,nikhil.khan854@swiggy.com,F,57,10,Hyderabad,2025-05-29 00:00:00,NONE
855,Aditya Kulkarni,6642380941,aditya.kulkarni855@swiggy.com,F,27,5,Hyderabad,2024-09-08 00:00:00,ONE
856,Vihaan Rao,9376481156,vihaan.rao856@swiggy.com,F,46,9,Hyderabad,2023-07-27 00:00:00,ONE
857,Rahul Nair,6732668434,rahul.nair857@swiggy.com,F,37,1,Hyderabad,2024-07-18 00:00:00,ONE_LITE
858,Meera Desai,9795361395,meera.desai858@swiggy.com,M,24,6,Hyderabad,2023-07-17 00:00:00,NONE
859,Pooja Gowda,6440840534,pooja.gowda859@swiggy.com,F,33,4,Hyderabad,2024-06-18 00:00:00,NONE
860,Pooja Reddy,7130365307,pooja.reddy860@swiggy.com,F,37,5,Hyderabad,2023-10-04 00:00:00,ONE_LITE
861,Aditya Pillai,9114834699,aditya.pillai861@swiggy.com,M,20,4,Hyderabad,2025-06-01 00:00:00,ONE
862,Myra Sharma,9306781573,myra.sharma862@swiggy.com,F,26,9,Hyderabad,2024-04-24 00:00:00,ONE
863,Diya Reddy,8926884112,diya.reddy863@swiggy.com,M,18,5,Hyderabad,2024-09-21 00:00:00,NONE
864,Kiara Pillai,8605292615,kiara.pillai864@swiggy.com,F,26,5,Hyderabad,2024-03-07 00:00:00,ONE_LITE
865,Diya Shetty,7240412593,diya.shetty865@swiggy.com,F,30,1,Hyderabad,2024-03-18 00:00:00,NONE
866,Aarav Kulkarni,8027856339,aarav.kulkarni866@swiggy.com,F,24,4,Hyderabad,2025-04-11 00:00:00,ONE_LITE
867,Ananya Kulkarni,7818451346,ananya.kulkarni867@swiggy.com,F,18,1,Hyderabad,2024-12-11 00:00:00,NONE
868,Rahul Singh,7075374415,rahul.singh868@swiggy.com,F,39,10,Hyderabad,2025-09-08 00:00:00,NONE
869,Anika Das,6909542916,anika.das869@swiggy.com,M,36,10,Hyderabad,2024-12-02 00:00:00,NONE
870,Diya Gupta,8951177447,diya.gupta870@swiggy.com,F,26,2,Hyderabad,2025-08-20 00:00:00,ONE_LITE
871,Reyansh Kulkarni,7666665524,reyansh.kulkarni871@swiggy.com,F,40,7,Hyderabad,2024-03-24 00:00:00,NONE
872,Pooja Rao,8912534193,pooja.rao872@swiggy.com,M,32,8,Hyderabad,2025-02-07 00:00:00,ONE
873,Ira Gupta,9616957932,ira.gupta873@swiggy.com,M,18,7,Hyderabad,2024-09-25 00:00:00,ONE_LITE
874,Saanvi Iyer,7067351947,saanvi.iyer874@swiggy.com,M,33,10,Hyderabad,2024-02-26 00:00:00,NONE
875,Saanvi Gupta,7100546421,saanvi.gupta875@swiggy.com,M,24,4,Hyderabad,2025-06-01 00:00:00,ONE_LITE
876,Rahul Patel,7892707645,rahul.patel876@swiggy.com,F,43,8,Hyderabad,2024-07-03 00:00:00,NONE
877,Aditya Das,7857697480,aditya.das877@swiggy.com,M,19,8,Hyderabad,2024-10-29 00:00:00,NONE
878,Pooja Sharma,7396471875,pooja.sharma878@swiggy.com,M,41,7,Hyderabad,2023-08-02 00:00:00,NONE
879,Sai Desai,6612423647,sai.desai879@swiggy.com,F,40,2,Hyderabad,2023-11-19 00:00:00,ONE
880,Reyansh Kulkarni,7634220150,reyansh.kulkarni880@swiggy.com,M,43,4,Hyderabad,2023-10-14 00:00:00,NONE
881,Aadhya Mehta,7916442761,aadhya.mehta881@swiggy.com,M,21,6,Hyderabad,2024-04-29 00:00:00,ONE
882,Reyansh Khan,9851035854,reyansh.khan882@swiggy.com,F,21,5,Hyderabad,2024-10-30 00:00:00,NONE
883,Rahul Naidu,7539684436,rahul.naidu883@swiggy.com,M,27,3,Hyderabad,2024-12-10 00:00:00,NONE
884,Ishaan Mehta,8227763499,ishaan.mehta884@swiggy.com,F,21,2,Hyderabad,2024-12-12 00:00:00,ONE_LITE
885,Suresh Gupta,7630305578,suresh.gupta885@swiggy.com,M,18,9,Hyderabad,2025-04-08 00:00:00,NONE
886,Anika Chowdhury,8271982719,anika.chowdhury886@swiggy.com,M,24,1,Hyderabad,2024-08-27 00:00:00,NONE
887,Reyansh Iyer,8799132274,reyansh.iyer887@swiggy.com,M,31,5,Hyderabad,2024-05-11 00:00:00,NONE
888,Varun Sharma,7704440552,varun.sharma888@swiggy.com,M,30,2,Hyderabad,2024-05-27 00:00:00,ONE_LITE
889,Ira Patel,6718640764,ira.patel889@swiggy.com,F,25,1,Hyderabad,2024-04-11 00:00:00,NONE
890,Kiara Singh,7928225349,kiara.singh890@swiggy.com,F,27,3,Hyderabad,2024-12-26 00:00:00,ONE_LITE
891,Aarav Kulkarni,6417608368,aarav.kulkarni891@swiggy.com,M,37,3,Hyderabad,2024-07-16 00:00:00,ONE_LITE
892,Vihaan Khan,8337469263,vihaan.khan892@swiggy.com,F,19,4,Hyderabad,2023-09-22 00:00:00,ONE_LITE
893,Diya Shetty,8619967729,diya.shetty893@swiggy.com,M,39,4,Hyderabad,2023-10-05 00:00:00,NONE
894,Dhruv Desai,8378335709,dhruv.desai894@swiggy.com,M,32,8,Hyderabad,2023-07-27 00:00:00,ONE
895,Aadhya Naidu,6707272337,aadhya.naidu895@swiggy.com,F,34,1,Hyderabad,2024-10-05 00:00:00,NONE
896,Meera Gupta,8642017959,meera.gupta896@swiggy.com,F,33,6,Hyderabad,2024-05-05 00:00:00,NONE
897,Rohit Nair,6295003542,rohit.nair897@swiggy.com,F,27,1,Hyderabad,2023-09-20 00:00:00,ONE_LITE
898,Varun Iyer,7978855543,varun.iyer898@swiggy.com,M,29,8,Hyderabad,2025-07-13 00:00:00,ONE_LITE
899,Rohit Jain,7617867937,rohit.jain899@swiggy.com,F,40,9,Hyderabad,2023-10-08 00:00:00,NONE
900,Ananya Rao,8436727014,ananya.rao900@swiggy.com,F,26,4,Hyderabad,2025-05-23 00:00:00,NONE
901,Saanvi Sharma,9950405774,saanvi.sharma901@swiggy.com,M,29,7,Hyderabad,2023-08-25 00:00:00,ONE_PLUS
902,Rahul Iyer,9597578096,rahul.iyer902@swiggy.com,F,28,10,Hyderabad,2024-12-21 00:00:00,NONE
903,Aditya Das,7489131547,aditya.das903@swiggy.com,M,26,4,Hyderabad,2023-10-20 00:00:00,ONE
904,Diya Bose,7080242263,diya.bose904@swiggy.com,M,18,7,Hyderabad,2025-11-06 00:00:00,ONE_LITE
905,Rohit Gupta,7875113159,rohit.gupta905@swiggy.com,F,18,8,Hyderabad,2024-01-28 00:00:00,ONE_LITE
906,Arjun Pillai,7933223429,arjun.pillai906@swiggy.com,M,36,1,Hyderabad,2023-09-21 00:00:00,ONE_LITE
907,Aadhya Reddy,8891908820,aadhya.reddy907@swiggy.com,F,22,4,Hyderabad,2023-09-29 00:00:00,NONE
908,Krishna Gupta,6519555129,krishna.gupta908@swiggy.com,M,23,8,Hyderabad,2024-10-15 00:00:00,NONE
909,Suresh Kulkarni,6197321408,suresh.kulkarni909@swiggy.com,M,36,10,Hyderabad,2024-11-26 00:00:00,NONE
910,Aadhya Desai,7848390634,aadhya.desai910@swiggy.com,M,43,7,Hyderabad,2025-08-17 00:00:00,ONE_LITE
911,Rahul Kulkarni,9125116708,rahul.kulkarni911@swiggy.com,F,34,5,Hyderabad,2023-11-11 00:00:00,ONE_PLUS
912,Riya Das,8415186397,riya.das912@swiggy.com,F,34,5,Hyderabad,2024-11-12 00:00:00,ONE
913,Krishna Mehta,6692373808,krishna.mehta913@swiggy.com,F,37,1,Hyderabad,2024-07-06 00:00:00,NONE
914,Meera Nair,8108091498,meera.nair914@swiggy.com,M,37,7,Hyderabad,2025-10-11 00:00:00,NONE
915,Arjun Gowda,9349163674,arjun.gowda915@swiggy.com,F,39,9,Hyderabad,2024-09-03 00:00:00,NONE
916,Arjun Khan,8816772622,arjun.khan916@swiggy.com,M,51,10,Hyderabad,2025-05-11 00:00:00,NONE
917,Kiran Rao,7714659093,kiran.rao917@swiggy.com,F,27,5,Hyderabad,2024-12-26 00:00:00,ONE
918,Krishna Shetty,9107135436,krishna.shetty918@swiggy.com,M,43,1,Hyderabad,2023-09-06 00:00:00,ONE_LITE
919,Myra Gupta,6651279382,myra.gupta919@swiggy.com,M,47,10,Hyderabad,2024-10-08 00:00:00,ONE_LITE
920,Meera Rao,9635036912,meera.rao920@swiggy.com,M,23,8,Hyderabad,2023-09-29 00:00:00,ONE
921,Vihaan Patel,7134599918,vihaan.patel921@swiggy.com,M,26,8,Hyderabad,2023-08-01 00:00:00,ONE
922,Arjun Khan,9175755055,arjun.khan922@swiggy.com,M,29,9,Hyderabad,2025-05-12 00:00:00,NONE
923,Aadhya Shetty,9668297594,aadhya.shetty923@swiggy.com,M,25,9,Hyderabad,2025-06-10 00:00:00,NONE
924,Vivaan Nair,7354437207,vivaan.nair924@swiggy.com,M,42,4,Hyderabad,2025-02-15 00:00:00,ONE_LITE
925,Akash Gowda,9041878927,akash.gowda925@swiggy.com,M,37,5,Hyderabad,2025-04-28 00:00:00,NONE
926,Anika Gupta,8809281791,anika.gupta926@swiggy.com,F,33,7,Hyderabad,2024-10-23 00:00:00,ONE
927,Rohit Jain,7013164621,rohit.jain927@swiggy.com,M,20,8,Hyderabad,2025-07-05 00:00:00,NONE
928,Arjun Iyer,7890826417,arjun.iyer928@swiggy.com,F,22,10,Hyderabad,2024-08-19 00:00:00,NONE
929,Dhruv Khan,9079828474,dhruv.khan929@swiggy.com,M,34,8,Hyderabad,2023-10-13 00:00:00,NONE
930,Vihaan Jain,7963623074,vihaan.jain930@swiggy.com,F,34,1,Hyderabad,2024-02-13 00:00:00,NONE
931,Ishaan Bose,6617758359,ishaan.bose931@swiggy.com,M,30,10,Hyderabad,2024-07-09 00:00:00,ONE_PLUS
932,Riya Patel,9517369437,riya.patel932@swiggy.com,F,18,7,Hyderabad,2025-10-15 00:00:00,ONE
933,Neha Rao,6559867605,neha.rao933@swiggy.com,M,31,6,Hyderabad,2024-02-04 00:00:00,NONE
934,Ananya Patel,7987828392,ananya.patel934@swiggy.com,F,56,1,Hyderabad,2024-02-21 00:00:00,NONE
935,Vivaan Kulkarni,6667158677,vivaan.kulkarni935@swiggy.com,F,33,8,Hyderabad,2023-09-17 00:00:00,ONE_LITE
936,Saanvi Iyer,7358933904,saanvi.iyer936@swiggy.com,F,35,3,Hyderabad,2023-07-17 00:00:00,NONE
937,Rahul Shetty,6284343110,rahul.shetty937@swiggy.com,F,34,10,Hyderabad,2024-07-06 00:00:00,NONE
938,Dhruv Chowdhury,7753610584,dhruv.chowdhury938@swiggy.com,M,21,4,Hyderabad,2024-04-11 00:00:00,NONE
939,Kiran Kulkarni,7391988250,kiran.kulkarni939@swiggy.com,M,38,5,Hyderabad,2025-07-01 00:00:00,NONE
940,Pooja Sharma,8562489226,pooja.sharma940@swiggy.com,M,38,4,Hyderabad,2024-08-31 00:00:00,NONE
941,Aarav Mehta,8984459115,aarav.mehta941@swiggy.com,M,23,4,Hyderabad,2025-07-02 00:00:00,NONE
942,Anika Nair,7798239933,anika.nair942@swiggy.com,M,18,7,Hyderabad,2024-02-24 00:00:00,NONE
943,Sneha Khan,8099751823,sneha.khan943@swiggy.com,F,18,3,Hyderabad,2025-01-02 00:00:00,NONE
944,Ishaan Rao,7506449155,ishaan.rao944@swiggy.com,F,24,9,Hyderabad,2023-08-10 00:00:00,NONE
945,Saanvi Naidu,9607597747,saanvi.naidu945@swiggy.com,F,18,1,Hyderabad,2024-12-07 00:00:00,ONE_LITE
946,Krishna Rao,7563589156,krishna.rao946@swiggy.com,F,18,3,Hyderabad,2024-10-18 00:00:00,NONE
947,Riya Sharma,7570041197,riya.sharma947@swiggy.com,M,18,6,Hyderabad,2025-11-21 00:00:00,ONE_LITE
948,Sai Reddy,6730476834,sai.reddy948@swiggy.com,F,30,3,Hyderabad,2023-07-26 00:00:00,ONE
949,Vihaan Mehta,7142022360,vihaan.mehta949@swiggy.com,M,21,6,Hyderabad,2025-05-24 00:00:00,NONE
950,Vihaan Chowdhury,7069031950,vihaan.chowdhury950@swiggy.com,M,32,8,Hyderabad,2023-10-20 00:00:00,NONE
951,Aarav Bose,7891612389,aarav.bose951@swiggy.com,M,37,7,Hyderabad,2025-01-18 00:00:00,ONE_LITE
952,Anika Shetty,6781180059,anika.shetty952@swiggy.com,M,27,10,Hyderabad,2024-11-09 00:00:00,NONE
953,Akash Mehta,7165101163,akash.mehta953@swiggy.com,M,53,2,Hyderabad,2023-08-24 00:00:00,NONE
954,Meera Nair,6960219470,meera.nair954@swiggy.com,F,19,8,Hyderabad,2024-01-23 00:00:00,ONE_LITE
955,Neha Bose,9806957576,neha.bose955@swiggy.com,M,32,1,Hyderabad,2024-07-24 00:00:00,NONE
956,Arjun Rao,8264344343,arjun.rao956@swiggy.com,F,45,5,Hyderabad,2025-01-03 00:00:00,ONE
957,Nikhil Mehta,9509359567,nikhil.mehta957@swiggy.com,M,39,8,Hyderabad,2023-09-14 00:00:00,ONE
958,Vivaan Mehta,6190887513,vivaan.mehta958@swiggy.com,M,24,9,Hyderabad,2025-10-30 00:00:00,NONE
959,Vihaan Rao,8870226092,vihaan.rao959@swiggy.com,F,22,1,Hyderabad,2025-04-22 00:00:00,ONE
960,Aarav Khan,7998380126,aarav.khan960@swiggy.com,F,29,2,Hyderabad,2025-02-03 00:00:00,NONE
961,Anika Mehta,8969408381,anika.mehta961@swiggy.com,M,37,7,Hyderabad,2024-01-01 00:00:00,ONE
962,Riya Reddy,6071601170,riya.reddy962@swiggy.com,M,18,8,Hyderabad,2025-03-13 00:00:00,ONE_PLUS
963,Sai Jain,6228273820,sai.jain963@swiggy.com,M,40,9,Hyderabad,2024-12-27 00:00:00,ONE_LITE
964,Arjun Chowdhury,9412817826,arjun.chowdhury964@swiggy.com,O,25,8,Hyderabad,2025-05-06 00:00:00,NONE
965,Arjun Rao,9659770018,arjun.rao965@swiggy.com,M,24,8,Hyderabad,2023-11-02 00:00:00,ONE_LITE
966,Aadhya Rao,8903952637,aadhya.rao966@swiggy.com,M,19,5,Hyderabad,2025-06-01 00:00:00,NONE
967,Aditya Khan,7519064561,aditya.khan967@swiggy.com,M,38,1,Hyderabad,2024-09-02 00:00:00,NONE
968,Vivaan Naidu,9600035870,vivaan.naidu968@swiggy.com,M,41,6,Hyderabad,2024-11-13 00:00:00,ONE_LITE
969,Aarav Singh,6264766394,aarav.singh969@swiggy.com,F,28,9,Hyderabad,2025-09-13 00:00:00,NONE
970,Meera Desai,8161998308,meera.desai970@swiggy.com,F,29,3,Hyderabad,2024-08-19 00:00:00,ONE
971,Myra Das,8916248449,myra.das971@swiggy.com,M,34,3,Hyderabad,2025-10-15 00:00:00,NONE
972,Ananya Kulkarni,6152759773,ananya.kulkarni972@swiggy.com,F,43,8,Hyderabad,2024-11-20 00:00:00,ONE
973,Sneha Das,7621163876,sneha.das973@swiggy.com,M,33,8,Hyderabad,2024-05-15 00:00:00,ONE
974,Krishna Kulkarni,8694902519,krishna.kulkarni974@swiggy.com,F,22,1,Hyderabad,2025-05-07 00:00:00,ONE_LITE
975,Arjun Nair,8132774675,arjun.nair975@swiggy.com,M,32,10,Hyderabad,2023-10-02 00:00:00,NONE
976,Vihaan Iyer,9098309379,vihaan.iyer976@swiggy.com,F,34,1,Hyderabad,2024-01-05 00:00:00,ONE
977,Aditya Desai,7584721591,aditya.desai977@swiggy.com,F,31,5,Hyderabad,2023-07-21 00:00:00,ONE_LITE
978,Meera Gowda,6154969961,meera.gowda978@swiggy.com,M,38,7,Hyderabad,2025-07-29 00:00:00,ONE_LITE
979,Nikhil Sharma,8844759345,nikhil.sharma979@swiggy.com,F,22,8,Hyderabad,2025-08-20 00:00:00,NONE
980,Saanvi Bose,7898013319,saanvi.bose980@swiggy.com,M,24,8,Hyderabad,2025-11-07 00:00:00,NONE
981,Ananya Mehta,9394659325,ananya.mehta981@swiggy.com,M,30,4,Hyderabad,2024-02-17 00:00:00,NONE
982,Saanvi Kulkarni,8023440774,saanvi.kulkarni982@swiggy.com,M,38,9,Hyderabad,2025-11-03 00:00:00,NONE
983,Meera Sharma,8890531436,meera.sharma983@swiggy.com,M,34,2,Hyderabad,2024-12-22 00:00:00,ONE_LITE
984,Diya Kulkarni,7887439754,diya.kulkarni984@swiggy.com,M,39,5,Hyderabad,2023-12-15 00:00:00,ONE
985,Akash Rao,9898801721,akash.rao985@swiggy.com,M,31,5,Hyderabad,2025-09-03 00:00:00,ONE_LITE
986,Anika Khan,9800886168,anika.khan986@swiggy.com,M,34,2,Hyderabad,2025-06-23 00:00:00,NONE
987,Sneha Kulkarni,9601991704,sneha.kulkarni987@swiggy.com,F,34,8,Hyderabad,2024-02-20 00:00:00,NONE
988,Vivaan Iyer,6354196126,vivaan.iyer988@swiggy.com,F,18,4,Hyderabad,2025-04-26 00:00:00,NONE
989,Sai Chowdhury,9092851171,sai.chowdhury989@swiggy.com,F,23,1,Hyderabad,2024-08-31 00:00:00,ONE
990,Ishaan Shetty,6656524875,ishaan.shetty990@swiggy.com,F,35,6,Hyderabad,2023-10-15 00:00:00,NONE
991,Nikhil Shetty,9049074684,nikhil.shetty991@swiggy.com,M,33,5,Hyderabad,2025-02-12 00:00:00,NONE
992,Anika Desai,9573383345,anika.desai992@swiggy.com,F,18,2,Hyderabad,2025-01-05 00:00:00,NONE
993,Anika Shetty,9648379484,anika.shetty993@swiggy.com,F,27,4,Hyderabad,2025-04-08 00:00:00,NONE
994,Suresh Nair,6987381348,suresh.nair994@swiggy.com,O,36,3,Hyderabad,2025-07-05 00:00:00,ONE
995,Anika Shetty,8031303395,anika.shetty995@swiggy.com,F,34,3,Hyderabad,2025-06-26 00:00:00,ONE
996,Saanvi Gowda,6491909034,saanvi.gowda996@swiggy.com,M,18,4,Hyderabad,2025-05-17 00:00:00,NONE
997,Ishaan Chowdhury,6840316641,ishaan.chowdhury997@swiggy.com,M,36,5,Hyderabad,2025-07-06 00:00:00,ONE_PLUS
998,Dhruv Kulkarni,7883904423,dhruv.kulkarni998@swiggy.com,O,35,3,Hyderabad,2024-06-03 00:00:00,ONE
999,Rahul Singh,7553113692,rahul.singh999@swiggy.com,M,20,4,Hyderabad,2025-01-11 00:00:00,NONE
1000,Ishaan Khan,6583831354,ishaan.khan1000@swiggy.com,M,27,10,Hyderabad,2024-03-13 00:00:00,NONE
3001,Varun Khan,8714413342,varun.khan3001@swiggy.com,M,35,11,Bangalore,2023-12-21 00:00:00,ONE
3002,Diya Bose,6276672395,diya.bose3002@swiggy.com,F,27,15,Bangalore,2025-02-16 00:00:00,NONE
3003,Varun Iyer,9878627679,varun.iyer3003@swiggy.com,F,27,13,Bangalore,2024-06-25 00:00:00,NONE
3004,Kiran Shetty,6735728995,kiran.shetty3004@swiggy.com,M,26,20,Bangalore,2023-08-14 00:00:00,NONE
3005,Varun Reddy,7388248717,varun.reddy3005@swiggy.com,F,44,15,Bangalore,2025-11-07 00:00:00,NONE
3006,Pooja Chowdhury,6564236842,pooja.chowdhury3006@swiggy.com,M,43,19,Bangalore,2023-10-30 00:00:00,NONE
3007,Akash Gupta,6532110511,akash.gupta3007@swiggy.com,O,24,20,Bangalore,2024-08-03 00:00:00,NONE
3008,Myra Mehta,6444976011,myra.mehta3008@swiggy.com,F,27,19,Bangalore,2024-04-21 00:00:00,NONE
3009,Diya Jain,8366145885,diya.jain3009@swiggy.com,F,20,16,Bangalore,2025-06-13 00:00:00,ONE
3010,Nikhil Rao,7503672856,nikhil.rao3010@swiggy.com,M,22,16,Bangalore,2024-09-23 00:00:00,NONE
3011,Vivaan Mehta,7744810884,vivaan.mehta3011@swiggy.com,M,48,17,Bangalore,2024-07-19 00:00:00,NONE
3012,Aadhya Reddy,9392267683,aadhya.reddy3012@swiggy.com,M,31,11,Bangalore,2025-07-12 00:00:00,NONE
3013,Aadhya Nair,8492723364,aadhya.nair3013@swiggy.com,M,37,16,Bangalore,2025-07-15 00:00:00,NONE
3014,Ishaan Kulkarni,7909398976,ishaan.kulkarni3014@swiggy.com,M,37,17,Bangalore,2025-04-26 00:00:00,ONE_LITE
3015,Akash Singh,8577456849,akash.singh3015@swiggy.com,F,55,13,Bangalore,2024-08-03 00:00:00,ONE_LITE
3016,Reyansh Shetty,6804460674,reyansh.shetty3016@swiggy.com,F,21,19,Bangalore,2024-04-11 00:00:00,NONE
3017,Meera Shetty,7130488424,meera.shetty3017@swiggy.com,M,24,15,Bangalore,2025-03-02 00:00:00,ONE_LITE
3018,Kiara Jain,8219501165,kiara.jain3018@swiggy.com,F,33,18,Bangalore,2023-12-31 00:00:00,NONE
3019,Rohit Singh,8310304406,rohit.singh3019@swiggy.com,M,18,11,Bangalore,2023-07-25 00:00:00,ONE_PLUS
3020,Vivaan Singh,9002837027,vivaan.singh3020@swiggy.com,F,27,13,Bangalore,2025-04-28 00:00:00,NONE
3021,Sai Das,8722503536,sai.das3021@swiggy.com,F,40,15,Bangalore,2025-04-04 00:00:00,ONE_PLUS
3022,Rahul Shetty,7422955992,rahul.shetty3022@swiggy.com,F,18,12,Bangalore,2025-07-30 00:00:00,NONE
3023,Aadhya Patel,9601287039,aadhya.patel3023@swiggy.com,F,19,16,Bangalore,2024-04-02 00:00:00,ONE
3024,Ira Bose,7159852486,ira.bose3024@swiggy.com,F,20,17,Bangalore,2024-01-01 00:00:00,NONE
3025,Kiara Chowdhury,7344357028,kiara.chowdhury3025@swiggy.com,M,41,15,Bangalore,2025-06-18 00:00:00,NONE
3026,Saanvi Naidu,9958439314,saanvi.naidu3026@swiggy.com,F,28,13,Bangalore,2024-08-25 00:00:00,NONE
3027,Arjun Jain,7672435475,arjun.jain3027@swiggy.com,F,18,20,Bangalore,2024-03-17 00:00:00,ONE
3028,Kiara Chowdhury,7801541427,kiara.chowdhury3028@swiggy.com,M,25,14,Bangalore,2023-11-07 00:00:00,NONE
3029,Aditya Sharma,7038758931,aditya.sharma3029@swiggy.com,F,40,17,Bangalore,2024-03-06 00:00:00,NONE
3030,Suresh Kulkarni,6260000841,suresh.kulkarni3030@swiggy.com,F,29,15,Bangalore,2025-08-17 00:00:00,NONE
3031,Riya Jain,8720944923,riya.jain3031@swiggy.com,F,33,12,Bangalore,2025-07-13 00:00:00,ONE
3032,Aarav Iyer,8396013338,aarav.iyer3032@swiggy.com,M,35,16,Bangalore,2025-01-06 00:00:00,ONE
3033,Ishaan Singh,9677962194,ishaan.singh3033@swiggy.com,M,27,12,Bangalore,2023-08-18 00:00:00,NONE
3034,Neha Singh,8097799228,neha.singh3034@swiggy.com,M,25,17,Bangalore,2025-10-30 00:00:00,NONE
3035,Rahul Sharma,9880821189,rahul.sharma3035@swiggy.com,M,23,18,Bangalore,2023-08-20 00:00:00,ONE
3036,Akash Shetty,7000538590,akash.shetty3036@swiggy.com,F,34,20,Bangalore,2025-06-19 00:00:00,ONE
3037,Reyansh Khan,7502405890,reyansh.khan3037@swiggy.com,F,18,16,Bangalore,2025-09-01 00:00:00,ONE_LITE
3038,Vivaan Iyer,7797539896,vivaan.iyer3038@swiggy.com,M,41,15,Bangalore,2024-12-15 00:00:00,ONE
3039,Arjun Singh,6618879444,arjun.singh3039@swiggy.com,M,32,11,Bangalore,2023-07-31 00:00:00,ONE_LITE
3040,Ananya Jain,7333813873,ananya.jain3040@swiggy.com,F,18,11,Bangalore,2023-07-14 00:00:00,ONE
3041,Suresh Chowdhury,6777321544,suresh.chowdhury3041@swiggy.com,M,28,15,Bangalore,2024-01-19 00:00:00,NONE
3042,Meera Pillai,9335956834,meera.pillai3042@swiggy.com,M,42,12,Bangalore,2025-01-24 00:00:00,ONE
3043,Diya Singh,6830229921,diya.singh3043@swiggy.com,M,43,19,Bangalore,2025-06-06 00:00:00,NONE
3044,Arjun Nair,6705680826,arjun.nair3044@swiggy.com,M,27,15,Bangalore,2023-10-05 00:00:00,NONE
3045,Varun Shetty,6589422455,varun.shetty3045@swiggy.com,M,18,17,Bangalore,2023-09-30 00:00:00,NONE
3046,Sneha Reddy,6960605923,sneha.reddy3046@swiggy.com,F,34,15,Bangalore,2025-06-27 00:00:00,NONE
3047,Rohit Khan,6376314007,rohit.khan3047@swiggy.com,F,38,18,Bangalore,2025-06-23 00:00:00,ONE_LITE
3048,Aditya Rao,7717804425,aditya.rao3048@swiggy.com,F,30,17,Bangalore,2025-11-13 00:00:00,ONE
3049,Myra Das,9544744661,myra.das3049@swiggy.com,M,27,16,Bangalore,2024-11-21 00:00:00,ONE_LITE
3050,Nikhil Khan,7512951341,nikhil.khan3050@swiggy.com,F,18,13,Bangalore,2024-05-10 00:00:00,NONE
3051,Saanvi Pillai,8194970551,saanvi.pillai3051@swiggy.com,F,29,16,Bangalore,2024-02-29 00:00:00,ONE_LITE
3052,Anika Bose,7866758950,anika.bose3052@swiggy.com,F,49,11,Bangalore,2024-12-09 00:00:00,NONE
3053,Nikhil Nair,8020050380,nikhil.nair3053@swiggy.com,M,22,13,Bangalore,2024-12-12 00:00:00,ONE_LITE
3054,Diya Shetty,9732099686,diya.shetty3054@swiggy.com,M,36,12,Bangalore,2023-07-11 00:00:00,NONE
3055,Diya Rao,6744948389,diya.rao3055@swiggy.com,F,26,16,Bangalore,2025-07-24 00:00:00,NONE
3056,Sneha Sharma,8728511013,sneha.sharma3056@swiggy.com,F,40,14,Bangalore,2024-10-28 00:00:00,ONE_LITE
3057,Vivaan Pillai,9326598898,vivaan.pillai3057@swiggy.com,M,30,15,Bangalore,2024-11-24 00:00:00,NONE
3058,Pooja Pillai,8621000355,pooja.pillai3058@swiggy.com,M,32,18,Bangalore,2025-08-20 00:00:00,ONE_PLUS
3059,Nikhil Bose,8972073647,nikhil.bose3059@swiggy.com,M,30,14,Bangalore,2023-11-30 00:00:00,ONE_LITE
3060,Sneha Singh,9358237246,sneha.singh3060@swiggy.com,M,18,20,Bangalore,2023-12-15 00:00:00,NONE
3061,Pooja Kulkarni,8041651421,pooja.kulkarni3061@swiggy.com,M,29,11,Bangalore,2024-02-16 00:00:00,NONE
3062,Rohit Sharma,7978169342,rohit.sharma3062@swiggy.com,M,47,14,Bangalore,2025-11-23 00:00:00,NONE
3063,Kiara Reddy,7133557432,kiara.reddy3063@swiggy.com,F,31,14,Bangalore,2024-05-21 00:00:00,NONE
3064,Kiran Naidu,7088132085,kiran.naidu3064@swiggy.com,M,26,11,Bangalore,2024-11-13 00:00:00,NONE
3065,Nikhil Desai,9719668600,nikhil.desai3065@swiggy.com,F,40,18,Bangalore,2024-01-09 00:00:00,ONE
3066,Dhruv Patel,8078460290,dhruv.patel3066@swiggy.com,F,29,12,Bangalore,2023-08-09 00:00:00,ONE_LITE
3067,Riya Gupta,8814673592,riya.gupta3067@swiggy.com,M,23,17,Bangalore,2024-04-12 00:00:00,ONE_PLUS
3068,Myra Gowda,8096120931,myra.gowda3068@swiggy.com,M,49,14,Bangalore,2024-06-22 00:00:00,NONE
3069,Aditya Naidu,7882286139,aditya.naidu3069@swiggy.com,F,44,11,Bangalore,2024-09-04 00:00:00,NONE
3070,Ishaan Das,6584246169,ishaan.das3070@swiggy.com,M,48,12,Bangalore,2024-04-25 00:00:00,NONE
3071,Riya Jain,7951053127,riya.jain3071@swiggy.com,M,41,16,Bangalore,2023-12-19 00:00:00,ONE
3072,Myra Gowda,6872601282,myra.gowda3072@swiggy.com,M,35,12,Bangalore,2024-05-30 00:00:00,ONE
3073,Kiara Chowdhury,8150107642,kiara.chowdhury3073@swiggy.com,M,27,14,Bangalore,2023-12-20 00:00:00,ONE
3074,Dhruv Khan,6943041013,dhruv.khan3074@swiggy.com,M,33,11,Bangalore,2023-09-23 00:00:00,NONE
3075,Ira Das,8402910559,ira.das3075@swiggy.com,M,23,19,Bangalore,2024-03-17 00:00:00,ONE
3076,Varun Sharma,6069524640,varun.sharma3076@swiggy.com,F,23,14,Bangalore,2025-05-17 00:00:00,ONE
3077,Vihaan Reddy,6845916049,vihaan.reddy3077@swiggy.com,F,18,17,Bangalore,2025-07-09 00:00:00,ONE_LITE
3078,Aarav Nair,6859094071,aarav.nair3078@swiggy.com,M,24,17,Bangalore,2025-11-16 00:00:00,ONE
3079,Rohit Jain,6394765126,rohit.jain3079@swiggy.com,M,18,13,Bangalore,2024-05-19 00:00:00,NONE
3080,Myra Gowda,6015527693,myra.gowda3080@swiggy.com,M,28,20,Bangalore,2023-09-14 00:00:00,NONE
3081,Akash Chowdhury,6508985147,akash.chowdhury3081@swiggy.com,M,26,15,Bangalore,2025-03-09 00:00:00,NONE
3082,Akash Rao,8312650774,akash.rao3082@swiggy.com,F,43,19,Bangalore,2024-11-06 00:00:00,ONE_LITE
3083,Akash Gowda,6636570741,akash.gowda3083@swiggy.com,M,18,11,Bangalore,2025-01-04 00:00:00,ONE_LITE
3084,Akash Khan,6148542839,akash.khan3084@swiggy.com,M,18,16,Bangalore,2023-12-06 00:00:00,ONE_LITE
3085,Rahul Patel,8647219863,rahul.patel3085@swiggy.com,F,28,18,Bangalore,2024-05-23 00:00:00,ONE
3086,Saanvi Gowda,7921191283,saanvi.gowda3086@swiggy.com,M,28,13,Bangalore,2025-02-24 00:00:00,ONE_LITE
3087,Ira Das,8030957487,ira.das3087@swiggy.com,F,38,20,Bangalore,2024-07-26 00:00:00,NONE
3088,Myra Mehta,6915653463,myra.mehta3088@swiggy.com,M,37,16,Bangalore,2024-09-01 00:00:00,NONE
3089,Sneha Mehta,8254465041,sneha.mehta3089@swiggy.com,M,20,16,Bangalore,2024-01-18 00:00:00,NONE
3090,Riya Jain,9403715492,riya.jain3090@swiggy.com,M,19,17,Bangalore,2024-08-01 00:00:00,NONE
3091,Meera Chowdhury,8968866316,meera.chowdhury3091@swiggy.com,M,30,17,Bangalore,2024-01-10 00:00:00,ONE
3092,Rahul Chowdhury,6144024460,rahul.chowdhury3092@swiggy.com,M,27,15,Bangalore,2024-09-20 00:00:00,ONE_PLUS
3093,Saanvi Iyer,7854460300,saanvi.iyer3093@swiggy.com,F,30,15,Bangalore,2025-05-06 00:00:00,NONE
3094,Sneha Mehta,6607060900,sneha.mehta3094@swiggy.com,M,31,17,Bangalore,2024-10-01 00:00:00,ONE_LITE
3095,Diya Desai,7399204524,diya.desai3095@swiggy.com,M,40,12,Bangalore,2024-09-13 00:00:00,NONE
3096,Dhruv Shetty,9938165586,dhruv.shetty3096@swiggy.com,M,38,18,Bangalore,2023-11-14 00:00:00,ONE_PLUS
3097,Saanvi Gupta,8193738046,saanvi.gupta3097@swiggy.com,F,38,14,Bangalore,2025-10-01 00:00:00,NONE
3098,Akash Iyer,9806263941,akash.iyer3098@swiggy.com,M,36,17,Bangalore,2023-10-20 00:00:00,NONE
3099,Akash Jain,8353639690,akash.jain3099@swiggy.com,M,29,18,Bangalore,2024-09-23 00:00:00,NONE
3100,Dhruv Singh,6620413537,dhruv.singh3100@swiggy.com,F,40,16,Bangalore,2025-05-14 00:00:00,ONE
3101,Suresh Singh,7365957076,suresh.singh3101@swiggy.com,M,25,19,Bangalore,2024-05-26 00:00:00,ONE
3102,Neha Chowdhury,8708397066,neha.chowdhury3102@swiggy.com,M,36,16,Bangalore,2025-06-13 00:00:00,NONE
3103,Saanvi Rao,7272795365,saanvi.rao3103@swiggy.com,M,33,13,Bangalore,2024-03-20 00:00:00,NONE
3104,Rahul Mehta,9284426326,rahul.mehta3104@swiggy.com,M,25,18,Bangalore,2023-12-19 00:00:00,ONE_PLUS
3105,Sneha Chowdhury,8625048600,sneha.chowdhury3105@swiggy.com,M,29,13,Bangalore,2023-09-14 00:00:00,ONE_LITE
3106,Meera Mehta,7961506111,meera.mehta3106@swiggy.com,M,25,20,Bangalore,2024-09-01 00:00:00,ONE
3107,Aadhya Gowda,6909725064,aadhya.gowda3107@swiggy.com,M,40,16,Bangalore,2024-06-27 00:00:00,ONE_LITE
3108,Aditya Desai,7263396922,aditya.desai3108@swiggy.com,F,40,20,Bangalore,2024-04-25 00:00:00,ONE_LITE
3109,Vivaan Rao,9508292362,vivaan.rao3109@swiggy.com,M,18,15,Bangalore,2025-02-19 00:00:00,ONE
3110,Suresh Jain,7672681167,suresh.jain3110@swiggy.com,M,23,18,Bangalore,2024-05-24 00:00:00,NONE
3111,Dhruv Naidu,9953245576,dhruv.naidu3111@swiggy.com,M,29,13,Bangalore,2024-10-21 00:00:00,NONE
3112,Saanvi Sharma,7846976932,saanvi.sharma3112@swiggy.com,F,37,18,Bangalore,2025-10-05 00:00:00,ONE_LITE
3113,Sai Jain,8131945244,sai.jain3113@swiggy.com,M,18,18,Bangalore,2024-10-09 00:00:00,NONE
3114,Suresh Khan,6654376668,suresh.khan3114@swiggy.com,F,18,20,Bangalore,2023-09-09 00:00:00,ONE
3115,Anika Patel,7328852539,anika.patel3115@swiggy.com,M,22,14,Bangalore,2024-10-25 00:00:00,NONE
3116,Kiara Shetty,6870491651,kiara.shetty3116@swiggy.com,M,28,20,Bangalore,2025-06-23 00:00:00,ONE_LITE
3117,Sneha Pillai,6933290657,sneha.pillai3117@swiggy.com,M,40,15,Bangalore,2024-08-27 00:00:00,NONE
3118,Rohit Gupta,7833087836,rohit.gupta3118@swiggy.com,F,19,12,Bangalore,2023-09-07 00:00:00,NONE
3119,Neha Reddy,9715365886,neha.reddy3119@swiggy.com,M,37,13,Bangalore,2025-08-04 00:00:00,ONE
3120,Nikhil Reddy,7113568716,nikhil.reddy3120@swiggy.com,M,21,18,Bangalore,2025-10-01 00:00:00,ONE
3121,Varun Gupta,6835156967,varun.gupta3121@swiggy.com,M,32,11,Bangalore,2024-12-24 00:00:00,ONE
3122,Rohit Nair,8196410812,rohit.nair3122@swiggy.com,M,46,18,Bangalore,2025-02-07 00:00:00,NONE
3123,Saanvi Naidu,9441082627,saanvi.naidu3123@swiggy.com,M,18,14,Bangalore,2024-05-25 00:00:00,ONE_LITE
3124,Kiran Bose,6636976122,kiran.bose3124@swiggy.com,M,33,12,Bangalore,2024-03-30 00:00:00,ONE_PLUS
3125,Anika Naidu,6468496436,anika.naidu3125@swiggy.com,M,18,15,Bangalore,2025-11-21 00:00:00,NONE
3126,Rohit Patel,8361016410,rohit.patel3126@swiggy.com,F,25,11,Bangalore,2025-01-03 00:00:00,NONE
3127,Vihaan Jain,7834968767,vihaan.jain3127@swiggy.com,F,32,16,Bangalore,2024-04-14 00:00:00,ONE_LITE
3128,Ananya Sharma,7297016333,ananya.sharma3128@swiggy.com,F,24,12,Bangalore,2023-11-21 00:00:00,NONE
3129,Sneha Nair,7787549000,sneha.nair3129@swiggy.com,M,38,16,Bangalore,2024-09-24 00:00:00,NONE
3130,Riya Reddy,8207847176,riya.reddy3130@swiggy.com,F,26,19,Bangalore,2024-12-30 00:00:00,NONE
3131,Vihaan Nair,7284873781,vihaan.nair3131@swiggy.com,F,28,17,Bangalore,2023-07-24 00:00:00,NONE
3132,Saanvi Chowdhury,9681298330,saanvi.chowdhury3132@swiggy.com,F,37,20,Bangalore,2025-11-27 00:00:00,NONE
3133,Vivaan Das,6162843014,vivaan.das3133@swiggy.com,M,45,12,Bangalore,2023-07-19 00:00:00,NONE
3134,Sneha Singh,6661524566,sneha.singh3134@swiggy.com,F,36,20,Bangalore,2024-02-11 00:00:00,NONE
3135,Reyansh Gowda,6881850645,reyansh.gowda3135@swiggy.com,M,25,19,Bangalore,2024-08-12 00:00:00,NONE
3136,Sneha Bose,8223453694,sneha.bose3136@swiggy.com,F,41,18,Bangalore,2024-08-21 00:00:00,NONE
3137,Sai Khan,9895482853,sai.khan3137@swiggy.com,F,25,15,Bangalore,2024-07-01 00:00:00,ONE
3138,Krishna Gupta,6416034792,krishna.gupta3138@swiggy.com,F,40,12,Bangalore,2023-08-19 00:00:00,ONE_LITE
3139,Akash Pillai,8974968812,akash.pillai3139@swiggy.com,F,18,19,Bangalore,2025-06-17 00:00:00,NONE
3140,Neha Kulkarni,9561821942,neha.kulkarni3140@swiggy.com,M,32,12,Bangalore,2024-09-23 00:00:00,ONE_PLUS
3141,Neha Khan,9880177350,neha.khan3141@swiggy.com,M,35,19,Bangalore,2025-09-01 00:00:00,NONE
3142,Riya Sharma,7435038007,riya.sharma3142@swiggy.com,F,35,15,Bangalore,2024-09-03 00:00:00,ONE
3143,Akash Naidu,6589796648,akash.naidu3143@swiggy.com,F,29,20,Bangalore,2025-03-11 00:00:00,NONE
3144,Aarav Gowda,6904909284,aarav.gowda3144@swiggy.com,F,30,20,Bangalore,2025-10-03 00:00:00,NONE
3145,Diya Patel,9441610845,diya.patel3145@swiggy.com,F,30,17,Bangalore,2023-11-19 00:00:00,ONE
3146,Suresh Chowdhury,7526264693,suresh.chowdhury3146@swiggy.com,F,38,11,Bangalore,2024-12-12 00:00:00,ONE_LITE
3147,Dhruv Reddy,9213754456,dhruv.reddy3147@swiggy.com,F,49,18,Bangalore,2025-05-31 00:00:00,NONE
3148,Arjun Mehta,7642965889,arjun.mehta3148@swiggy.com,M,30,13,Bangalore,2023-09-28 00:00:00,NONE
3149,Aditya Gowda,9018429894,aditya.gowda3149@swiggy.com,M,26,13,Bangalore,2024-11-21 00:00:00,NONE
3150,Nikhil Singh,9558152633,nikhil.singh3150@swiggy.com,M,25,18,Bangalore,2023-12-14 00:00:00,ONE_PLUS
3151,Reyansh Jain,8050163420,reyansh.jain3151@swiggy.com,F,20,14,Bangalore,2023-12-18 00:00:00,NONE
3152,Krishna Gowda,7982923524,krishna.gowda3152@swiggy.com,F,33,16,Bangalore,2025-08-14 00:00:00,ONE
3153,Ananya Shetty,7192221757,ananya.shetty3153@swiggy.com,M,25,12,Bangalore,2024-08-11 00:00:00,NONE
3154,Anika Das,7910120426,anika.das3154@swiggy.com,F,32,18,Bangalore,2023-09-09 00:00:00,NONE
3155,Kiara Sharma,7718085517,kiara.sharma3155@swiggy.com,M,18,16,Bangalore,2023-11-21 00:00:00,NONE
3156,Suresh Shetty,8870476354,suresh.shetty3156@swiggy.com,F,38,19,Bangalore,2024-09-02 00:00:00,ONE
3157,Aarav Chowdhury,9358112704,aarav.chowdhury3157@swiggy.com,F,26,14,Bangalore,2024-11-03 00:00:00,NONE
3158,Sneha Reddy,9011979230,sneha.reddy3158@swiggy.com,M,49,18,Bangalore,2024-11-10 00:00:00,ONE
3159,Saanvi Kulkarni,6856470995,saanvi.kulkarni3159@swiggy.com,M,18,15,Bangalore,2024-08-30 00:00:00,NONE
3160,Kiara Reddy,7219597767,kiara.reddy3160@swiggy.com,F,24,18,Bangalore,2025-11-19 00:00:00,ONE_LITE
3161,Neha Kulkarni,6631673831,neha.kulkarni3161@swiggy.com,F,38,20,Bangalore,2024-10-24 00:00:00,ONE
3162,Arjun Shetty,8096778671,arjun.shetty3162@swiggy.com,F,21,16,Bangalore,2024-10-31 00:00:00,NONE
3163,Suresh Nair,9200690757,suresh.nair3163@swiggy.com,O,28,20,Bangalore,2023-12-25 00:00:00,NONE
3164,Riya Jain,7096551139,riya.jain3164@swiggy.com,M,42,14,Bangalore,2024-03-18 00:00:00,NONE
3165,Diya Reddy,7643477266,diya.reddy3165@swiggy.com,F,60,19,Bangalore,2023-11-10 00:00:00,NONE
3166,Riya Kulkarni,6930560215,riya.kulkarni3166@swiggy.com,F,36,16,Bangalore,2024-11-07 00:00:00,ONE_PLUS
3167,Rohit Reddy,6750842792,rohit.reddy3167@swiggy.com,M,18,20,Bangalore,2024-04-10 00:00:00,NONE
3168,Ishaan Das,9535527281,ishaan.das3168@swiggy.com,F,20,17,Bangalore,2025-11-01 00:00:00,ONE
3169,Krishna Shetty,6874448729,krishna.shetty3169@swiggy.com,F,27,12,Bangalore,2023-07-21 00:00:00,ONE_LITE
3170,Rohit Chowdhury,9828605493,rohit.chowdhury3170@swiggy.com,M,32,20,Bangalore,2025-09-11 00:00:00,ONE_LITE
3171,Kiran Jain,8117088445,kiran.jain3171@swiggy.com,M,18,17,Bangalore,2024-06-21 00:00:00,NONE
3172,Vihaan Shetty,6363006105,vihaan.shetty3172@swiggy.com,F,28,14,Bangalore,2025-08-12 00:00:00,NONE
3173,Nikhil Reddy,7121855856,nikhil.reddy3173@swiggy.com,M,18,18,Bangalore,2023-09-14 00:00:00,ONE
3174,Ira Gupta,9813813550,ira.gupta3174@swiggy.com,M,39,13,Bangalore,2025-11-03 00:00:00,NONE
3175,Vihaan Sharma,9984613281,vihaan.sharma3175@swiggy.com,M,19,16,Bangalore,2025-04-11 00:00:00,NONE
3176,Rahul Reddy,9240058805,rahul.reddy3176@swiggy.com,F,33,14,Bangalore,2024-05-20 00:00:00,NONE
3177,Sneha Jain,6607804140,sneha.jain3177@swiggy.com,M,22,11,Bangalore,2025-09-12 00:00:00,NONE
3178,Vivaan Bose,9482682931,vivaan.bose3178@swiggy.com,M,40,15,Bangalore,2024-11-19 00:00:00,ONE
3179,Sai Das,8303829408,sai.das3179@swiggy.com,M,20,17,Bangalore,2023-12-01 00:00:00,NONE
3180,Suresh Kulkarni,9260328988,suresh.kulkarni3180@swiggy.com,F,38,12,Bangalore,2023-08-21 00:00:00,NONE
3181,Aarav Singh,7083643207,aarav.singh3181@swiggy.com,M,29,13,Bangalore,2025-01-31 00:00:00,NONE
3182,Kiara Desai,6221357051,kiara.desai3182@swiggy.com,F,49,14,Bangalore,2024-01-21 00:00:00,ONE_LITE
3183,Diya Singh,7074213080,diya.singh3183@swiggy.com,F,47,13,Bangalore,2023-12-30 00:00:00,ONE_LITE
3184,Nikhil Desai,7567282101,nikhil.desai3184@swiggy.com,M,33,20,Bangalore,2025-03-11 00:00:00,ONE
3185,Arjun Gupta,8033656405,arjun.gupta3185@swiggy.com,F,23,20,Bangalore,2025-11-06 00:00:00,NONE
3186,Aadhya Sharma,6919518468,aadhya.sharma3186@swiggy.com,M,31,18,Bangalore,2023-10-05 00:00:00,ONE
3187,Vihaan Nair,8669621644,vihaan.nair3187@swiggy.com,F,18,15,Bangalore,2024-10-13 00:00:00,ONE_LITE
3188,Nikhil Singh,8082954883,nikhil.singh3188@swiggy.com,M,47,19,Bangalore,2023-07-30 00:00:00,NONE
3189,Dhruv Singh,6702198465,dhruv.singh3189@swiggy.com,M,32,16,Bangalore,2025-04-09 00:00:00,ONE_LITE
3190,Ananya Gupta,9833050160,ananya.gupta3190@swiggy.com,F,22,18,Bangalore,2025-01-29 00:00:00,ONE_LITE
3191,Anika Desai,7494914124,anika.desai3191@swiggy.com,M,22,17,Bangalore,2023-11-22 00:00:00,ONE
3192,Neha Gowda,9592052420,neha.gowda3192@swiggy.com,M,25,12,Bangalore,2025-10-20 00:00:00,NONE
3193,Aarav Rao,7104133926,aarav.rao3193@swiggy.com,F,30,14,Bangalore,2024-09-25 00:00:00,ONE_LITE
3194,Suresh Iyer,6495939420,suresh.iyer3194@swiggy.com,F,44,14,Bangalore,2025-03-12 00:00:00,NONE
3195,Myra Gowda,9355546287,myra.gowda3195@swiggy.com,F,28,17,Bangalore,2025-03-19 00:00:00,NONE
3196,Varun Patel,9798584639,varun.patel3196@swiggy.com,F,27,20,Bangalore,2024-02-21 00:00:00,NONE
3197,Vivaan Nair,7378934833,vivaan.nair3197@swiggy.com,M,31,13,Bangalore,2023-08-19 00:00:00,ONE
3198,Reyansh Desai,9708837855,reyansh.desai3198@swiggy.com,F,36,11,Bangalore,2024-05-08 00:00:00,ONE_LITE
3199,Varun Reddy,8511338258,varun.reddy3199@swiggy.com,M,31,16,Bangalore,2024-08-05 00:00:00,NONE
3200,Ananya Naidu,9296773559,ananya.naidu3200@swiggy.com,O,28,16,Bangalore,2023-12-29 00:00:00,NONE
3201,Sneha Chowdhury,9718878830,sneha.chowdhury3201@swiggy.com,F,18,20,Bangalore,2023-09-09 00:00:00,NONE
3202,Ishaan Reddy,8829214475,ishaan.reddy3202@swiggy.com,F,32,17,Bangalore,2024-07-15 00:00:00,NONE
3203,Sneha Patel,9388503497,sneha.patel3203@swiggy.com,M,35,12,Bangalore,2024-04-11 00:00:00,ONE
3204,Reyansh Reddy,6591357453,reyansh.reddy3204@swiggy.com,M,41,16,Bangalore,2023-12-05 00:00:00,NONE
3205,Kiran Kulkarni,7443965141,kiran.kulkarni3205@swiggy.com,F,49,12,Bangalore,2023-09-29 00:00:00,ONE
3206,Sai Jain,8406606047,sai.jain3206@swiggy.com,M,38,18,Bangalore,2025-04-18 00:00:00,NONE
3207,Aditya Khan,7183629748,aditya.khan3207@swiggy.com,M,35,12,Bangalore,2025-03-01 00:00:00,NONE
3208,Rahul Das,9986540612,rahul.das3208@swiggy.com,M,32,19,Bangalore,2025-09-01 00:00:00,NONE
3209,Reyansh Gupta,6202091036,reyansh.gupta3209@swiggy.com,F,35,14,Bangalore,2024-09-01 00:00:00,ONE_LITE
3210,Ira Pillai,8407238024,ira.pillai3210@swiggy.com,F,33,12,Bangalore,2023-08-26 00:00:00,NONE
3211,Nikhil Khan,7329974399,nikhil.khan3211@swiggy.com,M,32,18,Bangalore,2023-09-09 00:00:00,NONE
3212,Vihaan Nair,7542605682,vihaan.nair3212@swiggy.com,F,18,12,Bangalore,2024-01-30 00:00:00,ONE
3213,Vivaan Patel,7535913459,vivaan.patel3213@swiggy.com,M,18,19,Bangalore,2025-05-12 00:00:00,NONE
3214,Kiara Gowda,9762981510,kiara.gowda3214@swiggy.com,F,21,15,Bangalore,2025-09-18 00:00:00,ONE_LITE
3215,Kiran Nair,9984742210,kiran.nair3215@swiggy.com,F,30,14,Bangalore,2025-03-04 00:00:00,ONE_PLUS
3216,Myra Naidu,8527036085,myra.naidu3216@swiggy.com,F,41,12,Bangalore,2025-05-17 00:00:00,NONE
3217,Anika Patel,9442145950,anika.patel3217@swiggy.com,F,24,14,Bangalore,2025-02-17 00:00:00,ONE_LITE
3218,Saanvi Naidu,8687103253,saanvi.naidu3218@swiggy.com,F,18,14,Bangalore,2023-11-13 00:00:00,NONE
3219,Ishaan Sharma,8030025077,ishaan.sharma3219@swiggy.com,F,22,19,Bangalore,2024-05-29 00:00:00,NONE
3220,Aarav Naidu,6394462506,aarav.naidu3220@swiggy.com,F,38,18,Bangalore,2024-10-10 00:00:00,ONE_LITE
3221,Aditya Das,6515262636,aditya.das3221@swiggy.com,F,32,14,Bangalore,2024-04-05 00:00:00,NONE
3222,Vivaan Pillai,8977652523,vivaan.pillai3222@swiggy.com,F,40,14,Bangalore,2023-10-15 00:00:00,NONE
3223,Kiara Naidu,8970135063,kiara.naidu3223@swiggy.com,F,48,17,Bangalore,2024-04-02 00:00:00,NONE
3224,Vivaan Nair,6505300701,vivaan.nair3224@swiggy.com,M,18,13,Bangalore,2025-04-05 00:00:00,NONE
3225,Dhruv Rao,9981924245,dhruv.rao3225@swiggy.com,M,20,11,Bangalore,2025-03-11 00:00:00,ONE
3226,Krishna Rao,6742874479,krishna.rao3226@swiggy.com,M,32,17,Bangalore,2025-05-21 00:00:00,NONE
3227,Varun Kulkarni,9745547265,varun.kulkarni3227@swiggy.com,M,29,14,Bangalore,2024-03-12 00:00:00,ONE_LITE
3228,Ishaan Das,6922784082,ishaan.das3228@swiggy.com,M,30,15,Bangalore,2024-02-07 00:00:00,NONE
3229,Saanvi Rao,6783169545,saanvi.rao3229@swiggy.com,F,32,14,Bangalore,2024-12-12 00:00:00,NONE
3230,Krishna Rao,7389169012,krishna.rao3230@swiggy.com,M,38,19,Bangalore,2023-12-14 00:00:00,NONE
3231,Aadhya Nair,6619813959,aadhya.nair3231@swiggy.com,F,37,11,Bangalore,2025-05-25 00:00:00,NONE
3232,Vihaan Reddy,8447508589,vihaan.reddy3232@swiggy.com,M,21,17,Bangalore,2023-10-12 00:00:00,NONE
3233,Saanvi Jain,9648507380,saanvi.jain3233@swiggy.com,M,24,15,Bangalore,2025-04-22 00:00:00,NONE
3234,Sneha Patel,6904756201,sneha.patel3234@swiggy.com,M,36,17,Bangalore,2023-09-24 00:00:00,ONE_LITE
3235,Sai Singh,7519093333,sai.singh3235@swiggy.com,M,31,15,Bangalore,2025-10-25 00:00:00,ONE_PLUS
3236,Rahul Naidu,9966677383,rahul.naidu3236@swiggy.com,M,31,17,Bangalore,2025-04-24 00:00:00,ONE_PLUS
3237,Krishna Chowdhury,7150043188,krishna.chowdhury3237@swiggy.com,M,27,16,Bangalore,2024-07-25 00:00:00,ONE_LITE
3238,Ananya Gupta,9448123670,ananya.gupta3238@swiggy.com,F,18,12,Bangalore,2024-01-22 00:00:00,NONE
3239,Krishna Khan,6893372731,krishna.khan3239@swiggy.com,F,35,12,Bangalore,2025-01-31 00:00:00,NONE
3240,Aarav Desai,8251665447,aarav.desai3240@swiggy.com,M,49,13,Bangalore,2024-09-26 00:00:00,ONE_LITE
3241,Neha Patel,6750161995,neha.patel3241@swiggy.com,M,22,19,Bangalore,2023-12-07 00:00:00,ONE_LITE
3242,Vihaan Naidu,6152401682,vihaan.naidu3242@swiggy.com,M,24,15,Bangalore,2024-12-21 00:00:00,NONE
3243,Rahul Mehta,7296019734,rahul.mehta3243@swiggy.com,M,39,11,Bangalore,2024-03-22 00:00:00,ONE_LITE
3244,Aarav Sharma,6147851232,aarav.sharma3244@swiggy.com,M,30,20,Bangalore,2024-03-27 00:00:00,ONE_LITE
3245,Myra Chowdhury,8406172244,myra.chowdhury3245@swiggy.com,M,34,17,Bangalore,2024-12-06 00:00:00,NONE
3246,Riya Desai,8771832043,riya.desai3246@swiggy.com,F,20,17,Bangalore,2024-07-17 00:00:00,NONE
3247,Vihaan Naidu,9832017822,vihaan.naidu3247@swiggy.com,F,19,18,Bangalore,2024-04-10 00:00:00,ONE
3248,Kiara Naidu,6845923475,kiara.naidu3248@swiggy.com,M,24,19,Bangalore,2023-11-04 00:00:00,ONE
3249,Anika Nair,9544509163,anika.nair3249@swiggy.com,M,34,19,Bangalore,2024-03-19 00:00:00,NONE
3250,Suresh Gowda,7667224432,suresh.gowda3250@swiggy.com,F,24,11,Bangalore,2023-10-26 00:00:00,NONE
3251,Meera Das,9034652030,meera.das3251@swiggy.com,F,27,13,Bangalore,2024-07-24 00:00:00,NONE
3252,Riya Patel,7304158249,riya.patel3252@swiggy.com,F,29,20,Bangalore,2025-03-21 00:00:00,NONE
3253,Vihaan Reddy,7540731562,vihaan.reddy3253@swiggy.com,F,33,20,Bangalore,2023-12-23 00:00:00,ONE_LITE
3254,Sai Kulkarni,6946996363,sai.kulkarni3254@swiggy.com,F,21,20,Bangalore,2024-02-24 00:00:00,NONE
3255,Nikhil Singh,6044778442,nikhil.singh3255@swiggy.com,F,28,14,Bangalore,2025-08-25 00:00:00,NONE
3256,Meera Nair,8710174385,meera.nair3256@swiggy.com,M,25,14,Bangalore,2023-10-06 00:00:00,ONE_LITE
3257,Riya Jain,6382403329,riya.jain3257@swiggy.com,F,18,15,Bangalore,2025-10-31 00:00:00,ONE
3258,Reyansh Bose,7216305001,reyansh.bose3258@swiggy.com,F,39,14,Bangalore,2023-08-14 00:00:00,NONE
3259,Ishaan Jain,8597583832,ishaan.jain3259@swiggy.com,F,18,19,Bangalore,2024-03-07 00:00:00,NONE
3260,Kiara Das,6500120913,kiara.das3260@swiggy.com,M,27,16,Bangalore,2024-10-15 00:00:00,NONE
3261,Akash Kulkarni,6366144861,akash.kulkarni3261@swiggy.com,F,24,15,Bangalore,2025-07-25 00:00:00,NONE
3262,Akash Bose,8828483102,akash.bose3262@swiggy.com,M,35,18,Bangalore,2023-08-17 00:00:00,ONE_PLUS
3263,Diya Nair,9486158737,diya.nair3263@swiggy.com,F,26,16,Bangalore,2024-08-26 00:00:00,ONE
3264,Aarav Gupta,9506842148,aarav.gupta3264@swiggy.com,M,32,15,Bangalore,2025-09-22 00:00:00,NONE
3265,Rahul Das,7782716075,rahul.das3265@swiggy.com,M,24,14,Bangalore,2025-03-11 00:00:00,ONE_LITE
3266,Rohit Shetty,6260685198,rohit.shetty3266@swiggy.com,M,40,17,Bangalore,2024-08-19 00:00:00,ONE
3267,Rohit Gupta,7938216948,rohit.gupta3267@swiggy.com,M,18,12,Bangalore,2025-01-24 00:00:00,NONE
3268,Sneha Das,9490779277,sneha.das3268@swiggy.com,M,20,19,Bangalore,2024-01-13 00:00:00,ONE
3269,Suresh Jain,9420833881,suresh.jain3269@swiggy.com,F,22,12,Bangalore,2025-03-22 00:00:00,NONE
3270,Nikhil Desai,7743140640,nikhil.desai3270@swiggy.com,F,18,15,Bangalore,2025-10-05 00:00:00,ONE
3271,Anika Rao,8612015327,anika.rao3271@swiggy.com,F,35,16,Bangalore,2023-09-30 00:00:00,ONE_LITE
3272,Varun Naidu,9620519713,varun.naidu3272@swiggy.com,F,45,15,Bangalore,2025-02-23 00:00:00,ONE
3273,Meera Singh,8086582276,meera.singh3273@swiggy.com,M,23,11,Bangalore,2024-08-01 00:00:00,NONE
3274,Riya Shetty,6186733998,riya.shetty3274@swiggy.com,M,29,13,Bangalore,2023-10-26 00:00:00,ONE_PLUS
3275,Riya Singh,7339529225,riya.singh3275@swiggy.com,M,30,19,Bangalore,2025-01-23 00:00:00,ONE_LITE
3276,Aditya Reddy,7055755189,aditya.reddy3276@swiggy.com,M,40,15,Bangalore,2025-04-29 00:00:00,NONE
3277,Sneha Bose,7478241606,sneha.bose3277@swiggy.com,M,34,11,Bangalore,2024-01-02 00:00:00,NONE
3278,Aadhya Bose,7476042813,aadhya.bose3278@swiggy.com,F,30,17,Bangalore,2023-08-17 00:00:00,ONE_LITE
3279,Myra Reddy,8949853437,myra.reddy3279@swiggy.com,M,29,17,Bangalore,2024-02-11 00:00:00,ONE_LITE
3280,Rohit Naidu,9486127504,rohit.naidu3280@swiggy.com,M,40,19,Bangalore,2025-10-26 00:00:00,ONE
3281,Anika Reddy,6892911162,anika.reddy3281@swiggy.com,F,38,15,Bangalore,2025-04-28 00:00:00,NONE
3282,Rohit Singh,8650566117,rohit.singh3282@swiggy.com,M,31,15,Bangalore,2025-11-14 00:00:00,ONE
3283,Akash Shetty,9766980694,akash.shetty3283@swiggy.com,M,41,17,Bangalore,2024-07-15 00:00:00,NONE
3284,Saanvi Iyer,9453441702,saanvi.iyer3284@swiggy.com,F,34,17,Bangalore,2025-02-19 00:00:00,NONE
3285,Rahul Reddy,9708201508,rahul.reddy3285@swiggy.com,M,33,14,Bangalore,2025-11-16 00:00:00,ONE_LITE
3286,Aditya Nair,6729502560,aditya.nair3286@swiggy.com,M,40,18,Bangalore,2025-01-29 00:00:00,ONE
3287,Krishna Naidu,7379400349,krishna.naidu3287@swiggy.com,M,18,18,Bangalore,2025-07-07 00:00:00,NONE
3288,Akash Rao,8011016526,akash.rao3288@swiggy.com,F,33,14,Bangalore,2024-07-12 00:00:00,NONE
3289,Vivaan Patel,9477266753,vivaan.patel3289@swiggy.com,M,27,19,Bangalore,2023-11-21 00:00:00,ONE_LITE
3290,Anika Reddy,8826835724,anika.reddy3290@swiggy.com,F,35,16,Bangalore,2024-08-24 00:00:00,NONE
3291,Pooja Reddy,8795583200,pooja.reddy3291@swiggy.com,F,23,20,Bangalore,2025-09-03 00:00:00,NONE
3292,Krishna Gupta,7806504003,krishna.gupta3292@swiggy.com,F,28,16,Bangalore,2023-07-22 00:00:00,NONE
3293,Ananya Jain,6387427921,ananya.jain3293@swiggy.com,F,29,18,Bangalore,2024-12-05 00:00:00,NONE
3294,Saanvi Naidu,8083149996,saanvi.naidu3294@swiggy.com,M,28,12,Bangalore,2025-08-13 00:00:00,ONE
3295,Nikhil Sharma,7598908546,nikhil.sharma3295@swiggy.com,M,26,11,Bangalore,2024-05-19 00:00:00,ONE
3296,Nikhil Desai,9372338440,nikhil.desai3296@swiggy.com,M,39,12,Bangalore,2025-06-10 00:00:00,ONE_LITE
3297,Vihaan Nair,9050964442,vihaan.nair3297@swiggy.com,M,26,13,Bangalore,2024-08-29 00:00:00,NONE
3298,Aditya Kulkarni,8948404034,aditya.kulkarni3298@swiggy.com,F,23,16,Bangalore,2025-07-19 00:00:00,NONE
3299,Ira Mehta,9283635362,ira.mehta3299@swiggy.com,F,18,17,Bangalore,2025-02-20 00:00:00,ONE
3300,Sai Kulkarni,6435567828,sai.kulkarni3300@swiggy.com,M,45,13,Bangalore,2024-12-11 00:00:00,NONE
3301,Diya Nair,9216248060,diya.nair3301@swiggy.com,M,31,16,Bangalore,2025-08-29 00:00:00,ONE
3302,Kiran Sharma,6783906367,kiran.sharma3302@swiggy.com,M,28,20,Bangalore,2024-12-01 00:00:00,ONE
3303,Vivaan Mehta,6917473967,vivaan.mehta3303@swiggy.com,M,18,13,Bangalore,2025-04-13 00:00:00,NONE
3304,Neha Chowdhury,7017659901,neha.chowdhury3304@swiggy.com,F,36,14,Bangalore,2025-04-06 00:00:00,ONE_LITE
3305,Ananya Das,6089095305,ananya.das3305@swiggy.com,M,22,19,Bangalore,2025-08-30 00:00:00,NONE
3306,Reyansh Bose,8435694699,reyansh.bose3306@swiggy.com,M,36,15,Bangalore,2025-05-07 00:00:00,ONE
3307,Saanvi Naidu,7927418420,saanvi.naidu3307@swiggy.com,F,26,14,Bangalore,2025-02-09 00:00:00,ONE_LITE
3308,Saanvi Mehta,8623234691,saanvi.mehta3308@swiggy.com,F,38,17,Bangalore,2025-02-08 00:00:00,NONE
3309,Ira Shetty,9535114219,ira.shetty3309@swiggy.com,M,43,16,Bangalore,2025-08-13 00:00:00,NONE
3310,Vihaan Naidu,6342214829,vihaan.naidu3310@swiggy.com,M,40,16,Bangalore,2024-06-12 00:00:00,NONE
3311,Ananya Shetty,8384791503,ananya.shetty3311@swiggy.com,F,34,18,Bangalore,2024-09-18 00:00:00,NONE
3312,Ishaan Desai,8622478008,ishaan.desai3312@swiggy.com,M,24,18,Bangalore,2025-08-13 00:00:00,NONE
3313,Rohit Kulkarni,9445515214,rohit.kulkarni3313@swiggy.com,F,44,18,Bangalore,2025-03-06 00:00:00,ONE
3314,Nikhil Khan,8321979329,nikhil.khan3314@swiggy.com,F,23,18,Bangalore,2024-05-28 00:00:00,ONE_LITE
3315,Vihaan Nair,9688347348,vihaan.nair3315@swiggy.com,F,18,19,Bangalore,2024-05-27 00:00:00,NONE
3316,Rahul Bose,9006426601,rahul.bose3316@swiggy.com,M,28,12,Bangalore,2025-08-14 00:00:00,ONE
3317,Pooja Khan,7529761414,pooja.khan3317@swiggy.com,F,20,20,Bangalore,2024-06-27 00:00:00,NONE
3318,Vihaan Kulkarni,6691805624,vihaan.kulkarni3318@swiggy.com,F,35,18,Bangalore,2023-12-14 00:00:00,NONE
3319,Akash Chowdhury,9608857168,akash.chowdhury3319@swiggy.com,F,26,15,Bangalore,2025-11-13 00:00:00,NONE
3320,Vihaan Gowda,6370624386,vihaan.gowda3320@swiggy.com,F,44,15,Bangalore,2023-08-03 00:00:00,ONE
3321,Arjun Chowdhury,9928314953,arjun.chowdhury3321@swiggy.com,F,37,19,Bangalore,2024-08-21 00:00:00,NONE
3322,Rohit Patel,9020941987,rohit.patel3322@swiggy.com,M,44,19,Bangalore,2025-11-01 00:00:00,ONE
3323,Suresh Naidu,9990095847,suresh.naidu3323@swiggy.com,M,33,13,Bangalore,2023-09-15 00:00:00,NONE
3324,Sneha Bose,6361308699,sneha.bose3324@swiggy.com,F,37,13,Bangalore,2025-05-02 00:00:00,ONE_LITE
3325,Aarav Naidu,6761858964,aarav.naidu3325@swiggy.com,M,26,11,Bangalore,2024-08-28 00:00:00,ONE
3326,Nikhil Khan,7573576562,nikhil.khan3326@swiggy.com,F,38,16,Bangalore,2024-05-26 00:00:00,ONE
3327,Riya Iyer,9677938549,riya.iyer3327@swiggy.com,F,19,16,Bangalore,2024-12-03 00:00:00,NONE
3328,Ishaan Jain,6668046039,ishaan.jain3328@swiggy.com,M,30,19,Bangalore,2024-02-01 00:00:00,ONE_LITE
3329,Krishna Reddy,8507679889,krishna.reddy3329@swiggy.com,F,37,18,Bangalore,2024-11-18 00:00:00,NONE
3330,Ira Rao,7610475662,ira.rao3330@swiggy.com,M,32,15,Bangalore,2025-09-22 00:00:00,ONE_LITE
3331,Aditya Iyer,9412737228,aditya.iyer3331@swiggy.com,F,34,15,Bangalore,2024-05-22 00:00:00,NONE
3332,Ira Shetty,6350869856,ira.shetty3332@swiggy.com,F,31,20,Bangalore,2025-06-02 00:00:00,NONE
3333,Neha Reddy,9548969466,neha.reddy3333@swiggy.com,M,29,16,Bangalore,2024-08-17 00:00:00,ONE_LITE
3334,Ananya Desai,7840628703,ananya.desai3334@swiggy.com,F,38,20,Bangalore,2025-07-19 00:00:00,NONE
3335,Arjun Gupta,6821692401,arjun.gupta3335@swiggy.com,M,44,19,Bangalore,2025-08-06 00:00:00,NONE
3336,Anika Sharma,6841670984,anika.sharma3336@swiggy.com,F,24,16,Bangalore,2025-08-01 00:00:00,ONE
3337,Pooja Mehta,6442806246,pooja.mehta3337@swiggy.com,M,45,18,Bangalore,2025-06-17 00:00:00,ONE_LITE
3338,Riya Patel,9064246658,riya.patel3338@swiggy.com,F,35,20,Bangalore,2025-10-28 00:00:00,ONE
3339,Rohit Naidu,8138432989,rohit.naidu3339@swiggy.com,F,28,13,Bangalore,2025-10-12 00:00:00,NONE
3340,Sneha Singh,6347334335,sneha.singh3340@swiggy.com,M,25,13,Bangalore,2024-07-02 00:00:00,NONE
3341,Ira Nair,7955639420,ira.nair3341@swiggy.com,M,39,11,Bangalore,2023-11-16 00:00:00,NONE
3342,Aadhya Jain,6632263569,aadhya.jain3342@swiggy.com,M,35,13,Bangalore,2024-12-11 00:00:00,ONE_PLUS
3343,Myra Reddy,7863063744,myra.reddy3343@swiggy.com,F,34,15,Bangalore,2025-02-06 00:00:00,ONE_LITE
3344,Vihaan Iyer,9561683632,vihaan.iyer3344@swiggy.com,M,22,16,Bangalore,2024-02-02 00:00:00,ONE
3345,Kiara Patel,8291064940,kiara.patel3345@swiggy.com,F,28,13,Bangalore,2024-04-18 00:00:00,ONE
3346,Sneha Patel,6472838598,sneha.patel3346@swiggy.com,F,26,19,Bangalore,2025-11-22 00:00:00,NONE
3347,Riya Naidu,6026522693,riya.naidu3347@swiggy.com,F,25,19,Bangalore,2024-12-23 00:00:00,NONE
3348,Kiran Chowdhury,8743775443,kiran.chowdhury3348@swiggy.com,F,28,18,Bangalore,2024-10-24 00:00:00,NONE
3349,Rohit Sharma,7174379450,rohit.sharma3349@swiggy.com,M,31,16,Bangalore,2024-06-09 00:00:00,NONE
3350,Krishna Iyer,8903821677,krishna.iyer3350@swiggy.com,M,27,11,Bangalore,2025-01-03 00:00:00,ONE_PLUS
3351,Riya Desai,6435864005,riya.desai3351@swiggy.com,F,23,15,Bangalore,2024-12-18 00:00:00,NONE
3352,Vihaan Chowdhury,8391779372,vihaan.chowdhury3352@swiggy.com,F,43,18,Bangalore,2025-04-27 00:00:00,ONE
3353,Kiara Sharma,8234979847,kiara.sharma3353@swiggy.com,F,29,16,Bangalore,2023-12-19 00:00:00,NONE
3354,Akash Mehta,8541710290,akash.mehta3354@swiggy.com,M,27,16,Bangalore,2025-08-14 00:00:00,NONE
3355,Aditya Sharma,6064222241,aditya.sharma3355@swiggy.com,F,35,19,Bangalore,2023-10-28 00:00:00,ONE_LITE
3356,Ishaan Desai,6276559011,ishaan.desai3356@swiggy.com,M,26,17,Bangalore,2025-04-28 00:00:00,ONE
3357,Suresh Iyer,7692384669,suresh.iyer3357@swiggy.com,M,31,16,Bangalore,2023-11-20 00:00:00,ONE_LITE
3358,Reyansh Mehta,7108172248,reyansh.mehta3358@swiggy.com,F,43,16,Bangalore,2025-10-14 00:00:00,NONE
3359,Varun Kulkarni,7880401202,varun.kulkarni3359@swiggy.com,M,29,15,Bangalore,2025-10-22 00:00:00,ONE_LITE
3360,Arjun Singh,7812503599,arjun.singh3360@swiggy.com,F,25,19,Bangalore,2024-03-19 00:00:00,ONE_LITE
3361,Ananya Desai,7455075867,ananya.desai3361@swiggy.com,F,26,14,Bangalore,2025-04-17 00:00:00,ONE
3362,Neha Nair,9033728254,neha.nair3362@swiggy.com,M,44,15,Bangalore,2024-06-03 00:00:00,ONE_LITE
3363,Rahul Nair,9523490433,rahul.nair3363@swiggy.com,F,26,13,Bangalore,2024-10-08 00:00:00,NONE
3364,Neha Kulkarni,9639847712,neha.kulkarni3364@swiggy.com,F,40,17,Bangalore,2024-12-07 00:00:00,NONE
3365,Vivaan Jain,8036588848,vivaan.jain3365@swiggy.com,M,40,15,Bangalore,2025-05-25 00:00:00,ONE
3366,Nikhil Khan,7577037891,nikhil.khan3366@swiggy.com,M,19,14,Bangalore,2024-11-02 00:00:00,ONE_LITE
3367,Arjun Naidu,8148910769,arjun.naidu3367@swiggy.com,F,36,17,Bangalore,2025-08-08 00:00:00,NONE
3368,Arjun Jain,8121670014,arjun.jain3368@swiggy.com,F,23,15,Bangalore,2025-07-11 00:00:00,NONE
3369,Meera Shetty,7636857221,meera.shetty3369@swiggy.com,M,30,20,Bangalore,2025-06-05 00:00:00,NONE
3370,Vihaan Singh,6127544307,vihaan.singh3370@swiggy.com,M,27,16,Bangalore,2024-11-03 00:00:00,NONE
3371,Myra Bose,7202504538,myra.bose3371@swiggy.com,M,41,20,Bangalore,2024-08-19 00:00:00,ONE
3372,Vivaan Naidu,6997347449,vivaan.naidu3372@swiggy.com,M,40,14,Bangalore,2024-11-07 00:00:00,NONE
3373,Sai Bose,8286578171,sai.bose3373@swiggy.com,F,33,14,Bangalore,2024-09-14 00:00:00,ONE
3374,Kiara Naidu,9211115257,kiara.naidu3374@swiggy.com,M,18,15,Bangalore,2025-05-13 00:00:00,NONE
3375,Akash Kulkarni,8726016782,akash.kulkarni3375@swiggy.com,M,34,14,Bangalore,2024-07-03 00:00:00,NONE
3376,Rohit Patel,7213151836,rohit.patel3376@swiggy.com,F,36,11,Bangalore,2023-11-22 00:00:00,ONE
3377,Pooja Bose,8528604196,pooja.bose3377@swiggy.com,F,32,19,Bangalore,2024-01-16 00:00:00,ONE
3378,Myra Jain,9313879274,myra.jain3378@swiggy.com,M,30,14,Bangalore,2024-02-08 00:00:00,ONE_LITE
3379,Neha Gowda,9786375734,neha.gowda3379@swiggy.com,F,33,20,Bangalore,2024-11-19 00:00:00,ONE_LITE
3380,Vivaan Chowdhury,8391161004,vivaan.chowdhury3380@swiggy.com,O,42,20,Bangalore,2024-12-09 00:00:00,ONE_LITE
3381,Ira Gowda,7526277162,ira.gowda3381@swiggy.com,F,37,12,Bangalore,2024-05-06 00:00:00,NONE
3382,Aadhya Nair,7063184990,aadhya.nair3382@swiggy.com,M,18,14,Bangalore,2023-11-01 00:00:00,ONE_LITE
3383,Pooja Naidu,7867811688,pooja.naidu3383@swiggy.com,F,26,13,Bangalore,2024-12-22 00:00:00,NONE
3384,Ira Shetty,7916485798,ira.shetty3384@swiggy.com,M,24,16,Bangalore,2023-11-02 00:00:00,ONE
3385,Ananya Bose,6302812779,ananya.bose3385@swiggy.com,F,25,11,Bangalore,2023-11-02 00:00:00,NONE
3386,Ira Kulkarni,7871409206,ira.kulkarni3386@swiggy.com,F,18,13,Bangalore,2025-11-03 00:00:00,ONE_LITE
3387,Aditya Desai,8871163842,aditya.desai3387@swiggy.com,F,23,14,Bangalore,2024-07-26 00:00:00,ONE
3388,Akash Desai,8797191845,akash.desai3388@swiggy.com,M,36,11,Bangalore,2024-03-04 00:00:00,NONE
3389,Meera Rao,9466214924,meera.rao3389@swiggy.com,F,26,15,Bangalore,2024-09-05 00:00:00,NONE
3390,Kiara Iyer,9771282736,kiara.iyer3390@swiggy.com,M,31,11,Bangalore,2024-08-13 00:00:00,ONE
3391,Vihaan Patel,6350258670,vihaan.patel3391@swiggy.com,F,18,15,Bangalore,2025-07-19 00:00:00,NONE
3392,Krishna Iyer,7910527402,krishna.iyer3392@swiggy.com,M,18,13,Bangalore,2023-12-13 00:00:00,NONE
3393,Vivaan Rao,9629083007,vivaan.rao3393@swiggy.com,F,18,13,Bangalore,2025-09-13 00:00:00,ONE
3394,Meera Kulkarni,9304931153,meera.kulkarni3394@swiggy.com,F,18,19,Bangalore,2024-08-18 00:00:00,ONE_LITE
3395,Diya Reddy,7179460751,diya.reddy3395@swiggy.com,M,34,12,Bangalore,2024-12-22 00:00:00,NONE
3396,Vihaan Iyer,6178276201,vihaan.iyer3396@swiggy.com,F,41,16,Bangalore,2025-07-25 00:00:00,NONE
3397,Aarav Jain,6132802810,aarav.jain3397@swiggy.com,M,39,17,Bangalore,2024-12-29 00:00:00,NONE
3398,Suresh Sharma,7371954774,suresh.sharma3398@swiggy.com,M,30,13,Bangalore,2025-01-02 00:00:00,NONE
3399,Ananya Khan,8400976208,ananya.khan3399@swiggy.com,F,27,20,Bangalore,2025-07-19 00:00:00,NONE
3400,Kiran Jain,9056188479,kiran.jain3400@swiggy.com,F,18,12,Bangalore,2023-09-28 00:00:00,NONE
3401,Rohit Shetty,6830782136,rohit.shetty3401@swiggy.com,M,38,20,Bangalore,2025-07-12 00:00:00,NONE
3402,Ananya Sharma,8421294534,ananya.sharma3402@swiggy.com,F,26,15,Bangalore,2023-12-04 00:00:00,ONE_LITE
3403,Aditya Iyer,9391618120,aditya.iyer3403@swiggy.com,F,33,15,Bangalore,2024-05-15 00:00:00,ONE
3404,Saanvi Singh,8645006195,saanvi.singh3404@swiggy.com,M,28,17,Bangalore,2024-07-11 00:00:00,NONE
3405,Aadhya Iyer,8179415673,aadhya.iyer3405@swiggy.com,M,21,14,Bangalore,2024-02-18 00:00:00,ONE
3406,Sai Reddy,9491831168,sai.reddy3406@swiggy.com,M,20,17,Bangalore,2024-02-08 00:00:00,ONE_LITE
3407,Meera Das,6798026671,meera.das3407@swiggy.com,F,20,11,Bangalore,2023-12-30 00:00:00,ONE_LITE
3408,Varun Singh,8705282563,varun.singh3408@swiggy.com,M,35,18,Bangalore,2024-10-23 00:00:00,ONE
3409,Kiran Nair,6473066396,kiran.nair3409@swiggy.com,M,21,17,Bangalore,2024-10-23 00:00:00,NONE
3410,Krishna Sharma,6610778393,krishna.sharma3410@swiggy.com,M,31,11,Bangalore,2024-05-15 00:00:00,NONE
3411,Dhruv Iyer,7782433657,dhruv.iyer3411@swiggy.com,F,35,17,Bangalore,2025-01-29 00:00:00,NONE
3412,Vivaan Rao,6016183824,vivaan.rao3412@swiggy.com,M,36,20,Bangalore,2024-03-13 00:00:00,NONE
3413,Aarav Khan,8804590144,aarav.khan3413@swiggy.com,M,27,15,Bangalore,2024-03-13 00:00:00,ONE_PLUS
3414,Kiran Sharma,7146183466,kiran.sharma3414@swiggy.com,M,32,16,Bangalore,2025-11-04 00:00:00,ONE
3415,Riya Kulkarni,9725015245,riya.kulkarni3415@swiggy.com,F,18,13,Bangalore,2025-05-30 00:00:00,NONE
3416,Aadhya Nair,6987303269,aadhya.nair3416@swiggy.com,F,37,18,Bangalore,2023-07-11 00:00:00,ONE_LITE
3417,Riya Naidu,6010577258,riya.naidu3417@swiggy.com,M,20,15,Bangalore,2025-05-05 00:00:00,NONE
3418,Ishaan Naidu,9582070604,ishaan.naidu3418@swiggy.com,M,28,12,Bangalore,2025-11-24 00:00:00,ONE_LITE
3419,Kiara Pillai,7140082252,kiara.pillai3419@swiggy.com,M,20,18,Bangalore,2023-12-07 00:00:00,NONE
3420,Suresh Nair,9461148440,suresh.nair3420@swiggy.com,M,31,20,Bangalore,2025-02-05 00:00:00,NONE
3421,Rahul Sharma,8708537331,rahul.sharma3421@swiggy.com,M,26,15,Bangalore,2023-09-20 00:00:00,ONE_PLUS
3422,Kiara Bose,7354295215,kiara.bose3422@swiggy.com,M,31,12,Bangalore,2023-12-04 00:00:00,NONE
3423,Krishna Gowda,9515547327,krishna.gowda3423@swiggy.com,F,21,15,Bangalore,2024-12-02 00:00:00,NONE
3424,Rohit Rao,8360903374,rohit.rao3424@swiggy.com,F,50,14,Bangalore,2024-01-12 00:00:00,NONE
3425,Diya Gupta,9522701914,diya.gupta3425@swiggy.com,F,28,15,Bangalore,2024-08-31 00:00:00,ONE_LITE
3426,Sneha Gupta,7390099184,sneha.gupta3426@swiggy.com,M,33,16,Bangalore,2025-06-20 00:00:00,NONE
3427,Kiara Gowda,6009438467,kiara.gowda3427@swiggy.com,M,28,11,Bangalore,2023-08-10 00:00:00,ONE
3428,Aadhya Das,7572826067,aadhya.das3428@swiggy.com,F,31,13,Bangalore,2023-11-06 00:00:00,ONE
3429,Kiran Khan,6181299601,kiran.khan3429@swiggy.com,F,21,16,Bangalore,2025-11-09 00:00:00,NONE
3430,Riya Chowdhury,6917791588,riya.chowdhury3430@swiggy.com,M,25,15,Bangalore,2025-01-30 00:00:00,ONE
3431,Akash Gupta,9446967765,akash.gupta3431@swiggy.com,M,38,16,Bangalore,2024-01-19 00:00:00,NONE
3432,Aadhya Sharma,8929806197,aadhya.sharma3432@swiggy.com,F,27,11,Bangalore,2025-09-11 00:00:00,NONE
3433,Nikhil Iyer,8145349380,nikhil.iyer3433@swiggy.com,M,32,16,Bangalore,2025-02-21 00:00:00,ONE
3434,Kiara Naidu,9858070548,kiara.naidu3434@swiggy.com,M,27,15,Bangalore,2025-04-14 00:00:00,NONE
3435,Vivaan Kulkarni,8937868763,vivaan.kulkarni3435@swiggy.com,F,26,16,Bangalore,2025-11-27 00:00:00,NONE
3436,Krishna Nair,9294038871,krishna.nair3436@swiggy.com,F,32,18,Bangalore,2025-04-28 00:00:00,NONE
3437,Ira Iyer,7577166450,ira.iyer3437@swiggy.com,F,26,16,Bangalore,2024-09-06 00:00:00,ONE
3438,Kiran Rao,7740329042,kiran.rao3438@swiggy.com,M,43,19,Bangalore,2025-06-15 00:00:00,ONE
3439,Diya Mehta,9808536796,diya.mehta3439@swiggy.com,F,32,12,Bangalore,2024-03-28 00:00:00,NONE
3440,Akash Das,8428543212,akash.das3440@swiggy.com,F,29,20,Bangalore,2024-01-27 00:00:00,NONE
3441,Vihaan Mehta,7112875743,vihaan.mehta3441@swiggy.com,M,27,18,Bangalore,2023-10-09 00:00:00,ONE
3442,Sai Bose,8933132622,sai.bose3442@swiggy.com,M,42,17,Bangalore,2024-12-12 00:00:00,ONE
3443,Rahul Chowdhury,8633266168,rahul.chowdhury3443@swiggy.com,M,23,15,Bangalore,2024-04-08 00:00:00,ONE_LITE
3444,Vivaan Kulkarni,7843572678,vivaan.kulkarni3444@swiggy.com,F,24,15,Bangalore,2024-09-05 00:00:00,NONE
3445,Meera Rao,6781422591,meera.rao3445@swiggy.com,F,28,11,Bangalore,2025-09-19 00:00:00,ONE_LITE
3446,Aditya Desai,8297215647,aditya.desai3446@swiggy.com,F,18,19,Bangalore,2024-08-23 00:00:00,NONE
3447,Dhruv Jain,8806928734,dhruv.jain3447@swiggy.com,M,40,19,Bangalore,2025-01-06 00:00:00,ONE_PLUS
3448,Kiran Gowda,9541826438,kiran.gowda3448@swiggy.com,M,44,19,Bangalore,2024-10-29 00:00:00,ONE
3449,Aadhya Rao,6175348404,aadhya.rao3449@swiggy.com,F,34,12,Bangalore,2025-08-05 00:00:00,ONE
3450,Sneha Iyer,8771269958,sneha.iyer3450@swiggy.com,M,18,17,Bangalore,2024-07-30 00:00:00,NONE
3451,Ira Patel,6176657648,ira.patel3451@swiggy.com,M,32,17,Bangalore,2024-09-18 00:00:00,ONE
3452,Akash Iyer,8149614685,akash.iyer3452@swiggy.com,F,40,17,Bangalore,2025-06-04 00:00:00,NONE
3453,Rohit Rao,9346554143,rohit.rao3453@swiggy.com,M,28,18,Bangalore,2025-10-15 00:00:00,NONE
3454,Ananya Naidu,9906207231,ananya.naidu3454@swiggy.com,M,21,13,Bangalore,2025-05-15 00:00:00,NONE
3455,Pooja Patel,9339895834,pooja.patel3455@swiggy.com,M,28,15,Bangalore,2024-07-26 00:00:00,NONE
3456,Myra Reddy,6469681089,myra.reddy3456@swiggy.com,F,35,20,Bangalore,2025-11-26 00:00:00,ONE
3457,Ishaan Pillai,8181302329,ishaan.pillai3457@swiggy.com,M,30,15,Bangalore,2025-01-11 00:00:00,ONE_LITE
3458,Suresh Iyer,9132438056,suresh.iyer3458@swiggy.com,M,36,13,Bangalore,2023-08-16 00:00:00,ONE
3459,Anika Rao,6008046151,anika.rao3459@swiggy.com,F,29,16,Bangalore,2023-07-12 00:00:00,NONE
3460,Neha Gupta,7339134569,neha.gupta3460@swiggy.com,F,27,12,Bangalore,2025-02-28 00:00:00,NONE
3461,Kiara Das,8483678516,kiara.das3461@swiggy.com,M,30,14,Bangalore,2024-09-06 00:00:00,ONE_PLUS
3462,Arjun Das,6756370192,arjun.das3462@swiggy.com,F,42,14,Bangalore,2023-10-20 00:00:00,NONE
3463,Sneha Naidu,9082227606,sneha.naidu3463@swiggy.com,F,33,20,Bangalore,2024-03-13 00:00:00,ONE
3464,Varun Shetty,9575111057,varun.shetty3464@swiggy.com,M,18,18,Bangalore,2024-05-22 00:00:00,NONE
3465,Krishna Bose,9187963329,krishna.bose3465@swiggy.com,F,28,20,Bangalore,2024-06-28 00:00:00,NONE
3466,Meera Sharma,6590780966,meera.sharma3466@swiggy.com,F,38,12,Bangalore,2024-09-08 00:00:00,NONE
3467,Aarav Iyer,8182949411,aarav.iyer3467@swiggy.com,F,29,17,Bangalore,2024-06-12 00:00:00,NONE
3468,Akash Desai,7567610659,akash.desai3468@swiggy.com,M,26,12,Bangalore,2025-07-28 00:00:00,ONE_PLUS
3469,Pooja Gowda,9603063619,pooja.gowda3469@swiggy.com,M,28,20,Bangalore,2024-11-04 00:00:00,NONE
3470,Dhruv Pillai,8705080807,dhruv.pillai3470@swiggy.com,M,28,16,Bangalore,2024-04-19 00:00:00,ONE_LITE
3471,Rohit Gupta,6032269684,rohit.gupta3471@swiggy.com,M,33,16,Bangalore,2023-08-07 00:00:00,ONE_LITE
3472,Aarav Bose,6011269027,aarav.bose3472@swiggy.com,F,22,13,Bangalore,2025-09-28 00:00:00,NONE
3473,Suresh Shetty,7695866907,suresh.shetty3473@swiggy.com,M,21,16,Bangalore,2024-09-11 00:00:00,NONE
3474,Vivaan Jain,6283396527,vivaan.jain3474@swiggy.com,F,35,20,Bangalore,2024-07-08 00:00:00,ONE_LITE
3475,Ananya Rao,7095356265,ananya.rao3475@swiggy.com,F,18,11,Bangalore,2023-07-18 00:00:00,NONE
3476,Nikhil Nair,6408919935,nikhil.nair3476@swiggy.com,F,43,17,Bangalore,2023-08-17 00:00:00,ONE_LITE
3477,Varun Sharma,7612507659,varun.sharma3477@swiggy.com,M,20,17,Bangalore,2024-06-02 00:00:00,NONE
3478,Akash Pillai,7476851042,akash.pillai3478@swiggy.com,M,18,16,Bangalore,2023-09-27 00:00:00,ONE
3479,Vivaan Desai,6565202458,vivaan.desai3479@swiggy.com,M,42,12,Bangalore,2025-06-23 00:00:00,ONE
3480,Suresh Bose,7612375283,suresh.bose3480@swiggy.com,F,26,15,Bangalore,2025-11-05 00:00:00,NONE
3481,Aarav Sharma,7537189112,aarav.sharma3481@swiggy.com,M,36,18,Bangalore,2025-10-24 00:00:00,NONE
3482,Sneha Bose,7613251842,sneha.bose3482@swiggy.com,M,26,12,Bangalore,2025-11-19 00:00:00,ONE_LITE
3483,Rohit Bose,6090113518,rohit.bose3483@swiggy.com,F,18,12,Bangalore,2025-06-21 00:00:00,NONE
3484,Vihaan Mehta,8170437940,vihaan.mehta3484@swiggy.com,F,18,12,Bangalore,2025-08-06 00:00:00,NONE
3485,Pooja Das,7598001290,pooja.das3485@swiggy.com,M,36,12,Bangalore,2024-10-26 00:00:00,ONE
3486,Anika Nair,7963422779,anika.nair3486@swiggy.com,M,42,17,Bangalore,2024-08-19 00:00:00,NONE
3487,Dhruv Patel,7228157260,dhruv.patel3487@swiggy.com,F,43,17,Bangalore,2024-06-28 00:00:00,ONE_LITE
3488,Rohit Bose,9360799164,rohit.bose3488@swiggy.com,F,33,14,Bangalore,2024-06-21 00:00:00,NONE
3489,Arjun Kulkarni,6407449109,arjun.kulkarni3489@swiggy.com,F,39,14,Bangalore,2024-10-17 00:00:00,ONE_LITE
3490,Akash Desai,6957703033,akash.desai3490@swiggy.com,M,27,20,Bangalore,2025-09-07 00:00:00,ONE
3491,Riya Das,7231413259,riya.das3491@swiggy.com,F,29,16,Bangalore,2025-06-09 00:00:00,ONE_LITE
3492,Meera Sharma,8010993762,meera.sharma3492@swiggy.com,M,42,13,Bangalore,2024-04-26 00:00:00,NONE
3493,Vivaan Mehta,7851913737,vivaan.mehta3493@swiggy.com,F,35,15,Bangalore,2025-07-01 00:00:00,NONE
3494,Krishna Sharma,8200122330,krishna.sharma3494@swiggy.com,F,30,14,Bangalore,2025-09-26 00:00:00,NONE
3495,Rahul Singh,9936678906,rahul.singh3495@swiggy.com,F,40,14,Bangalore,2024-08-08 00:00:00,ONE
3496,Suresh Mehta,6394599636,suresh.mehta3496@swiggy.com,F,48,17,Bangalore,2025-10-04 00:00:00,ONE
3497,Nikhil Mehta,9038676314,nikhil.mehta3497@swiggy.com,F,18,17,Bangalore,2024-02-03 00:00:00,NONE
3498,Krishna Bose,6594962367,krishna.bose3498@swiggy.com,M,25,17,Bangalore,2025-05-17 00:00:00,ONE
3499,Vivaan Patel,9188897193,vivaan.patel3499@swiggy.com,M,29,13,Bangalore,2025-07-19 00:00:00,ONE
3500,Ishaan Khan,8258218944,ishaan.khan3500@swiggy.com,F,28,20,Bangalore,2023-11-16 00:00:00,NONE
3501,Saanvi Mehta,7944419858,saanvi.mehta3501@swiggy.com,M,27,20,Bangalore,2024-01-17 00:00:00,NONE
3502,Aadhya Singh,6159433941,aadhya.singh3502@swiggy.com,M,25,12,Bangalore,2025-07-30 00:00:00,ONE
3503,Krishna Nair,8737597784,krishna.nair3503@swiggy.com,F,38,15,Bangalore,2025-07-17 00:00:00,ONE_LITE
3504,Rahul Pillai,6306366098,rahul.pillai3504@swiggy.com,M,35,15,Bangalore,2024-08-12 00:00:00,NONE
3505,Rahul Mehta,7014252294,rahul.mehta3505@swiggy.com,F,42,19,Bangalore,2025-03-08 00:00:00,ONE
3506,Diya Das,9253941545,diya.das3506@swiggy.com,M,40,14,Bangalore,2024-10-08 00:00:00,NONE
3507,Myra Khan,7845452742,myra.khan3507@swiggy.com,F,38,18,Bangalore,2023-11-24 00:00:00,ONE
3508,Rahul Patel,9348123683,rahul.patel3508@swiggy.com,M,29,14,Bangalore,2024-02-09 00:00:00,NONE
3509,Myra Reddy,6674403632,myra.reddy3509@swiggy.com,F,20,18,Bangalore,2024-03-26 00:00:00,ONE
3510,Saanvi Gupta,9721131655,saanvi.gupta3510@swiggy.com,F,30,11,Bangalore,2025-09-16 00:00:00,NONE
3511,Kiran Naidu,7037918146,kiran.naidu3511@swiggy.com,F,41,17,Bangalore,2024-08-26 00:00:00,NONE
3512,Ananya Naidu,6318241770,ananya.naidu3512@swiggy.com,M,25,16,Bangalore,2024-09-12 00:00:00,NONE
3513,Reyansh Iyer,9494431086,reyansh.iyer3513@swiggy.com,M,28,13,Bangalore,2025-10-06 00:00:00,NONE
3514,Myra Das,9642105997,myra.das3514@swiggy.com,F,33,15,Bangalore,2024-06-20 00:00:00,NONE
3515,Suresh Gowda,8707433591,suresh.gowda3515@swiggy.com,F,28,16,Bangalore,2024-10-24 00:00:00,NONE
3516,Kiara Jain,7613521787,kiara.jain3516@swiggy.com,M,29,16,Bangalore,2024-05-23 00:00:00,ONE
3517,Meera Bose,6472942181,meera.bose3517@swiggy.com,M,29,13,Bangalore,2025-10-25 00:00:00,ONE_LITE
3518,Vihaan Gowda,6478434296,vihaan.gowda3518@swiggy.com,M,44,18,Bangalore,2025-01-09 00:00:00,NONE
3519,Varun Shetty,8089270411,varun.shetty3519@swiggy.com,F,35,14,Bangalore,2025-02-24 00:00:00,ONE
3520,Riya Gowda,7957425307,riya.gowda3520@swiggy.com,M,33,18,Bangalore,2025-03-13 00:00:00,NONE
3521,Sneha Chowdhury,6997510261,sneha.chowdhury3521@swiggy.com,F,18,18,Bangalore,2024-01-14 00:00:00,ONE_LITE
3522,Krishna Chowdhury,8391432783,krishna.chowdhury3522@swiggy.com,F,25,20,Bangalore,2025-06-26 00:00:00,ONE_PLUS
3523,Sai Jain,7565421911,sai.jain3523@swiggy.com,F,25,14,Bangalore,2024-02-22 00:00:00,NONE
3524,Rahul Mehta,8426501860,rahul.mehta3524@swiggy.com,M,27,16,Bangalore,2024-12-30 00:00:00,NONE
3525,Pooja Sharma,7430986692,pooja.sharma3525@swiggy.com,F,39,17,Bangalore,2024-03-10 00:00:00,NONE
3526,Suresh Sharma,7140649003,suresh.sharma3526@swiggy.com,M,18,12,Bangalore,2024-04-05 00:00:00,NONE
3527,Myra Shetty,7323932788,myra.shetty3527@swiggy.com,F,18,13,Bangalore,2025-03-29 00:00:00,ONE
3528,Anika Sharma,6332864018,anika.sharma3528@swiggy.com,O,21,12,Bangalore,2024-04-07 00:00:00,ONE
3529,Vihaan Shetty,7614754211,vihaan.shetty3529@swiggy.com,F,24,19,Bangalore,2024-12-18 00:00:00,ONE_LITE
3530,Akash Desai,8504749046,akash.desai3530@swiggy.com,F,40,20,Bangalore,2025-07-05 00:00:00,ONE_LITE
3531,Rohit Jain,7885824452,rohit.jain3531@swiggy.com,M,21,13,Bangalore,2025-06-17 00:00:00,ONE_LITE
3532,Kiara Gupta,8428185844,kiara.gupta3532@swiggy.com,F,26,15,Bangalore,2025-10-10 00:00:00,NONE
3533,Meera Reddy,6542011902,meera.reddy3533@swiggy.com,M,38,19,Bangalore,2025-11-03 00:00:00,NONE
3534,Pooja Reddy,7401084011,pooja.reddy3534@swiggy.com,M,18,17,Bangalore,2024-01-23 00:00:00,NONE
3535,Myra Shetty,6821147525,myra.shetty3535@swiggy.com,M,18,18,Bangalore,2025-02-05 00:00:00,NONE
3536,Saanvi Das,8677978513,saanvi.das3536@swiggy.com,M,30,15,Bangalore,2025-06-19 00:00:00,ONE
3537,Neha Chowdhury,9763566960,neha.chowdhury3537@swiggy.com,F,40,18,Bangalore,2025-06-02 00:00:00,NONE
3538,Nikhil Reddy,9262749731,nikhil.reddy3538@swiggy.com,F,18,19,Bangalore,2023-08-12 00:00:00,NONE
3539,Riya Jain,8321771813,riya.jain3539@swiggy.com,F,22,18,Bangalore,2024-11-24 00:00:00,ONE
3540,Arjun Kulkarni,9738185920,arjun.kulkarni3540@swiggy.com,F,19,16,Bangalore,2025-03-29 00:00:00,NONE
3541,Pooja Iyer,6037253114,pooja.iyer3541@swiggy.com,M,29,17,Bangalore,2024-12-16 00:00:00,ONE
3542,Ananya Rao,7864794900,ananya.rao3542@swiggy.com,M,20,11,Bangalore,2023-11-05 00:00:00,NONE
3543,Aarav Rao,8155023987,aarav.rao3543@swiggy.com,F,41,13,Bangalore,2024-01-23 00:00:00,NONE
3544,Anika Chowdhury,7979474836,anika.chowdhury3544@swiggy.com,M,18,14,Bangalore,2024-09-10 00:00:00,ONE
3545,Riya Nair,6547139557,riya.nair3545@swiggy.com,M,26,20,Bangalore,2025-09-11 00:00:00,ONE_LITE
3546,Dhruv Khan,6671692144,dhruv.khan3546@swiggy.com,F,18,12,Bangalore,2023-07-14 00:00:00,NONE
3547,Myra Singh,7721013917,myra.singh3547@swiggy.com,M,54,12,Bangalore,2024-07-06 00:00:00,NONE
3548,Saanvi Gupta,9686024130,saanvi.gupta3548@swiggy.com,M,27,20,Bangalore,2023-07-20 00:00:00,ONE_LITE
3549,Akash Desai,8735211229,akash.desai3549@swiggy.com,F,21,13,Bangalore,2024-04-01 00:00:00,NONE
3550,Ananya Das,8979040660,ananya.das3550@swiggy.com,M,36,12,Bangalore,2025-04-19 00:00:00,NONE
3551,Akash Gupta,7267882969,akash.gupta3551@swiggy.com,F,43,17,Bangalore,2025-04-06 00:00:00,NONE
3552,Dhruv Patel,6859613556,dhruv.patel3552@swiggy.com,M,41,13,Bangalore,2024-12-31 00:00:00,ONE_LITE
3553,Nikhil Pillai,9153464997,nikhil.pillai3553@swiggy.com,M,26,15,Bangalore,2024-12-13 00:00:00,NONE
3554,Ira Shetty,7951937329,ira.shetty3554@swiggy.com,M,33,19,Bangalore,2025-09-01 00:00:00,NONE
3555,Neha Khan,6423440226,neha.khan3555@swiggy.com,M,40,17,Bangalore,2025-08-06 00:00:00,NONE
3556,Rohit Khan,6417447898,rohit.khan3556@swiggy.com,M,30,18,Bangalore,2023-10-19 00:00:00,ONE_LITE
3557,Myra Chowdhury,7863715410,myra.chowdhury3557@swiggy.com,M,33,13,Bangalore,2025-08-09 00:00:00,NONE
3558,Ira Shetty,8071349636,ira.shetty3558@swiggy.com,M,33,12,Bangalore,2024-05-09 00:00:00,ONE
3559,Kiran Jain,6907186384,kiran.jain3559@swiggy.com,M,18,19,Bangalore,2024-10-29 00:00:00,ONE_LITE
3560,Neha Reddy,7311757906,neha.reddy3560@swiggy.com,F,33,16,Bangalore,2024-12-28 00:00:00,NONE
3561,Sneha Nair,6334502236,sneha.nair3561@swiggy.com,M,23,18,Bangalore,2025-07-22 00:00:00,NONE
3562,Aadhya Nair,8472335519,aadhya.nair3562@swiggy.com,M,23,11,Bangalore,2024-03-06 00:00:00,ONE_PLUS
3563,Riya Das,6588236661,riya.das3563@swiggy.com,F,33,13,Bangalore,2024-03-05 00:00:00,NONE
3564,Varun Rao,6239761369,varun.rao3564@swiggy.com,F,37,20,Bangalore,2024-08-10 00:00:00,NONE
3565,Kiran Das,8414089489,kiran.das3565@swiggy.com,F,37,14,Bangalore,2024-07-16 00:00:00,ONE_LITE
3566,Nikhil Kulkarni,7969845656,nikhil.kulkarni3566@swiggy.com,F,33,16,Bangalore,2024-03-26 00:00:00,ONE
3567,Meera Das,8705413624,meera.das3567@swiggy.com,F,39,20,Bangalore,2025-03-03 00:00:00,NONE
3568,Pooja Gowda,7908729338,pooja.gowda3568@swiggy.com,M,29,14,Bangalore,2023-12-11 00:00:00,NONE
3569,Diya Rao,6195940071,diya.rao3569@swiggy.com,M,25,11,Bangalore,2024-04-13 00:00:00,NONE
3570,Kiran Rao,9224388049,kiran.rao3570@swiggy.com,O,20,18,Bangalore,2024-02-15 00:00:00,NONE
3571,Neha Gowda,6360073896,neha.gowda3571@swiggy.com,M,25,18,Bangalore,2024-04-22 00:00:00,ONE_PLUS
3572,Saanvi Shetty,8281727001,saanvi.shetty3572@swiggy.com,M,26,15,Bangalore,2025-11-04 00:00:00,NONE
3573,Vivaan Bose,8806605307,vivaan.bose3573@swiggy.com,M,22,13,Bangalore,2025-07-08 00:00:00,ONE_LITE
3574,Reyansh Rao,8603314162,reyansh.rao3574@swiggy.com,F,39,15,Bangalore,2024-09-02 00:00:00,ONE
3575,Saanvi Mehta,7352822978,saanvi.mehta3575@swiggy.com,F,24,18,Bangalore,2024-12-09 00:00:00,NONE
3576,Varun Mehta,6350757522,varun.mehta3576@swiggy.com,F,37,19,Bangalore,2024-05-19 00:00:00,NONE
3577,Neha Sharma,6676780372,neha.sharma3577@swiggy.com,M,42,12,Bangalore,2024-09-21 00:00:00,NONE
3578,Saanvi Singh,8276970789,saanvi.singh3578@swiggy.com,F,28,15,Bangalore,2025-07-29 00:00:00,ONE
3579,Suresh Naidu,9650304112,suresh.naidu3579@swiggy.com,M,42,12,Bangalore,2024-05-16 00:00:00,NONE
3580,Myra Chowdhury,9668590925,myra.chowdhury3580@swiggy.com,M,34,19,Bangalore,2024-11-07 00:00:00,NONE
3581,Anika Singh,9718748233,anika.singh3581@swiggy.com,F,32,14,Bangalore,2024-10-15 00:00:00,NONE
3582,Riya Gupta,7276529718,riya.gupta3582@swiggy.com,M,36,12,Bangalore,2025-09-17 00:00:00,ONE_PLUS
3583,Kiara Jain,8006620066,kiara.jain3583@swiggy.com,F,35,13,Bangalore,2025-04-04 00:00:00,ONE
3584,Aadhya Singh,8532356980,aadhya.singh3584@swiggy.com,F,27,20,Bangalore,2024-01-06 00:00:00,ONE
3585,Ishaan Gupta,8493275012,ishaan.gupta3585@swiggy.com,M,18,18,Bangalore,2025-04-10 00:00:00,ONE_LITE
3586,Kiara Gowda,8255770099,kiara.gowda3586@swiggy.com,F,34,17,Bangalore,2024-10-23 00:00:00,ONE
3587,Dhruv Mehta,7535023785,dhruv.mehta3587@swiggy.com,M,26,16,Bangalore,2024-01-03 00:00:00,ONE
3588,Krishna Naidu,8164603285,krishna.naidu3588@swiggy.com,M,32,18,Bangalore,2025-11-13 00:00:00,NONE
3589,Anika Iyer,9920272450,anika.iyer3589@swiggy.com,F,29,19,Bangalore,2025-03-26 00:00:00,ONE_LITE
3590,Varun Gowda,6138339120,varun.gowda3590@swiggy.com,F,31,13,Bangalore,2023-10-19 00:00:00,NONE
3591,Nikhil Gowda,6797201344,nikhil.gowda3591@swiggy.com,F,27,11,Bangalore,2024-07-10 00:00:00,ONE
3592,Riya Shetty,9944023575,riya.shetty3592@swiggy.com,F,42,19,Bangalore,2024-02-29 00:00:00,ONE_LITE
3593,Diya Desai,6151935573,diya.desai3593@swiggy.com,M,24,20,Bangalore,2024-11-16 00:00:00,NONE
3594,Nikhil Mehta,6324877991,nikhil.mehta3594@swiggy.com,M,32,15,Bangalore,2025-09-12 00:00:00,NONE
3595,Nikhil Chowdhury,7599458347,nikhil.chowdhury3595@swiggy.com,M,26,17,Bangalore,2025-02-01 00:00:00,ONE_LITE
3596,Meera Das,7904759803,meera.das3596@swiggy.com,M,31,16,Bangalore,2025-07-30 00:00:00,NONE
3597,Riya Naidu,7443129438,riya.naidu3597@swiggy.com,M,23,11,Bangalore,2025-01-11 00:00:00,NONE
3598,Neha Mehta,6409357850,neha.mehta3598@swiggy.com,F,33,19,Bangalore,2025-10-10 00:00:00,NONE
3599,Ira Naidu,6386161317,ira.naidu3599@swiggy.com,M,39,15,Bangalore,2025-08-15 00:00:00,ONE_LITE
3600,Aarav Shetty,7289814290,aarav.shetty3600@swiggy.com,M,37,14,Bangalore,2024-05-02 00:00:00,ONE
3601,Myra Jain,6630692752,myra.jain3601@swiggy.com,M,31,15,Bangalore,2024-06-22 00:00:00,NONE
3602,Ishaan Khan,7565666743,ishaan.khan3602@swiggy.com,F,36,19,Bangalore,2025-01-11 00:00:00,NONE
3603,Rahul Gowda,7154609505,rahul.gowda3603@swiggy.com,F,35,16,Bangalore,2023-10-09 00:00:00,ONE
3604,Dhruv Bose,6200842856,dhruv.bose3604@swiggy.com,M,25,18,Bangalore,2024-01-14 00:00:00,ONE
3605,Ananya Reddy,7676386462,ananya.reddy3605@swiggy.com,F,36,12,Bangalore,2025-10-03 00:00:00,NONE
3606,Kiran Desai,6352626207,kiran.desai3606@swiggy.com,M,26,11,Bangalore,2023-07-14 00:00:00,NONE
3607,Rohit Chowdhury,7881693585,rohit.chowdhury3607@swiggy.com,M,35,13,Bangalore,2025-11-10 00:00:00,NONE
3608,Ananya Sharma,7338654879,ananya.sharma3608@swiggy.com,M,46,13,Bangalore,2024-12-30 00:00:00,NONE
3609,Neha Bose,6608494223,neha.bose3609@swiggy.com,M,26,18,Bangalore,2023-08-02 00:00:00,NONE
3610,Pooja Pillai,7753697539,pooja.pillai3610@swiggy.com,M,42,12,Bangalore,2025-06-05 00:00:00,NONE
3611,Suresh Sharma,6588481356,suresh.sharma3611@swiggy.com,M,35,18,Bangalore,2024-08-10 00:00:00,NONE
3612,Aarav Das,9864107301,aarav.das3612@swiggy.com,F,26,15,Bangalore,2024-03-25 00:00:00,ONE
3613,Sneha Jain,7973194768,sneha.jain3613@swiggy.com,M,45,20,Bangalore,2023-10-08 00:00:00,NONE
3614,Akash Das,8238626254,akash.das3614@swiggy.com,M,33,19,Bangalore,2024-12-08 00:00:00,ONE_PLUS
3615,Sneha Reddy,9507670724,sneha.reddy3615@swiggy.com,F,32,19,Bangalore,2024-07-06 00:00:00,NONE
3616,Akash Shetty,8221090470,akash.shetty3616@swiggy.com,F,32,16,Bangalore,2024-01-13 00:00:00,ONE_LITE
3617,Saanvi Gowda,6274868719,saanvi.gowda3617@swiggy.com,F,21,18,Bangalore,2024-06-30 00:00:00,NONE
3618,Vivaan Chowdhury,8102282365,vivaan.chowdhury3618@swiggy.com,M,24,13,Bangalore,2023-11-04 00:00:00,NONE
3619,Ira Jain,7480218950,ira.jain3619@swiggy.com,M,37,19,Bangalore,2025-08-19 00:00:00,ONE
3620,Dhruv Shetty,8200186926,dhruv.shetty3620@swiggy.com,M,22,13,Bangalore,2024-06-22 00:00:00,NONE
3621,Saanvi Singh,7209987417,saanvi.singh3621@swiggy.com,F,31,12,Bangalore,2025-03-28 00:00:00,NONE
3622,Ishaan Khan,8952570631,ishaan.khan3622@swiggy.com,F,29,12,Bangalore,2024-07-06 00:00:00,NONE
3623,Ira Pillai,7940346401,ira.pillai3623@swiggy.com,M,21,18,Bangalore,2024-03-06 00:00:00,NONE
3624,Arjun Jain,9473263838,arjun.jain3624@swiggy.com,F,30,12,Bangalore,2023-08-07 00:00:00,NONE
3625,Nikhil Khan,7081293998,nikhil.khan3625@swiggy.com,M,26,13,Bangalore,2025-07-31 00:00:00,NONE
3626,Aarav Bose,8808299229,aarav.bose3626@swiggy.com,M,36,20,Bangalore,2024-12-28 00:00:00,ONE
3627,Suresh Gowda,6128672289,suresh.gowda3627@swiggy.com,M,37,20,Bangalore,2025-02-16 00:00:00,ONE_LITE
3628,Pooja Desai,6220231224,pooja.desai3628@swiggy.com,F,23,12,Bangalore,2024-08-26 00:00:00,NONE
3629,Dhruv Chowdhury,9771187572,dhruv.chowdhury3629@swiggy.com,F,33,16,Bangalore,2024-07-19 00:00:00,NONE
3630,Varun Pillai,8829451252,varun.pillai3630@swiggy.com,M,29,16,Bangalore,2025-11-10 00:00:00,ONE_PLUS
3631,Riya Gowda,6356449797,riya.gowda3631@swiggy.com,F,34,17,Bangalore,2023-12-09 00:00:00,ONE
3632,Pooja Naidu,8213777862,pooja.naidu3632@swiggy.com,F,18,16,Bangalore,2025-03-15 00:00:00,NONE
3633,Dhruv Singh,8198902042,dhruv.singh3633@swiggy.com,M,42,12,Bangalore,2025-05-21 00:00:00,NONE
3634,Rohit Sharma,6229665442,rohit.sharma3634@swiggy.com,F,18,18,Bangalore,2025-10-08 00:00:00,ONE
3635,Vihaan Reddy,7916365714,vihaan.reddy3635@swiggy.com,M,33,16,Bangalore,2025-06-17 00:00:00,NONE
3636,Aditya Chowdhury,7873105756,aditya.chowdhury3636@swiggy.com,M,44,14,Bangalore,2025-06-18 00:00:00,NONE
3637,Rohit Iyer,9976254852,rohit.iyer3637@swiggy.com,M,32,19,Bangalore,2023-12-01 00:00:00,NONE
3638,Reyansh Gupta,8656938126,reyansh.gupta3638@swiggy.com,F,44,11,Bangalore,2024-10-02 00:00:00,ONE
3639,Riya Rao,8628862221,riya.rao3639@swiggy.com,F,18,12,Bangalore,2023-10-02 00:00:00,NONE
3640,Riya Iyer,6232226667,riya.iyer3640@swiggy.com,M,32,11,Bangalore,2025-11-02 00:00:00,ONE_LITE
3641,Reyansh Singh,8879119148,reyansh.singh3641@swiggy.com,M,25,13,Bangalore,2025-01-18 00:00:00,ONE
3642,Akash Gowda,9031986412,akash.gowda3642@swiggy.com,F,32,20,Bangalore,2024-09-11 00:00:00,NONE
3643,Sai Sharma,6358385095,sai.sharma3643@swiggy.com,M,21,20,Bangalore,2024-11-24 00:00:00,ONE
3644,Anika Desai,9439980320,anika.desai3644@swiggy.com,F,19,18,Bangalore,2024-06-27 00:00:00,ONE_LITE
3645,Myra Nair,9182334090,myra.nair3645@swiggy.com,M,27,13,Bangalore,2024-08-07 00:00:00,ONE_LITE
3646,Nikhil Pillai,7435946584,nikhil.pillai3646@swiggy.com,F,41,17,Bangalore,2024-10-03 00:00:00,NONE
3647,Kiran Pillai,7830389150,kiran.pillai3647@swiggy.com,F,46,12,Bangalore,2023-10-27 00:00:00,ONE_PLUS
3648,Ira Gupta,6931169727,ira.gupta3648@swiggy.com,M,38,13,Bangalore,2025-05-15 00:00:00,ONE
3649,Arjun Nair,8200765961,arjun.nair3649@swiggy.com,F,26,12,Bangalore,2025-10-05 00:00:00,NONE
3650,Sai Kulkarni,7883872384,sai.kulkarni3650@swiggy.com,M,37,13,Bangalore,2024-04-17 00:00:00,NONE
3651,Aadhya Desai,9233782821,aadhya.desai3651@swiggy.com,F,38,12,Bangalore,2025-01-27 00:00:00,NONE
3652,Ira Rao,6714634652,ira.rao3652@swiggy.com,F,27,15,Bangalore,2024-09-06 00:00:00,NONE
3653,Ananya Shetty,8276372936,ananya.shetty3653@swiggy.com,F,46,16,Bangalore,2023-10-20 00:00:00,NONE
3654,Diya Jain,8469636188,diya.jain3654@swiggy.com,M,40,19,Bangalore,2025-10-05 00:00:00,NONE
3655,Akash Khan,9103828610,akash.khan3655@swiggy.com,M,39,20,Bangalore,2024-07-18 00:00:00,NONE
3656,Neha Shetty,7036284905,neha.shetty3656@swiggy.com,F,47,16,Bangalore,2025-02-14 00:00:00,ONE_LITE
3657,Kiara Chowdhury,8373359222,kiara.chowdhury3657@swiggy.com,M,19,19,Bangalore,2025-10-31 00:00:00,NONE
3658,Aadhya Gowda,6577232159,aadhya.gowda3658@swiggy.com,F,33,19,Bangalore,2024-08-25 00:00:00,NONE
3659,Diya Chowdhury,8735546388,diya.chowdhury3659@swiggy.com,F,18,15,Bangalore,2025-04-23 00:00:00,ONE_LITE
3660,Sneha Das,6972715544,sneha.das3660@swiggy.com,F,24,18,Bangalore,2024-06-10 00:00:00,ONE_PLUS
3661,Aadhya Patel,9889688407,aadhya.patel3661@swiggy.com,F,22,20,Bangalore,2025-03-05 00:00:00,NONE
3662,Anika Naidu,6328001793,anika.naidu3662@swiggy.com,M,39,20,Bangalore,2024-03-06 00:00:00,NONE
3663,Diya Gupta,7078302152,diya.gupta3663@swiggy.com,F,37,20,Bangalore,2024-02-10 00:00:00,NONE
3664,Rohit Reddy,9282964786,rohit.reddy3664@swiggy.com,M,24,12,Bangalore,2025-04-15 00:00:00,ONE_PLUS
3665,Vivaan Gupta,6450571775,vivaan.gupta3665@swiggy.com,F,36,12,Bangalore,2024-01-24 00:00:00,NONE
3666,Vivaan Iyer,9488794612,vivaan.iyer3666@swiggy.com,M,36,20,Bangalore,2025-02-28 00:00:00,NONE
3667,Vivaan Pillai,6464914513,vivaan.pillai3667@swiggy.com,F,35,18,Bangalore,2024-04-01 00:00:00,ONE_LITE
3668,Dhruv Das,9003664206,dhruv.das3668@swiggy.com,F,27,13,Bangalore,2024-07-13 00:00:00,NONE
3669,Kiara Gupta,8367385309,kiara.gupta3669@swiggy.com,M,18,11,Bangalore,2025-09-24 00:00:00,ONE_LITE
3670,Myra Sharma,9481971175,myra.sharma3670@swiggy.com,M,36,14,Bangalore,2023-08-20 00:00:00,NONE
3671,Vivaan Kulkarni,9809878975,vivaan.kulkarni3671@swiggy.com,M,35,14,Bangalore,2024-03-09 00:00:00,NONE
3672,Anika Patel,9794540816,anika.patel3672@swiggy.com,F,42,15,Bangalore,2023-11-15 00:00:00,NONE
3673,Neha Das,8857352195,neha.das3673@swiggy.com,F,21,12,Bangalore,2025-09-05 00:00:00,ONE_LITE
3674,Rahul Nair,9410807823,rahul.nair3674@swiggy.com,F,34,16,Bangalore,2024-06-26 00:00:00,NONE
3675,Ananya Kulkarni,9979178679,ananya.kulkarni3675@swiggy.com,M,26,20,Bangalore,2024-10-24 00:00:00,NONE
3676,Kiara Sharma,7696908296,kiara.sharma3676@swiggy.com,M,24,15,Bangalore,2024-02-15 00:00:00,NONE
3677,Krishna Khan,7114354161,krishna.khan3677@swiggy.com,F,18,13,Bangalore,2024-09-25 00:00:00,NONE
3678,Aarav Nair,9666015487,aarav.nair3678@swiggy.com,M,36,11,Bangalore,2025-06-22 00:00:00,NONE
3679,Dhruv Chowdhury,8175410986,dhruv.chowdhury3679@swiggy.com,M,43,18,Bangalore,2025-02-14 00:00:00,NONE
3680,Kiran Bose,6487450176,kiran.bose3680@swiggy.com,M,18,14,Bangalore,2025-10-26 00:00:00,NONE
3681,Dhruv Gowda,9962714858,dhruv.gowda3681@swiggy.com,F,33,17,Bangalore,2024-01-31 00:00:00,NONE
3682,Kiara Jain,7934928611,kiara.jain3682@swiggy.com,M,35,16,Bangalore,2024-02-13 00:00:00,ONE_LITE
3683,Kiara Bose,8619429787,kiara.bose3683@swiggy.com,F,41,13,Bangalore,2024-08-08 00:00:00,NONE
3684,Reyansh Pillai,7187724366,reyansh.pillai3684@swiggy.com,F,40,17,Bangalore,2025-01-03 00:00:00,NONE
3685,Aarav Reddy,8682478539,aarav.reddy3685@swiggy.com,M,35,14,Bangalore,2023-11-11 00:00:00,NONE
3686,Sai Gupta,8939723511,sai.gupta3686@swiggy.com,M,27,19,Bangalore,2024-05-10 00:00:00,NONE
3687,Suresh Das,7763910726,suresh.das3687@swiggy.com,F,37,19,Bangalore,2024-03-24 00:00:00,NONE
3688,Vihaan Gupta,8843703490,vihaan.gupta3688@swiggy.com,M,43,19,Bangalore,2025-11-27 00:00:00,NONE
3689,Vihaan Iyer,7756823610,vihaan.iyer3689@swiggy.com,M,31,15,Bangalore,2025-08-28 00:00:00,ONE_LITE
3690,Myra Nair,7073846088,myra.nair3690@swiggy.com,M,35,16,Bangalore,2024-05-18 00:00:00,NONE
3691,Neha Naidu,9830950052,neha.naidu3691@swiggy.com,M,39,20,Bangalore,2023-10-18 00:00:00,ONE
3692,Vivaan Naidu,6410332441,vivaan.naidu3692@swiggy.com,F,19,14,Bangalore,2025-11-12 00:00:00,NONE
3693,Rahul Chowdhury,8311347613,rahul.chowdhury3693@swiggy.com,F,31,11,Bangalore,2023-07-27 00:00:00,NONE
3694,Vivaan Rao,7258840189,vivaan.rao3694@swiggy.com,M,38,12,Bangalore,2023-10-25 00:00:00,NONE
3695,Varun Mehta,8503923195,varun.mehta3695@swiggy.com,M,22,17,Bangalore,2023-11-20 00:00:00,ONE_LITE
3696,Varun Chowdhury,9437678983,varun.chowdhury3696@swiggy.com,F,48,14,Bangalore,2023-07-28 00:00:00,NONE
3697,Saanvi Jain,8554379486,saanvi.jain3697@swiggy.com,M,29,15,Bangalore,2024-01-25 00:00:00,NONE
3698,Riya Rao,8173606210,riya.rao3698@swiggy.com,M,18,16,Bangalore,2023-08-14 00:00:00,ONE
3699,Anika Gowda,6178432276,anika.gowda3699@swiggy.com,M,18,15,Bangalore,2024-02-15 00:00:00,NONE
3700,Kiran Gowda,6317582589,kiran.gowda3700@swiggy.com,F,33,16,Bangalore,2024-09-03 00:00:00,ONE_LITE
3701,Suresh Naidu,7795816428,suresh.naidu3701@swiggy.com,M,34,11,Bangalore,2025-10-25 00:00:00,NONE
3702,Suresh Gupta,9133588197,suresh.gupta3702@swiggy.com,F,29,18,Bangalore,2024-01-13 00:00:00,ONE
3703,Myra Desai,9463112513,myra.desai3703@swiggy.com,O,40,12,Bangalore,2025-09-24 00:00:00,NONE
3704,Anika Mehta,7245092982,anika.mehta3704@swiggy.com,F,36,16,Bangalore,2024-09-14 00:00:00,ONE
3705,Anika Iyer,9972871474,anika.iyer3705@swiggy.com,F,35,19,Bangalore,2023-12-31 00:00:00,ONE
3706,Neha Jain,8621016694,neha.jain3706@swiggy.com,F,18,20,Bangalore,2024-09-19 00:00:00,NONE
3707,Suresh Singh,7164126705,suresh.singh3707@swiggy.com,M,26,19,Bangalore,2024-01-20 00:00:00,ONE_PLUS
3708,Pooja Nair,6619173833,pooja.nair3708@swiggy.com,M,32,16,Bangalore,2025-10-22 00:00:00,ONE
3709,Aditya Das,7820903653,aditya.das3709@swiggy.com,M,21,15,Bangalore,2025-02-02 00:00:00,NONE
3710,Diya Naidu,9536777416,diya.naidu3710@swiggy.com,M,32,11,Bangalore,2025-06-06 00:00:00,ONE
3711,Ananya Shetty,8508318872,ananya.shetty3711@swiggy.com,F,20,12,Bangalore,2024-05-13 00:00:00,ONE
3712,Myra Iyer,7569380423,myra.iyer3712@swiggy.com,F,18,20,Bangalore,2024-06-18 00:00:00,ONE_LITE
3713,Saanvi Singh,7188877850,saanvi.singh3713@swiggy.com,M,32,18,Bangalore,2023-11-03 00:00:00,ONE_LITE
3714,Nikhil Shetty,7278713745,nikhil.shetty3714@swiggy.com,M,29,14,Bangalore,2025-05-06 00:00:00,NONE
3715,Sneha Sharma,6919349403,sneha.sharma3715@swiggy.com,F,22,17,Bangalore,2024-10-10 00:00:00,NONE
3716,Kiara Desai,8494638717,kiara.desai3716@swiggy.com,M,38,16,Bangalore,2025-11-08 00:00:00,NONE
3717,Reyansh Patel,7060725552,reyansh.patel3717@swiggy.com,M,29,15,Bangalore,2024-07-07 00:00:00,NONE
3718,Nikhil Nair,9085605165,nikhil.nair3718@swiggy.com,F,32,20,Bangalore,2023-09-13 00:00:00,NONE
3719,Anika Gupta,8455528164,anika.gupta3719@swiggy.com,F,27,19,Bangalore,2025-07-26 00:00:00,NONE
3720,Vihaan Das,7089434059,vihaan.das3720@swiggy.com,F,22,20,Bangalore,2025-07-19 00:00:00,ONE
3721,Myra Kulkarni,8115015259,myra.kulkarni3721@swiggy.com,F,27,17,Bangalore,2023-11-29 00:00:00,NONE
3722,Ananya Iyer,6922874222,ananya.iyer3722@swiggy.com,F,34,17,Bangalore,2024-09-07 00:00:00,NONE
3723,Neha Singh,6873694305,neha.singh3723@swiggy.com,F,44,13,Bangalore,2023-11-28 00:00:00,NONE
3724,Ira Das,7121103511,ira.das3724@swiggy.com,M,38,13,Bangalore,2025-01-03 00:00:00,NONE
3725,Krishna Mehta,9231204946,krishna.mehta3725@swiggy.com,M,18,12,Bangalore,2023-11-03 00:00:00,ONE_LITE
3726,Ananya Rao,7626321589,ananya.rao3726@swiggy.com,F,27,19,Bangalore,2024-09-02 00:00:00,NONE
3727,Meera Shetty,9789599207,meera.shetty3727@swiggy.com,F,32,14,Bangalore,2024-03-08 00:00:00,NONE
3728,Nikhil Iyer,7036356345,nikhil.iyer3728@swiggy.com,F,20,11,Bangalore,2025-04-18 00:00:00,NONE
3729,Suresh Khan,6728031765,suresh.khan3729@swiggy.com,M,30,17,Bangalore,2023-12-22 00:00:00,ONE
3730,Sneha Iyer,9478179648,sneha.iyer3730@swiggy.com,F,30,14,Bangalore,2025-03-03 00:00:00,ONE
3731,Nikhil Shetty,9886882946,nikhil.shetty3731@swiggy.com,M,30,16,Bangalore,2024-09-22 00:00:00,NONE
3732,Dhruv Patel,9886259775,dhruv.patel3732@swiggy.com,M,18,18,Bangalore,2025-03-10 00:00:00,ONE
3733,Krishna Jain,9627546946,krishna.jain3733@swiggy.com,M,41,11,Bangalore,2025-11-15 00:00:00,ONE_LITE
3734,Akash Sharma,8003243852,akash.sharma3734@swiggy.com,F,18,13,Bangalore,2023-08-15 00:00:00,NONE
3735,Kiara Singh,6553867684,kiara.singh3735@swiggy.com,F,38,19,Bangalore,2023-09-10 00:00:00,NONE
3736,Aditya Patel,7809620803,aditya.patel3736@swiggy.com,M,33,20,Bangalore,2024-07-27 00:00:00,NONE
3737,Ishaan Bose,7056879976,ishaan.bose3737@swiggy.com,M,35,13,Bangalore,2023-08-31 00:00:00,NONE
3738,Kiara Das,7101380203,kiara.das3738@swiggy.com,M,35,17,Bangalore,2024-10-22 00:00:00,NONE
3739,Vihaan Patel,7704489238,vihaan.patel3739@swiggy.com,M,25,13,Bangalore,2025-03-05 00:00:00,ONE
3740,Aadhya Singh,6076580029,aadhya.singh3740@swiggy.com,M,31,15,Bangalore,2024-03-23 00:00:00,ONE_LITE
3741,Nikhil Bose,6072953174,nikhil.bose3741@swiggy.com,M,36,20,Bangalore,2025-06-12 00:00:00,ONE
3742,Arjun Patel,8364022831,arjun.patel3742@swiggy.com,M,25,18,Bangalore,2024-11-07 00:00:00,NONE
3743,Krishna Mehta,7291905393,krishna.mehta3743@swiggy.com,M,31,19,Bangalore,2024-02-25 00:00:00,NONE
3744,Reyansh Patel,6042877228,reyansh.patel3744@swiggy.com,F,32,11,Bangalore,2025-06-01 00:00:00,NONE
3745,Aditya Mehta,6158838774,aditya.mehta3745@swiggy.com,F,36,13,Bangalore,2025-01-13 00:00:00,NONE
3746,Arjun Gowda,8084427030,arjun.gowda3746@swiggy.com,M,18,15,Bangalore,2023-11-13 00:00:00,NONE
3747,Ananya Reddy,6640166723,ananya.reddy3747@swiggy.com,M,27,18,Bangalore,2023-10-04 00:00:00,NONE
3748,Varun Das,7031030495,varun.das3748@swiggy.com,M,44,12,Bangalore,2024-02-29 00:00:00,ONE_PLUS
3749,Kiara Das,8892564084,kiara.das3749@swiggy.com,F,37,17,Bangalore,2023-09-22 00:00:00,ONE_LITE
3750,Anika Bose,8866037089,anika.bose3750@swiggy.com,M,33,13,Bangalore,2025-09-21 00:00:00,ONE
3751,Arjun Shetty,6541234921,arjun.shetty3751@swiggy.com,M,18,11,Bangalore,2025-11-26 00:00:00,ONE_LITE
3752,Riya Pillai,6574728357,riya.pillai3752@swiggy.com,F,31,11,Bangalore,2025-04-17 00:00:00,ONE_LITE
3753,Nikhil Pillai,6578656611,nikhil.pillai3753@swiggy.com,M,37,12,Bangalore,2024-01-23 00:00:00,NONE
3754,Anika Naidu,8384462397,anika.naidu3754@swiggy.com,F,33,14,Bangalore,2023-11-19 00:00:00,NONE
3755,Aadhya Mehta,7463301742,aadhya.mehta3755@swiggy.com,M,31,18,Bangalore,2024-06-01 00:00:00,NONE
3756,Ishaan Naidu,8193214327,ishaan.naidu3756@swiggy.com,M,21,19,Bangalore,2025-08-05 00:00:00,ONE
3757,Reyansh Kulkarni,7964071941,reyansh.kulkarni3757@swiggy.com,M,28,11,Bangalore,2024-04-21 00:00:00,ONE_PLUS
3758,Myra Das,9258909013,myra.das3758@swiggy.com,F,19,15,Bangalore,2024-07-12 00:00:00,ONE_LITE
3759,Nikhil Das,7145586667,nikhil.das3759@swiggy.com,F,37,19,Bangalore,2024-01-04 00:00:00,NONE
3760,Neha Gowda,8211445575,neha.gowda3760@swiggy.com,M,18,14,Bangalore,2023-10-16 00:00:00,ONE_PLUS
3761,Aadhya Chowdhury,9928459311,aadhya.chowdhury3761@swiggy.com,F,18,19,Bangalore,2025-06-27 00:00:00,ONE
3762,Saanvi Gowda,8492615535,saanvi.gowda3762@swiggy.com,M,28,16,Bangalore,2025-10-20 00:00:00,NONE
3763,Aarav Gupta,8919770317,aarav.gupta3763@swiggy.com,F,28,20,Bangalore,2024-10-10 00:00:00,ONE
3764,Rahul Das,8584474789,rahul.das3764@swiggy.com,M,31,17,Bangalore,2024-01-19 00:00:00,NONE
3765,Riya Singh,9506352495,riya.singh3765@swiggy.com,O,20,14,Bangalore,2023-12-10 00:00:00,NONE
3766,Krishna Sharma,7240491172,krishna.sharma3766@swiggy.com,F,39,20,Bangalore,2025-04-08 00:00:00,ONE
3767,Kiran Singh,6135266870,kiran.singh3767@swiggy.com,F,22,15,Bangalore,2024-05-07 00:00:00,NONE
3768,Dhruv Reddy,6234242541,dhruv.reddy3768@swiggy.com,M,25,13,Bangalore,2024-04-12 00:00:00,NONE
3769,Kiran Chowdhury,7045622665,kiran.chowdhury3769@swiggy.com,M,34,17,Bangalore,2024-01-21 00:00:00,NONE
3770,Anika Gowda,6467162796,anika.gowda3770@swiggy.com,F,24,11,Bangalore,2025-10-31 00:00:00,ONE_PLUS
3771,Sneha Jain,9377363227,sneha.jain3771@swiggy.com,M,25,16,Bangalore,2025-09-22 00:00:00,NONE
3772,Pooja Mehta,6104964116,pooja.mehta3772@swiggy.com,F,26,14,Bangalore,2024-11-02 00:00:00,ONE_LITE
3773,Suresh Iyer,7920104308,suresh.iyer3773@swiggy.com,F,21,15,Bangalore,2024-11-05 00:00:00,ONE_LITE
3774,Sneha Gowda,6766250322,sneha.gowda3774@swiggy.com,M,18,17,Bangalore,2023-08-26 00:00:00,ONE_LITE
3775,Rahul Gowda,9148078480,rahul.gowda3775@swiggy.com,M,26,19,Bangalore,2024-11-06 00:00:00,NONE
3776,Sneha Gowda,9938358811,sneha.gowda3776@swiggy.com,F,27,17,Bangalore,2024-03-11 00:00:00,ONE
3777,Ananya Desai,6321399371,ananya.desai3777@swiggy.com,M,22,15,Bangalore,2025-03-10 00:00:00,NONE
3778,Aadhya Iyer,6452053550,aadhya.iyer3778@swiggy.com,M,36,20,Bangalore,2024-04-18 00:00:00,NONE
3779,Suresh Das,7704841785,suresh.das3779@swiggy.com,F,24,11,Bangalore,2024-12-05 00:00:00,NONE
3780,Vivaan Chowdhury,9089656812,vivaan.chowdhury3780@swiggy.com,M,35,18,Bangalore,2025-02-02 00:00:00,NONE
3781,Myra Chowdhury,6159065015,myra.chowdhury3781@swiggy.com,O,35,13,Bangalore,2024-05-18 00:00:00,NONE
3782,Diya Sharma,8751427395,diya.sharma3782@swiggy.com,F,48,11,Bangalore,2025-01-03 00:00:00,ONE
3783,Riya Pillai,9529529833,riya.pillai3783@swiggy.com,M,34,16,Bangalore,2025-03-03 00:00:00,ONE
3784,Nikhil Shetty,6696353433,nikhil.shetty3784@swiggy.com,F,20,12,Bangalore,2024-02-29 00:00:00,NONE
3785,Sneha Sharma,7306368381,sneha.sharma3785@swiggy.com,F,33,14,Bangalore,2025-10-30 00:00:00,ONE_LITE
3786,Vivaan Das,6684093968,vivaan.das3786@swiggy.com,F,27,14,Bangalore,2024-12-20 00:00:00,NONE
3787,Aadhya Rao,6355846206,aadhya.rao3787@swiggy.com,M,27,16,Bangalore,2024-02-07 00:00:00,NONE
3788,Ishaan Rao,8880180777,ishaan.rao3788@swiggy.com,F,42,18,Bangalore,2025-02-28 00:00:00,NONE
3789,Sneha Reddy,9049207816,sneha.reddy3789@swiggy.com,F,20,17,Bangalore,2023-08-23 00:00:00,NONE
3790,Aditya Patel,9851671416,aditya.patel3790@swiggy.com,F,45,14,Bangalore,2025-06-08 00:00:00,NONE
3791,Neha Khan,8095029257,neha.khan3791@swiggy.com,M,19,19,Bangalore,2025-08-08 00:00:00,NONE
3792,Dhruv Nair,8871468448,dhruv.nair3792@swiggy.com,F,34,11,Bangalore,2025-04-29 00:00:00,NONE
3793,Ira Pillai,9799003569,ira.pillai3793@swiggy.com,M,32,19,Bangalore,2024-10-21 00:00:00,NONE
3794,Vihaan Kulkarni,6880032568,vihaan.kulkarni3794@swiggy.com,F,19,14,Bangalore,2024-05-19 00:00:00,ONE_LITE
3795,Meera Patel,9949729978,meera.patel3795@swiggy.com,M,28,16,Bangalore,2024-08-20 00:00:00,NONE
3796,Vihaan Desai,9924863100,vihaan.desai3796@swiggy.com,M,22,19,Bangalore,2023-08-24 00:00:00,ONE
3797,Ira Naidu,6353833763,ira.naidu3797@swiggy.com,M,44,17,Bangalore,2024-11-20 00:00:00,NONE
3798,Saanvi Das,6363512271,saanvi.das3798@swiggy.com,F,38,18,Bangalore,2023-08-29 00:00:00,ONE_LITE
3799,Pooja Das,8142861603,pooja.das3799@swiggy.com,M,38,19,Bangalore,2025-08-15 00:00:00,NONE
3800,Kiara Khan,6239672601,kiara.khan3800@swiggy.com,F,18,13,Bangalore,2024-05-15 00:00:00,ONE_LITE
3801,Ira Patel,9981542487,ira.patel3801@swiggy.com,F,31,14,Bangalore,2024-12-09 00:00:00,ONE_LITE
3802,Suresh Shetty,8787436941,suresh.shetty3802@swiggy.com,M,38,18,Bangalore,2025-06-06 00:00:00,ONE
3803,Kiara Pillai,7659861676,kiara.pillai3803@swiggy.com,F,41,13,Bangalore,2024-12-08 00:00:00,ONE_LITE
3804,Aarav Chowdhury,6328145473,aarav.chowdhury3804@swiggy.com,M,25,18,Bangalore,2025-01-20 00:00:00,ONE_LITE
3805,Saanvi Bose,9352211552,saanvi.bose3805@swiggy.com,M,18,16,Bangalore,2024-09-04 00:00:00,ONE_LITE
3806,Anika Naidu,7195432047,anika.naidu3806@swiggy.com,F,39,16,Bangalore,2025-09-09 00:00:00,NONE
3807,Varun Nair,7613226310,varun.nair3807@swiggy.com,M,36,18,Bangalore,2025-10-09 00:00:00,NONE
3808,Riya Patel,7463993414,riya.patel3808@swiggy.com,M,34,16,Bangalore,2024-11-02 00:00:00,NONE
3809,Aarav Gowda,9204064541,aarav.gowda3809@swiggy.com,F,30,19,Bangalore,2025-02-24 00:00:00,NONE
3810,Vihaan Mehta,7056351425,vihaan.mehta3810@swiggy.com,F,31,15,Bangalore,2024-12-09 00:00:00,ONE
3811,Riya Nair,6785525835,riya.nair3811@swiggy.com,M,24,18,Bangalore,2025-06-01 00:00:00,NONE
3812,Sneha Rao,8960509773,sneha.rao3812@swiggy.com,F,46,19,Bangalore,2025-07-07 00:00:00,ONE_LITE
3813,Aarav Khan,9630376658,aarav.khan3813@swiggy.com,M,18,15,Bangalore,2024-12-14 00:00:00,NONE
3814,Krishna Sharma,9163719124,krishna.sharma3814@swiggy.com,M,24,18,Bangalore,2025-04-05 00:00:00,ONE
3815,Sneha Kulkarni,9229305222,sneha.kulkarni3815@swiggy.com,F,21,17,Bangalore,2024-03-10 00:00:00,ONE_LITE
3816,Ira Desai,7507789587,ira.desai3816@swiggy.com,F,21,13,Bangalore,2025-06-12 00:00:00,ONE
3817,Krishna Desai,6246876644,krishna.desai3817@swiggy.com,M,33,16,Bangalore,2025-08-21 00:00:00,NONE
3818,Ananya Iyer,7629300602,ananya.iyer3818@swiggy.com,F,20,11,Bangalore,2023-12-11 00:00:00,ONE_LITE
3819,Dhruv Sharma,8698104566,dhruv.sharma3819@swiggy.com,M,20,16,Bangalore,2024-09-24 00:00:00,ONE
3820,Kiara Jain,8349163539,kiara.jain3820@swiggy.com,F,22,13,Bangalore,2025-05-18 00:00:00,NONE
3821,Arjun Kulkarni,9624124331,arjun.kulkarni3821@swiggy.com,F,25,20,Bangalore,2025-06-09 00:00:00,ONE_LITE
3822,Nikhil Chowdhury,7921447000,nikhil.chowdhury3822@swiggy.com,F,29,19,Bangalore,2023-07-15 00:00:00,NONE
3823,Rahul Iyer,8276532771,rahul.iyer3823@swiggy.com,M,37,13,Bangalore,2025-07-20 00:00:00,ONE_LITE
3824,Suresh Chowdhury,8836774556,suresh.chowdhury3824@swiggy.com,F,35,15,Bangalore,2025-02-06 00:00:00,NONE
3825,Varun Chowdhury,8511826132,varun.chowdhury3825@swiggy.com,F,20,20,Bangalore,2024-09-18 00:00:00,NONE
3826,Aditya Desai,9462390797,aditya.desai3826@swiggy.com,M,18,16,Bangalore,2025-06-03 00:00:00,NONE
3827,Kiran Naidu,7494380090,kiran.naidu3827@swiggy.com,F,19,20,Bangalore,2023-08-22 00:00:00,ONE_LITE
3828,Aarav Shetty,8872331845,aarav.shetty3828@swiggy.com,M,26,14,Bangalore,2023-08-12 00:00:00,NONE
3829,Arjun Pillai,7909942177,arjun.pillai3829@swiggy.com,M,42,13,Bangalore,2025-05-16 00:00:00,NONE
3830,Reyansh Kulkarni,8916216484,reyansh.kulkarni3830@swiggy.com,F,31,12,Bangalore,2025-01-29 00:00:00,NONE
3831,Vivaan Iyer,9671151973,vivaan.iyer3831@swiggy.com,F,18,19,Bangalore,2023-08-21 00:00:00,ONE_LITE
3832,Neha Jain,6601377088,neha.jain3832@swiggy.com,F,23,16,Bangalore,2024-11-29 00:00:00,ONE
3833,Anika Rao,8171234954,anika.rao3833@swiggy.com,M,24,18,Bangalore,2025-09-04 00:00:00,NONE
3834,Diya Reddy,8832950664,diya.reddy3834@swiggy.com,F,30,13,Bangalore,2024-02-21 00:00:00,NONE
3835,Riya Desai,9454535569,riya.desai3835@swiggy.com,F,22,20,Bangalore,2025-09-08 00:00:00,NONE
3836,Vihaan Bose,7586212656,vihaan.bose3836@swiggy.com,F,37,20,Bangalore,2024-02-05 00:00:00,ONE_LITE
3837,Dhruv Iyer,7349532943,dhruv.iyer3837@swiggy.com,M,37,11,Bangalore,2025-07-05 00:00:00,NONE
3838,Varun Singh,9175495893,varun.singh3838@swiggy.com,M,30,14,Bangalore,2025-06-11 00:00:00,ONE_LITE
3839,Suresh Jain,8039064873,suresh.jain3839@swiggy.com,M,43,19,Bangalore,2023-07-28 00:00:00,ONE_LITE
3840,Pooja Rao,8797622034,pooja.rao3840@swiggy.com,F,35,20,Bangalore,2025-03-13 00:00:00,NONE
3841,Rohit Sharma,8450955334,rohit.sharma3841@swiggy.com,F,32,11,Bangalore,2025-05-02 00:00:00,ONE_LITE
3842,Sneha Chowdhury,7291223717,sneha.chowdhury3842@swiggy.com,M,27,14,Bangalore,2024-12-23 00:00:00,ONE
3843,Vivaan Das,8677810268,vivaan.das3843@swiggy.com,M,37,19,Bangalore,2024-09-10 00:00:00,NONE
3844,Vihaan Kulkarni,9731075002,vihaan.kulkarni3844@swiggy.com,F,38,20,Bangalore,2024-04-08 00:00:00,NONE
3845,Rahul Jain,8969728144,rahul.jain3845@swiggy.com,F,18,15,Bangalore,2024-07-25 00:00:00,NONE
3846,Reyansh Khan,8229381094,reyansh.khan3846@swiggy.com,M,25,16,Bangalore,2023-12-20 00:00:00,NONE
3847,Aadhya Khan,6536489515,aadhya.khan3847@swiggy.com,F,31,15,Bangalore,2025-07-09 00:00:00,ONE_LITE
3848,Meera Patel,8177398756,meera.patel3848@swiggy.com,M,28,19,Bangalore,2024-02-03 00:00:00,ONE_LITE
3849,Sai Reddy,6504281830,sai.reddy3849@swiggy.com,M,34,18,Bangalore,2025-11-26 00:00:00,ONE_LITE
3850,Rahul Gupta,8106324450,rahul.gupta3850@swiggy.com,F,31,18,Bangalore,2024-12-13 00:00:00,ONE
3851,Nikhil Singh,7513440122,nikhil.singh3851@swiggy.com,M,23,14,Bangalore,2024-08-06 00:00:00,ONE_LITE
3852,Akash Shetty,7958279092,akash.shetty3852@swiggy.com,M,20,11,Bangalore,2025-05-07 00:00:00,ONE_LITE
3853,Aditya Gowda,6569761440,aditya.gowda3853@swiggy.com,M,34,12,Bangalore,2024-11-27 00:00:00,NONE
3854,Aarav Bose,9966352333,aarav.bose3854@swiggy.com,F,18,15,Bangalore,2025-04-24 00:00:00,ONE
3855,Saanvi Iyer,8449109317,saanvi.iyer3855@swiggy.com,F,18,17,Bangalore,2024-09-11 00:00:00,ONE_LITE
3856,Arjun Kulkarni,8853174622,arjun.kulkarni3856@swiggy.com,M,29,13,Bangalore,2025-04-24 00:00:00,ONE
3857,Myra Rao,7592164930,myra.rao3857@swiggy.com,F,26,17,Bangalore,2024-11-29 00:00:00,NONE
3858,Aditya Naidu,8997021242,aditya.naidu3858@swiggy.com,M,19,17,Bangalore,2025-02-05 00:00:00,NONE
3859,Aarav Patel,6140121103,aarav.patel3859@swiggy.com,M,38,18,Bangalore,2024-12-20 00:00:00,NONE
3860,Rahul Nair,8842410949,rahul.nair3860@swiggy.com,F,34,17,Bangalore,2024-03-18 00:00:00,NONE
3861,Krishna Nair,6467646369,krishna.nair3861@swiggy.com,M,33,16,Bangalore,2025-02-09 00:00:00,NONE
3862,Kiara Das,8076216587,kiara.das3862@swiggy.com,F,20,17,Bangalore,2024-03-27 00:00:00,NONE
3863,Vihaan Rao,9196463266,vihaan.rao3863@swiggy.com,F,35,13,Bangalore,2023-08-19 00:00:00,ONE
3864,Vihaan Mehta,6399775536,vihaan.mehta3864@swiggy.com,M,31,19,Bangalore,2024-12-02 00:00:00,NONE
3865,Pooja Das,8894343009,pooja.das3865@swiggy.com,F,26,17,Bangalore,2025-10-29 00:00:00,ONE_LITE
3866,Rohit Desai,8617945957,rohit.desai3866@swiggy.com,M,19,17,Bangalore,2025-09-17 00:00:00,NONE
3867,Anika Reddy,8077274877,anika.reddy3867@swiggy.com,F,28,11,Bangalore,2024-09-20 00:00:00,NONE
3868,Sai Sharma,8408125835,sai.sharma3868@swiggy.com,F,44,12,Bangalore,2025-09-08 00:00:00,ONE_LITE
3869,Sneha Patel,8519410235,sneha.patel3869@swiggy.com,M,42,16,Bangalore,2023-12-09 00:00:00,NONE
3870,Anika Pillai,7069695747,anika.pillai3870@swiggy.com,F,31,14,Bangalore,2025-04-12 00:00:00,NONE
3871,Rohit Rao,8493451367,rohit.rao3871@swiggy.com,M,22,19,Bangalore,2023-08-07 00:00:00,NONE
3872,Anika Nair,6336734181,anika.nair3872@swiggy.com,F,25,13,Bangalore,2025-07-17 00:00:00,ONE
3873,Kiara Iyer,7695256571,kiara.iyer3873@swiggy.com,F,29,11,Bangalore,2024-11-01 00:00:00,NONE
3874,Anika Chowdhury,9000292120,anika.chowdhury3874@swiggy.com,M,41,13,Bangalore,2023-07-18 00:00:00,ONE_LITE
3875,Nikhil Iyer,6521699729,nikhil.iyer3875@swiggy.com,M,27,19,Bangalore,2025-08-01 00:00:00,ONE_LITE
3876,Dhruv Khan,8485589159,dhruv.khan3876@swiggy.com,F,31,11,Bangalore,2025-02-11 00:00:00,ONE
3877,Akash Patel,6032641855,akash.patel3877@swiggy.com,M,52,15,Bangalore,2023-10-09 00:00:00,NONE
3878,Varun Das,8151093720,varun.das3878@swiggy.com,F,25,16,Bangalore,2025-08-02 00:00:00,NONE
3879,Akash Shetty,8476133855,akash.shetty3879@swiggy.com,M,34,18,Bangalore,2024-10-03 00:00:00,NONE
3880,Ira Khan,7407472482,ira.khan3880@swiggy.com,F,18,12,Bangalore,2023-08-29 00:00:00,NONE
3881,Pooja Gupta,8667101613,pooja.gupta3881@swiggy.com,F,22,18,Bangalore,2025-08-11 00:00:00,NONE
3882,Vihaan Patel,7598020172,vihaan.patel3882@swiggy.com,M,27,16,Bangalore,2023-12-27 00:00:00,NONE
3883,Neha Bose,6550795863,neha.bose3883@swiggy.com,M,39,16,Bangalore,2024-02-17 00:00:00,NONE
3884,Aditya Nair,6831051565,aditya.nair3884@swiggy.com,M,18,14,Bangalore,2023-08-19 00:00:00,ONE
3885,Nikhil Rao,9581924873,nikhil.rao3885@swiggy.com,M,32,18,Bangalore,2024-06-21 00:00:00,NONE
3886,Rahul Jain,6206091010,rahul.jain3886@swiggy.com,M,40,12,Bangalore,2025-11-15 00:00:00,NONE
3887,Kiara Shetty,7688322234,kiara.shetty3887@swiggy.com,M,30,15,Bangalore,2023-07-23 00:00:00,NONE
3888,Arjun Kulkarni,6258000457,arjun.kulkarni3888@swiggy.com,M,22,20,Bangalore,2025-01-28 00:00:00,NONE
3889,Reyansh Desai,9013610078,reyansh.desai3889@swiggy.com,F,20,14,Bangalore,2025-03-20 00:00:00,ONE
3890,Aarav Nair,9375247597,aarav.nair3890@swiggy.com,F,24,12,Bangalore,2024-07-27 00:00:00,ONE
3891,Kiara Singh,8579855562,kiara.singh3891@swiggy.com,M,32,11,Bangalore,2024-03-24 00:00:00,NONE
3892,Varun Jain,9348371774,varun.jain3892@swiggy.com,M,29,15,Bangalore,2025-03-12 00:00:00,NONE
3893,Diya Naidu,9754995994,diya.naidu3893@swiggy.com,F,20,14,Bangalore,2024-02-01 00:00:00,NONE
3894,Aditya Gowda,9008489240,aditya.gowda3894@swiggy.com,F,25,13,Bangalore,2025-05-13 00:00:00,ONE_LITE
3895,Aadhya Pillai,8852770847,aadhya.pillai3895@swiggy.com,F,24,19,Bangalore,2023-09-07 00:00:00,ONE_LITE
3896,Myra Iyer,8839392633,myra.iyer3896@swiggy.com,M,28,16,Bangalore,2023-12-18 00:00:00,ONE_PLUS
3897,Ananya Rao,9981905666,ananya.rao3897@swiggy.com,F,18,18,Bangalore,2025-08-22 00:00:00,ONE_LITE
3898,Nikhil Desai,6451943814,nikhil.desai3898@swiggy.com,F,32,20,Bangalore,2025-05-15 00:00:00,ONE
3899,Aarav Khan,8387520504,aarav.khan3899@swiggy.com,M,18,12,Bangalore,2024-12-05 00:00:00,ONE_LITE
3900,Krishna Reddy,7291664318,krishna.reddy3900@swiggy.com,F,20,19,Bangalore,2023-10-31 00:00:00,ONE_PLUS
3901,Kiran Khan,8958000298,kiran.khan3901@swiggy.com,M,22,11,Bangalore,2025-09-22 00:00:00,ONE_LITE
3902,Dhruv Bose,9138471350,dhruv.bose3902@swiggy.com,F,27,16,Bangalore,2024-05-09 00:00:00,NONE
3903,Riya Kulkarni,9197521605,riya.kulkarni3903@swiggy.com,M,26,20,Bangalore,2025-10-11 00:00:00,ONE
3904,Kiara Gupta,6855349441,kiara.gupta3904@swiggy.com,F,35,20,Bangalore,2025-08-05 00:00:00,NONE
3905,Saanvi Iyer,6941495261,saanvi.iyer3905@swiggy.com,F,41,18,Bangalore,2024-01-10 00:00:00,ONE
3906,Vihaan Desai,7764576262,vihaan.desai3906@swiggy.com,F,32,17,Bangalore,2024-02-29 00:00:00,ONE
3907,Myra Singh,9378490428,myra.singh3907@swiggy.com,F,29,13,Bangalore,2023-09-05 00:00:00,ONE_LITE
3908,Meera Pillai,6497818155,meera.pillai3908@swiggy.com,F,40,19,Bangalore,2025-09-06 00:00:00,NONE
3909,Akash Jain,9211266535,akash.jain3909@swiggy.com,M,27,11,Bangalore,2024-09-05 00:00:00,NONE
3910,Rohit Iyer,7033561347,rohit.iyer3910@swiggy.com,F,33,13,Bangalore,2024-05-18 00:00:00,NONE
3911,Rohit Shetty,6925523235,rohit.shetty3911@swiggy.com,M,38,14,Bangalore,2024-10-03 00:00:00,NONE
3912,Sai Iyer,9852651471,sai.iyer3912@swiggy.com,F,18,14,Bangalore,2023-10-10 00:00:00,ONE_LITE
3913,Akash Reddy,9676967888,akash.reddy3913@swiggy.com,F,18,18,Bangalore,2024-04-27 00:00:00,NONE
3914,Myra Das,9453007371,myra.das3914@swiggy.com,F,33,15,Bangalore,2024-10-17 00:00:00,ONE_LITE
3915,Diya Naidu,9096053789,diya.naidu3915@swiggy.com,M,25,18,Bangalore,2023-12-19 00:00:00,ONE_LITE
3916,Aarav Reddy,9720487609,aarav.reddy3916@swiggy.com,F,22,16,Bangalore,2024-11-10 00:00:00,NONE
3917,Saanvi Desai,6188013585,saanvi.desai3917@swiggy.com,F,21,18,Bangalore,2025-06-20 00:00:00,NONE
3918,Aarav Kulkarni,8412437961,aarav.kulkarni3918@swiggy.com,M,20,20,Bangalore,2023-12-11 00:00:00,NONE
3919,Varun Jain,8816843462,varun.jain3919@swiggy.com,M,40,14,Bangalore,2025-06-24 00:00:00,ONE
3920,Sneha Pillai,7211751655,sneha.pillai3920@swiggy.com,M,28,17,Bangalore,2024-10-26 00:00:00,ONE_LITE
3921,Vivaan Singh,6389433753,vivaan.singh3921@swiggy.com,F,25,19,Bangalore,2023-11-13 00:00:00,NONE
3922,Aditya Bose,8242368653,aditya.bose3922@swiggy.com,M,34,15,Bangalore,2024-11-17 00:00:00,NONE
3923,Arjun Shetty,6921543262,arjun.shetty3923@swiggy.com,F,18,17,Bangalore,2024-12-08 00:00:00,NONE
3924,Rohit Singh,6397560900,rohit.singh3924@swiggy.com,F,35,19,Bangalore,2024-07-26 00:00:00,NONE
3925,Sneha Shetty,6454045764,sneha.shetty3925@swiggy.com,M,34,19,Bangalore,2024-09-04 00:00:00,ONE
3926,Akash Shetty,9376849410,akash.shetty3926@swiggy.com,M,23,15,Bangalore,2023-11-11 00:00:00,NONE
3927,Nikhil Das,7078730086,nikhil.das3927@swiggy.com,F,36,14,Bangalore,2025-03-04 00:00:00,NONE
3928,Kiara Naidu,6658453164,kiara.naidu3928@swiggy.com,M,27,14,Bangalore,2023-11-29 00:00:00,ONE
3929,Vivaan Patel,6073240983,vivaan.patel3929@swiggy.com,M,30,17,Bangalore,2023-08-23 00:00:00,NONE
3930,Diya Mehta,9723936967,diya.mehta3930@swiggy.com,M,38,13,Bangalore,2025-05-23 00:00:00,NONE
3931,Neha Gupta,7151917412,neha.gupta3931@swiggy.com,F,36,19,Bangalore,2024-08-21 00:00:00,NONE
3932,Vivaan Sharma,8025075468,vivaan.sharma3932@swiggy.com,M,33,12,Bangalore,2024-07-03 00:00:00,NONE
3933,Myra Singh,8261180169,myra.singh3933@swiggy.com,M,28,16,Bangalore,2024-11-24 00:00:00,ONE_PLUS
3934,Pooja Khan,6389625653,pooja.khan3934@swiggy.com,F,34,19,Bangalore,2023-09-08 00:00:00,NONE
3935,Nikhil Singh,8194323116,nikhil.singh3935@swiggy.com,F,26,19,Bangalore,2023-08-18 00:00:00,ONE_PLUS
3936,Rahul Naidu,7936259763,rahul.naidu3936@swiggy.com,F,26,18,Bangalore,2025-10-04 00:00:00,ONE_LITE
3937,Dhruv Rao,8981827389,dhruv.rao3937@swiggy.com,M,31,11,Bangalore,2024-04-19 00:00:00,ONE_LITE
3938,Saanvi Shetty,7239907676,saanvi.shetty3938@swiggy.com,F,33,20,Bangalore,2024-05-10 00:00:00,ONE
3939,Sai Rao,7568500117,sai.rao3939@swiggy.com,F,39,11,Bangalore,2024-04-13 00:00:00,NONE
3940,Vihaan Naidu,7032387612,vihaan.naidu3940@swiggy.com,F,32,16,Bangalore,2024-01-26 00:00:00,ONE_PLUS
3941,Nikhil Pillai,6436721702,nikhil.pillai3941@swiggy.com,M,24,11,Bangalore,2025-11-26 00:00:00,NONE
3942,Suresh Mehta,8142549278,suresh.mehta3942@swiggy.com,M,23,18,Bangalore,2024-06-24 00:00:00,NONE
3943,Krishna Khan,7827940331,krishna.khan3943@swiggy.com,M,30,14,Bangalore,2025-07-07 00:00:00,NONE
3944,Varun Jain,7665129681,varun.jain3944@swiggy.com,M,27,20,Bangalore,2024-09-21 00:00:00,NONE
3945,Kiara Gowda,8712411974,kiara.gowda3945@swiggy.com,F,47,16,Bangalore,2024-07-02 00:00:00,ONE_LITE
3946,Varun Sharma,6466966838,varun.sharma3946@swiggy.com,F,21,17,Bangalore,2024-08-23 00:00:00,ONE_PLUS
3947,Suresh Singh,7690218645,suresh.singh3947@swiggy.com,F,32,16,Bangalore,2025-01-24 00:00:00,NONE
3948,Vihaan Sharma,8232688524,vihaan.sharma3948@swiggy.com,M,18,18,Bangalore,2025-04-26 00:00:00,ONE_PLUS
3949,Kiara Gupta,9880853711,kiara.gupta3949@swiggy.com,M,30,15,Bangalore,2024-11-12 00:00:00,ONE
3950,Neha Singh,7016631715,neha.singh3950@swiggy.com,M,25,13,Bangalore,2023-12-17 00:00:00,NONE
3951,Sai Chowdhury,9444776543,sai.chowdhury3951@swiggy.com,M,24,18,Bangalore,2023-08-17 00:00:00,ONE
3952,Ananya Bose,9761868267,ananya.bose3952@swiggy.com,F,38,20,Bangalore,2023-08-06 00:00:00,NONE
3953,Arjun Gupta,7718889469,arjun.gupta3953@swiggy.com,F,40,16,Bangalore,2024-09-30 00:00:00,NONE
3954,Sneha Naidu,8102705539,sneha.naidu3954@swiggy.com,F,48,11,Bangalore,2024-05-26 00:00:00,ONE
3955,Anika Chowdhury,9238188281,anika.chowdhury3955@swiggy.com,F,31,11,Bangalore,2024-06-04 00:00:00,NONE
3956,Aadhya Bose,9791033756,aadhya.bose3956@swiggy.com,F,18,18,Bangalore,2023-08-06 00:00:00,ONE_PLUS
3957,Myra Das,9191429068,myra.das3957@swiggy.com,F,23,19,Bangalore,2024-11-19 00:00:00,ONE
3958,Diya Gupta,8779963820,diya.gupta3958@swiggy.com,F,25,16,Bangalore,2025-11-12 00:00:00,NONE
3959,Pooja Jain,7425336674,pooja.jain3959@swiggy.com,M,31,17,Bangalore,2024-03-14 00:00:00,NONE
3960,Sai Chowdhury,7009062941,sai.chowdhury3960@swiggy.com,M,29,12,Bangalore,2025-02-16 00:00:00,ONE_LITE
3961,Saanvi Patel,9728113765,saanvi.patel3961@swiggy.com,M,25,19,Bangalore,2025-02-23 00:00:00,NONE
3962,Saanvi Das,8619720314,saanvi.das3962@swiggy.com,M,18,14,Bangalore,2025-04-13 00:00:00,NONE
3963,Meera Das,6060030953,meera.das3963@swiggy.com,F,37,16,Bangalore,2024-08-12 00:00:00,NONE
3964,Riya Khan,8623600356,riya.khan3964@swiggy.com,F,42,15,Bangalore,2024-07-04 00:00:00,NONE
3965,Ananya Desai,7600443392,ananya.desai3965@swiggy.com,M,31,14,Bangalore,2025-08-31 00:00:00,ONE_PLUS
3966,Ishaan Pillai,8946523931,ishaan.pillai3966@swiggy.com,M,18,19,Bangalore,2023-10-09 00:00:00,NONE
3967,Meera Iyer,8579219129,meera.iyer3967@swiggy.com,F,34,14,Bangalore,2024-02-20 00:00:00,ONE_LITE
3968,Myra Sharma,9489428604,myra.sharma3968@swiggy.com,M,18,15,Bangalore,2025-01-01 00:00:00,ONE_PLUS
3969,Vivaan Desai,7784150013,vivaan.desai3969@swiggy.com,M,30,14,Bangalore,2024-10-12 00:00:00,ONE_LITE
3970,Ananya Das,9401480938,ananya.das3970@swiggy.com,M,23,18,Bangalore,2024-08-05 00:00:00,NONE
3971,Pooja Pillai,8510045338,pooja.pillai3971@swiggy.com,F,21,12,Bangalore,2025-09-02 00:00:00,NONE
3972,Saanvi Kulkarni,8961959164,saanvi.kulkarni3972@swiggy.com,M,35,11,Bangalore,2024-04-07 00:00:00,ONE_LITE
3973,Kiara Nair,9633423253,kiara.nair3973@swiggy.com,M,23,20,Bangalore,2025-08-23 00:00:00,ONE_LITE
3974,Rohit Shetty,8087851752,rohit.shetty3974@swiggy.com,F,27,15,Bangalore,2024-01-14 00:00:00,NONE
3975,Neha Desai,9677369220,neha.desai3975@swiggy.com,F,38,11,Bangalore,2025-05-09 00:00:00,ONE
3976,Kiara Desai,8255988949,kiara.desai3976@swiggy.com,M,37,11,Bangalore,2024-06-26 00:00:00,NONE
3977,Neha Rao,8248619590,neha.rao3977@swiggy.com,M,28,18,Bangalore,2023-07-16 00:00:00,NONE
3978,Varun Singh,6612009844,varun.singh3978@swiggy.com,M,28,18,Bangalore,2025-08-31 00:00:00,ONE
3979,Nikhil Jain,9465607008,nikhil.jain3979@swiggy.com,F,21,16,Bangalore,2024-08-19 00:00:00,NONE
3980,Vivaan Shetty,9250907887,vivaan.shetty3980@swiggy.com,M,30,14,Bangalore,2025-03-28 00:00:00,NONE
3981,Vihaan Desai,9544126793,vihaan.desai3981@swiggy.com,M,46,20,Bangalore,2025-06-15 00:00:00,NONE
3982,Suresh Mehta,6583658233,suresh.mehta3982@swiggy.com,M,35,12,Bangalore,2024-06-15 00:00:00,NONE
3983,Saanvi Sharma,9249116787,saanvi.sharma3983@swiggy.com,F,36,18,Bangalore,2025-01-15 00:00:00,NONE
3984,Varun Naidu,6314673814,varun.naidu3984@swiggy.com,M,22,14,Bangalore,2024-06-11 00:00:00,ONE
3985,Vihaan Nair,8798665663,vihaan.nair3985@swiggy.com,M,29,20,Bangalore,2024-04-12 00:00:00,NONE
3986,Dhruv Pillai,6354969446,dhruv.pillai3986@swiggy.com,F,29,18,Bangalore,2023-09-09 00:00:00,NONE
3987,Vivaan Rao,7085177295,vivaan.rao3987@swiggy.com,F,26,19,Bangalore,2025-11-11 00:00:00,NONE
3988,Nikhil Mehta,9974543028,nikhil.mehta3988@swiggy.com,F,39,15,Bangalore,2024-08-06 00:00:00,NONE
3989,Pooja Nair,9771999120,pooja.nair3989@swiggy.com,F,30,16,Bangalore,2025-03-05 00:00:00,ONE_LITE
3990,Neha Rao,8758997958,neha.rao3990@swiggy.com,M,31,16,Bangalore,2024-06-19 00:00:00,NONE
3991,Nikhil Singh,6625546477,nikhil.singh3991@swiggy.com,M,41,16,Bangalore,2023-09-24 00:00:00,NONE
3992,Suresh Reddy,6166327208,suresh.reddy3992@swiggy.com,F,31,20,Bangalore,2023-09-17 00:00:00,NONE
3993,Myra Reddy,7531771668,myra.reddy3993@swiggy.com,F,30,15,Bangalore,2023-07-11 00:00:00,ONE_LITE
3994,Reyansh Gupta,6377061967,reyansh.gupta3994@swiggy.com,M,29,17,Bangalore,2025-03-27 00:00:00,ONE_LITE
3995,Sai Jain,9535407118,sai.jain3995@swiggy.com,F,29,17,Bangalore,2024-08-18 00:00:00,NONE
3996,Myra Sharma,9665112368,myra.sharma3996@swiggy.com,F,25,17,Bangalore,2024-09-19 00:00:00,NONE
3997,Varun Sharma,6898560129,varun.sharma3997@swiggy.com,M,32,13,Bangalore,2023-11-25 00:00:00,ONE
3998,Diya Sharma,7093864294,diya.sharma3998@swiggy.com,F,29,20,Bangalore,2024-02-03 00:00:00,ONE
3999,Reyansh Das,7338122930,reyansh.das3999@swiggy.com,M,44,15,Bangalore,2025-08-29 00:00:00,NONE
4000,Riya Iyer,7640115753,riya.iyer4000@swiggy.com,M,24,15,Bangalore,2023-10-26 00:00:00,NONE
